MSHX1
GROUPS  15
LABEL Arm
MATERIAL 1
TEXTURE 0
FLAG    0
GEOM 100 84 ;Group 0 (Arm)  Mtl#1_SM-HGA
-.0599 -.1837 -.0013  0  0  1  0  0
-.1607 -.1033 -.0013  0  0  1  0  0
-.0599 -.1837 -.1336  .7504 -.661  0  0  0
-.1607 -.1033 -.1336 -.8104  .5859  0  0  0
 .0837 -.0206 -.0013  0  0  1  0  0
-.0339  .0721 -.0013  0  0  1  0  0
 .0837 -.0206 -.1628  .6191  .7853  0  0  0
-.0339  .0721 -.1628  .6191  .7853  0  0  0
-.4715 -.6124 -.063 -.6122 -.7907  0  0  0
-.5047 -.5867 -.063 -.7907  .6122 -.0001  0  0
-.5027 -.5883 -.0773 -.7431  .5753 -.3418  0  0
-.4969 -.5927 -.0899 -.6056  .4689 -.6429  0  0
-.4881 -.5996 -.0993 -.3953  .3061 -.866  0  0
-.4773 -.6079 -.1042 -.1373  .1063 -.9848  0  0
-.4658 -.6168 -.1042  .1373 -.1063 -.9848  0  0
-.455 -.6252 -.0993  .3954 -.3062 -.866  0  0
-.4461 -.632 -.0899  .6057 -.4689 -.6429  0  0
-.4404 -.6365 -.0773  .743 -.5753 -.3421  0  0
-.4384 -.638 -.063 -.6122 -.7907  0  0  0
-.4404 -.6365 -.0486  .743 -.5753  .3419  0  0
-.4461 -.632 -.036  .6057 -.4691  .6427  0  0
-.455 -.6252 -.0267  .3953 -.3061  .866  0  0
-.4658 -.6168 -.0217  .1373 -.1063  .9848  0  0
-.4773 -.6079 -.0217 -.1373  .1063  .9848  0  0
-.4881 -.5996 -.0267 -.3954  .3061  .866  0  0
-.4969 -.5927 -.036 -.6056  .4689  .6429  0  0
-.5027 -.5883 -.0486 -.7429  .5752  .3422  0  0
-.1338 -.1077 -.063  .6122  .7907  0  0  0
-.1318 -.1092 -.0773  .6122  .7907  0  0  0
-.126 -.1137 -.0899  .6122  .7907  0  0  0
-.1172 -.1205 -.0993  .6122  .7907  0  0  0
-.1064 -.1289 -.1042  .6122  .7907  0  0  0
-.0949 -.1378 -.1042  .6122  .7907  0  0  0
-.0841 -.1462 -.0993  .6123  .7906  0  0  0
-.0752 -.153 -.0899  .6122  .7907  0  0  0
-.0695 -.1575 -.0773  .6122  .7907  0  0  0
-.0675 -.159 -.063  .6122  .7907  0  0  0
-.0695 -.1575 -.0486  .6122  .7907  0  0  0
-.0752 -.153 -.036  .6122  .7907  0  0  0
-.0841 -.1462 -.0267  .6122  .7907  0  0  0
-.0949 -.1378 -.0217  .6123  .7906  0  0  0
-.1064 -.1289 -.0217  .6122  .7907  0  0  0
-.1172 -.1205 -.0267  .6122  .7907  0  0  0
-.126 -.1137 -.036  .6122  .7907  0  0  0
-.1318 -.1092 -.0486  .6122  .7907  0  0  0
-.1006 -.1333 -.063  .6122  .7907  0  0  0
-.4969 -.5927 -.0899 -.6122 -.7907  0  0  0
-.4881 -.5996 -.0993 -.6122 -.7907  0  0  0
-.0949 -.1378 -.1042  .1373 -.1063 -.9848  0  0
-.0841 -.1462 -.0993  .3954 -.3062 -.866  0  0
-.0675 -.159 -.063  .7907 -.6122  .0001  0  0
-.0695 -.1575 -.0486  .7431 -.5753  .3419  0  0
-.4404 -.6365 -.0486 -.6122 -.7907  0  0  0
-.4461 -.632 -.036 -.6122 -.7907  0  0  0
-.126 -.1137 -.036 -.6056  .4689  .643  0  0
-.1318 -.1092 -.0486 -.743  .5753  .3421  0  0
-.1318 -.1092 -.0773 -.7431  .5753 -.3419  0  0
-.126 -.1137 -.0899 -.6057  .469 -.6428  0  0
-.4773 -.6079 -.0217 -.6122 -.7907  0  0  0
-.4881 -.5996 -.0267 -.6122 -.7907  0  0  0
-.1338 -.1077 -.063 -.7907  .6122 -.0001  0  0
-.0841 -.1462 -.0267  .3953 -.3061  .866  0  0
-.0949 -.1378 -.0217  .1373 -.1063  .9848  0  0
-.0339  .0721 -.0013 -.8104  .5859  0  0  0
-.0339  .0721 -.0013  .6191  .7853  0  0  0
-.0339  .0721 -.1628 -.8104  .5859  0  0  0
-.0339  .0721 -.1628 -.083 -.1052 -.991  0  0
-.4969 -.5927 -.036 -.6122 -.7907  0  0  0
 .0837 -.0206 -.0013  .6191  .7853  0  0  0
 .0837 -.0206 -.0013  .7504 -.661  0  0  0
-.1607 -.1033 -.0013 -.6237 -.7817  0  0  0
-.1607 -.1033 -.0013 -.8104  .5859  0  0  0
-.1607 -.1033 -.1336 -.6237 -.7817  0  0  0
-.1607 -.1033 -.1336 -.0851 -.098 -.9915  0  0
-.4773 -.6079 -.1042 -.6122 -.7907  0  0  0
-.0599 -.1837 -.0013 -.6237 -.7817  0  0  0
-.0599 -.1837 -.0013  .7504 -.661  0  0  0
-.1064 -.1289 -.1042 -.1373  .1063 -.9848  0  0
-.0695 -.1575 -.0773  .743 -.5753 -.3421  0  0
-.1172 -.1205 -.0267 -.3954  .3062  .866  0  0
-.4461 -.632 -.0899 -.6122 -.7907  0  0  0
-.4404 -.6365 -.0773 -.6122 -.7907  0  0  0
-.455 -.6252 -.0267 -.6122 -.7907  0  0  0
 .0837 -.0206 -.1628  .7504 -.661  0  0  0
 .0837 -.0206 -.1628 -.0842 -.1015 -.9913  0  0
-.4658 -.6168 -.1042 -.6122 -.7907  0  0  0
-.0752 -.153 -.0899  .6056 -.4689 -.6429  0  0
-.0599 -.1837 -.1336 -.6237 -.7817  0  0  0
-.0599 -.1837 -.1336 -.0833 -.1044 -.991  0  0
-.5047 -.5867 -.063 -.6122 -.7907  0  0  0
-.5027 -.5883 -.0773 -.6122 -.7907  0  0  0
-.0752 -.153 -.036  .6058 -.4691  .6426  0  0
-.4384 -.638 -.063  .7907 -.6122  .0001  0  0
-.1172 -.1205 -.0993 -.3952  .306 -.8661  0  0
-.4658 -.6168 -.0217 -.6122 -.7907  0  0  0
-.5027 -.5883 -.0486 -.6122 -.7907  0  0  0
-.1064 -.1289 -.0217 -.1373  .1063  .9848  0  0
-.455 -.6252 -.0993 -.6122 -.7907  0  0  0
-.1607 -.1033 -.1336 -.0802 -.1112 -.9906  0  0
 .0837 -.0206 -.1628 -.0819 -.1081 -.9908  0  0
 72  75  70
 75  72  87
 84  73  66
 98  99  88
 69  2  83
 2  69  76
 65  71  63
 71  65  3
 17  50  92
 50  17  78
 26  60  9
 60  26  55
 7  68  6
 68  7  64
 8  89  90
 8  90  46
 8  46  47
 8  47  74
 8  74  85
 8  85  97
 8  97  80
 8  80  81
 8  81  18
 8  18  52
 8  52  53
 8  53  82
 8  82  94
 8  94  58
 8  58  59
 8  59  67
 8  67  95
 8  95  89
 23  79  24
 79  23  96
 25  55  26
 55  25  54
 24  54  25
 54  24  79
 16  78  17
 78  16  86
 22  96  23
 96  22  62
 10  57  11
 57  10  56
 20  61  21
 61  20  91
 13  48  14
 48  13  77
 21  62  22
 62  21  61
 11  93  12
 93  11  57
 19  91  20
 91  19  51
 14  49  15
 49  14  48
 15  86  16
 86  15  49
 12  77  13
 77  12  93
 92  51  19
 51  92  50
 0  5  1
 5  0  4
 9  56  10
 56  9  60
 45  28  27
 45  29  28
 45  30  29
 45  31  30
 45  32  31
 45  33  32
 45  34  33
 45  35  34
 45  36  35
 45  37  36
 45  38  37
 45  39  38
 45  40  39
 45  41  40
 45  42  41
 45  43  42
 45  44  43
 45  27  44
LABEL Dishes
MATERIAL 2
TEXTURE 1
FLAG    0
GEOM 3264 5040 ;Group 1 (Dishes) ProjectApollo\HIGAIN_A.dds Mtl#0withTex:ProjectApollo/higain_a_ProjectApollo\HIGAIN_A_
-.6383 -.2583 -.0128  0  0 -1  .5042  .5
-.5876 -.2545 -.0128  .873  .065 -.4834  .4336  .5
-.5832 -.2542 -.0048  .865  .0644 -.4976  .4275  .5
-.5785 -.2539  .003  .8406  .0624 -.5381  .4211  .5
-.5734 -.2535  .0105  .7962  .0594 -.6021  .414  .5
-.5676 -.2531  .0176  .7276  .0543 -.6839  .4059  .5
-.5609 -.2526  .0241  .6327  .0471 -.7729  .3965  .5
-.5529 -.252  .0299  .5151  .0384 -.8563  .3854  .5
-.5435 -.2513  .0347  .381  .0285 -.9241  .3724  .5
-.5307 -.2503  .0391  .2822  .0211 -.9591  .3546  .5
-.5136 -.249  .0436  .2505  .0187 -.9679  .3307  .5
-.4935 -.2476  .0488  .2635  .0191 -.9645  .3028  .5
-.472 -.246  .055  .3081  .0232 -.9511  .2728  .5
-.4504 -.2444  .0626  .3864  .0291 -.9219  .2429  .5
-.4304 -.2429  .0721  .5049  .0375 -.8624  .215  .5
-.4132 -.2416  .084  .6194  .0458 -.7837  .1911  .5
-.3995 -.2406  .0962  .679  .0504 -.7324  .172  .5
-.3885 -.2398  .1068  .712  .0527 -.7002  .1568  .5
-.3799 -.2391  .116  .7486  .0557 -.6606  .1448  .5
-.3731 -.2386  .1242  .7858  .0586 -.6157  .1353  .5
-.3676 -.2382  .1316  .8183  .0609 -.5715  .1277  .5
-.3631 -.2379  .1385  .8406  .0625 -.5381  .1214  .5
-.359 -.2376  .1451  .8481  .063 -.5261  .1158  .5
-.3627 -.2378  .1458  .1752  .0136  .9844  .1209  .5
-.3666 -.2381  .1464  .1319  .0103  .9912  .1263  .5
-.371 -.2385  .1469  .0723  .0053  .9974  .1324  .5
-.3761 -.2388  .147  .0072  .0005  1  .1395  .5
-.3821 -.2393  .1469 -.0541 -.0041  .9985  .1479  .5
-.3893 -.2398  .1462 -.106 -.0076  .9943  .1579  .5
-.398 -.2405  .1451 -.2018 -.0149  .9793  .1699  .5
-.4125 -.2415  .1406 -.3261 -.024  .945  .1901  .5
-.4353 -.2432  .1315 -.3777 -.0279  .9255  .2219  .5
-.4634 -.2453  .1196 -.3843 -.0288  .9228  .261  .5
-.494 -.2476  .1069 -.3695 -.0277  .9288  .3034  .5
-.524 -.2498  .0955 -.3301 -.0247  .9436  .3452  .5
-.5505 -.2518  .0872 -.2366 -.0176  .9714  .3821  .5
-.5706 -.2533  .084 -.0916 -.0068  .9958  .4101  .5
-.5853 -.2544  .0839 -.0135 -.001  .9999  .4305  .5
-.5977 -.2553  .0836 -.03 -.0023  .9995  .4477  .5
-.6081 -.2561  .0832 -.0492 -.0037  .9988  .4622  .5
-.617 -.2567  .0826 -.0698 -.0056  .9975  .4746  .5
-.6248 -.2573  .082 -.088 -.0075  .9961  .4854  .5
-.6317 -.2578  .0813 -.1028 -.0089  .9947  .4951  .5
-.6383 -.2583  .0806  0  0  1  .5042  .5
-.5935 -.2342 -.0128  .7712  .4142 -.4834  .4397  .4714
-.5896 -.2321 -.0048  .7642  .4104 -.4976  .4341  .469
-.5855 -.2299  .003  .7426  .3989 -.5381  .4283  .4664
-.581 -.2275  .0105  .7033  .3777 -.6022  .4218  .4635
-.5759 -.2248  .0176  .6428  .3452 -.6839  .4144  .4602
-.5699 -.2215  .0241  .5589  .3002 -.773  .4058  .4564
-.5629 -.2178  .0299  .4551  .2448 -.8561  .3957  .4519
-.5546 -.2133  .0347  .3362  .1808 -.9243  .3838  .4467
-.5433 -.2072  .0391  .2497  .1338 -.959  .3675  .4395
-.5281 -.1991  .0436  .2214  .1188 -.9679  .3457  .4298
-.5104 -.1896  .0488  .2328  .1245 -.9645  .3202  .4185
-.4914 -.1794  .055  .2726  .146 -.951  .2928  .4064
-.4724 -.1691  .0626  .3415  .1831 -.9219  .2655  .3943
-.4546 -.1596  .0721  .4459  .2395 -.8624  .24  .383
-.4395 -.1515  .084  .547  .2942 -.7837  .2182  .3733
-.4274 -.145  .0962  .5998  .3222 -.7324  .2008  .3656
-.4177 -.1398  .1068  .629  .3378 -.7001  .1869  .3595
-.41 -.1357  .116  .6614  .3551 -.6606  .1759  .3546
-.404 -.1324  .1242  .6942  .3729 -.6157  .1672  .3508
-.3992 -.1298  .1316  .7229  .3885 -.5715  .1603  .3477
-.3952 -.1277  .1385  .7424  .3991 -.5381  .1545  .3451
-.3916 -.1258  .1451  .749  .4026 -.5262  .1494  .3429
-.3949 -.1275  .1458  .1545  .0837  .9844  .154  .3449
-.3983 -.1293  .1464  .1169  .0622  .9912  .159  .3471
-.4022 -.1314  .1469  .0638  .0343  .9974  .1645  .3496
-.4067 -.1338  .147  .006  .0033  1  .171  .3524
-.412 -.1367  .1469 -.0472 -.0255  .9986  .1787  .3558
-.4184 -.1401  .1462 -.0935 -.0505  .9943  .1878  .3599
-.426 -.1442  .1451 -.1783 -.0959  .9793  .1988  .3648
-.4389 -.1511  .1406 -.2881 -.1546  .945  .2173  .3729
-.459 -.162  .1315 -.3337 -.1791  .9255  .2463  .3858
-.4838 -.1753  .1196 -.3393 -.1826  .9228  .282  .4016
-.5108 -.1898  .1069 -.3263 -.1756  .9288  .3208  .4188
-.5373 -.204  .0955 -.2913 -.1568  .9437  .3589  .4356
-.5607 -.2166  .0872 -.2091 -.1123  .9714  .3926  .4506
-.5785 -.2262  .084 -.0811 -.0435  .9958  .4182  .4619
-.5915 -.2332  .0839 -.0119 -.0064  .9999  .4369  .4702
-.6024 -.239  .0836 -.0265 -.0143  .9995  .4526  .4771
-.6116 -.244  .0832 -.0435 -.0235  .9988  .4658  .483
-.6195 -.2482  .0826 -.0615 -.0335  .9975  .4772  .488
-.6264 -.2519  .082 -.0791 -.0413  .996  .487  .4924
-.6325 -.2552  .0813 -.0898 -.0496  .9947  .4959  .4963
-.6072 -.2181 -.0128  .536  .6921 -.4834  .457  .4478
-.6045 -.2146 -.0048  .5311  .6858 -.4977  .4529  .4433
-.6016 -.2109  .003  .5158  .6666 -.5381  .4486  .4385
-.5985 -.2069  .0105  .4886  .6313 -.6022  .4438  .4333
-.5949 -.2022  .0176  .4468  .5768 -.6839  .4384  .4273
-.5908 -.1969  .0241  .3885  .5016 -.773  .4321  .4204
-.5859 -.1906  .0299  .3165  .4084 -.8562  .4247  .4122
-.5801 -.1832  .0347  .2338  .3017 -.9243  .416  .4026
-.5723 -.173  .0391  .1734  .2237 -.9591  .4041  .3894
-.5617 -.1594  .0436  .1537  .1987 -.9679  .3881  .3717
-.5494 -.1435  .0488  .1619  .2085 -.9645  .3694  .3511
-.5362 -.1264  .055  .1894  .2441 -.9511  .3494  .329
-.523 -.1093  .0626  .2372  .3062 -.9219  .3294  .3069
-.5107 -.0934  .0721  .31  .4002 -.8624  .3107  .2862
-.5001 -.0798  .084  .38  .4912 -.7837  .2947  .2686
-.4917 -.0689  .0962  .4168  .5385 -.7324  .282  .2545
-.485 -.0603  .1068  .437  .5646 -.7002  .2718  .2432
-.4797 -.0534  .116  .4595  .5936 -.6607  .2637  .2343
-.4755 -.048  .1242  .4822  .6232 -.6157  .2574  .2273
-.4721 -.0437  .1316  .5023  .649 -.5714  .2523  .2217
-.4694 -.0401  .1385  .5161  .6664 -.5381  .2481  .2171
-.4669 -.0369  .1451  .1171  .15  .9817  .2443  .2129
-.4691 -.0398  .1458  .108  .1387  .9844  .2477  .2167
-.4715 -.0429  .1464  .0806  .105  .9912  .2513  .2207
-.4742 -.0463  .1469  .0444  .0573  .9974  .2554  .2252
-.4773 -.0504  .147  .0042  .0054  1  .2602  .2304
-.481 -.0552  .1469 -.0327 -.0425  .9986  .2658  .2366
-.4855 -.0609  .1462 -.0648 -.0843  .9943  .2725  .244
-.4908 -.0677  .1451 -.124 -.16  .9793  .2805  .2529
-.4997 -.0793  .1406 -.2003 -.2584  .945  .2941  .2679
-.5137 -.0973  .1315 -.2318 -.2995  .9255  .3153  .2913
-.531 -.1196  .1196 -.2357 -.3048  .9228  .3415  .3202
-.5497 -.1439  .1069 -.2272 -.2928  .9288  .3699  .3516
-.5681 -.1676  .0955 -.2029 -.2616  .9436  .3978  .3824
-.5844 -.1887  .0872 -.1453 -.1876  .9714  .4225  .4097
-.5968 -.2046  .084 -.0563 -.0728  .9958  .4412  .4304
-.6058 -.2163  .0839 -.0083 -.0107  .9999  .4549  .4455
-.6134 -.2261  .0836 -.0186 -.0239  .9995  .4664  .4582
-.6198 -.2344  .0832 -.0304 -.0391  .9988  .4761  .4689
-.6253 -.2414  .0826 -.0433 -.0551  .9975  .4844  .4781
-.63 -.2476  .082 -.0556 -.0698  .996  .4916  .486
-.6343 -.2531  .0813 -.062 -.0819  .9947  .4981  .4932
-.6262 -.2089 -.0128  .2083  .8503 -.4833  .4824  .4332
-.6252 -.2046 -.0048  .2063  .8425 -.4976  .4805  .4274
-.6241 -.2001  .003  .2002  .8188 -.5381  .4785  .4213
-.6229 -.1951  .0105  .1896  .7755 -.6022  .4763  .4146
-.6215 -.1894  .0176  .1732  .7087 -.6839  .4738  .407
-.6199 -.1829  .0241  .151  .6163 -.7729  .4709  .3981
-.618 -.1751  .0299  .1229  .5016 -.8563  .4675  .3876
-.6157 -.166  .0347  .0906  .3708 -.9243  .4635  .3753
-.6127 -.1535  .0391  .0672  .275 -.9591  .458  .3584
-.6086 -.1368  .0436  .0603  .2439 -.9679  .4506  .3358
-.6038 -.1172  .0488  .0631  .2563 -.9645  .442  .3094
-.5987 -.0963  .055  .0739  .3003 -.951  .4327  .2811
-.5936 -.0753  .0626  .092  .3762 -.922  .4235  .2528
-.5888 -.0558  .0721  .1204  .4917 -.8624  .4149  .2264
-.5847 -.039  .084  .1478  .6034 -.7836  .4075  .2038
-.5814 -.0257  .0962  .1619  .6614 -.7324  .4016  .1858
-.5788 -.015  .1068  .1695  .6935 -.7002  .3969  .1714
-.5767 -.0066  .116  .1784  .7292 -.6606  .3932  .16
-.5751  .0001  .1242  .1871  .7655 -.6157  .3902  .151
-.5738  .0054  .1316  .1952  .7971 -.5715  .3879  .1439
-.5727  .0098  .1385  .2006  .8187 -.5381  .3859  .1379
-.5718  .0137  .1451  .0446  .1851  .9817  .3842  .1326
-.5726  .0102  .1458  .0412  .1708  .9844  .3858  .1374
-.5736  .0064  .1464  .0321  .1294  .9911  .3875  .1425
-.5746  .0021  .1469  .0172  .0704  .9974  .3893  .1483
-.5758 -.0029  .147  .0016  .0067  1  .3915  .155
-.5773 -.0087  .1469 -.0128 -.0528  .9985  .3941  .1629
-.579 -.0158  .1462 -.0253 -.1027  .9944  .3972  .1724
-.581 -.0242  .1451 -.0482 -.1966  .9793  .4009  .1838
-.5845 -.0384  .1406 -.0781 -.3178  .9449  .4072  .2029
-.59 -.0606  .1315 -.0898 -.3679  .9255  .417  .2329
-.5967 -.088  .1196 -.0919 -.3742  .9228  .4291  .2699
-.6039 -.1177  .1069 -.0884 -.3599  .9288  .4422  .3101
-.6111 -.1469  .0955 -.0784 -.3216  .9436  .4551  .3495
-.6174 -.1728  .0872 -.0563 -.2304  .9715  .4665  .3844
-.6222 -.1924  .084 -.0219 -.0893  .9958  .4751  .4109
-.6257 -.2067  .0839 -.0032 -.0132  .9999  .4815  .4302
-.6286 -.2187  .0836 -.0072 -.0293  .9995  .4868  .4465
-.6311 -.2289  .0832 -.0118 -.048  .9988  .4913  .4602
-.6333 -.2376  .0826 -.0168 -.0674  .9976  .4951  .472
-.6351 -.2451  .082 -.0223 -.0864  .996  .4984  .4821
-.6368 -.2519  .0813 -.0232 -.1  .9947  .5014  .4913
-.6474 -.2082 -.0128 -.1556  .8615 -.4834  .5116  .4301
-.6482 -.2039 -.0048 -.1542  .8536 -.4976  .5123  .4241
-.649 -.1993  .003 -.1498  .8295 -.5381  .5129  .4177
-.6499 -.1943  .0105 -.1419  .7856 -.6022  .5137  .4107
-.651 -.1885  .0176 -.1297  .7179 -.6839  .5145  .4027
-.6522 -.1819  .0241 -.1127  .6243 -.773  .5155  .3934
-.6536 -.174  .0299 -.0919  .5083 -.8562  .5167  .3825
-.6553 -.1648  .0347 -.0678  .376 -.9242  .518  .3696
-.6575 -.1521  .0391 -.0502  .2786 -.9591  .5199  .352
-.6606 -.1352  .0436 -.0445  .2472 -.9679  .5224  .3283
-.6642 -.1154  .0488 -.0474  .2597 -.9645  .5253  .3007
-.668 -.0941  .055 -.0554  .3042 -.951  .5284  .2711
-.6719 -.0729  .0626 -.0686  .381 -.922  .5316  .2415
-.6755 -.0531  .0721 -.0902  .498 -.8624  .5345  .2139
-.6785 -.0362  .084 -.1108  .6113 -.7836  .537  .1903
-.681 -.0226  .0962 -.1209  .6701 -.7323  .539  .1714
-.6829 -.0118  .1068 -.1269  .7026 -.7001  .5406  .1564
-.6845 -.0033  .116 -.1334  .7388 -.6606  .5418  .1445
-.6857  .0034  .1242 -.1403  .7754 -.6156  .5428  .1351
-.6866  .0088  .1316 -.1461  .8075 -.5715  .5436  .1276
-.6875  .0133  .1385 -.1501  .8294 -.5381  .5443  .1214
-.6882  .0173  .1451 -.0331  .1874  .9817  .5449  .1158
-.6875  .0137  .1458 -.0307  .173  .9844  .5443  .1208
-.6868  .0098  .1464 -.0241  .1312  .9911  .5438  .1262
-.686  .0055  .1469 -.0129  .0711  .9974  .5431  .1322
-.6851  .0005  .147 -.0013  .0067  1  .5424  .1392
-.6841 -.0055  .1469  .0096 -.0535  .9985  .5415  .1475
-.6828 -.0126  .1462  .019 -.1041  .9944  .5404  .1574
-.6812 -.0211  .1451  .0361 -.1992  .9793  .5392  .1693
-.6786 -.0355  .1406  .0585 -.322  .9449  .5371  .1893
-.6746 -.058  .1315  .0672 -.3727  .9255  .5338  .2207
-.6696 -.0857  .1196  .0687 -.3792  .9228  .5297  .2594
-.6641 -.1159  .1069  .0663 -.3646  .9288  .5252  .3014
-.6588 -.1455  .0955  .0591 -.3256  .9437  .5209  .3427
-.654 -.1716  .0872  .0424 -.2339  .9713  .517  .3792
-.6504 -.1915  .084  .0164 -.0904  .9958  .5141  .4069
-.6478 -.206  .0839  .0024 -.0134  .9999  .512  .427
-.6456 -.2182  .0836  .0054 -.0296  .9995  .5102  .4441
-.6437 -.2285  .0832  .0087 -.0486  .9988  .5086  .4584
-.6421 -.2373  .0826  .012 -.069  .9975  .5073  .4707
-.6408 -.2449  .082  .0171 -.0876  .996  .5062  .4813
-.6395 -.2518  .0813  .0194 -.1008  .9947  .5052  .4909
-.667 -.2162 -.0128 -.4926  .7237 -.4833  .5396  .4392
-.6695 -.2126 -.0048 -.4881  .7171 -.4976  .5426  .4339
-.6721 -.2088  .003 -.4744  .6967 -.5381  .5458  .4284
-.675 -.2045  .0105 -.4491  .66 -.6023  .5494  .4222
-.6783 -.1997  .0176 -.4105  .6031 -.6839  .5534  .4153
-.6821 -.1941  .0241 -.3572  .5242 -.773  .5581  .4072
-.6866 -.1875  .0299 -.2908  .4269 -.8563  .5637  .3977
-.6918 -.1797  .0347 -.2149  .3159 -.9241  .5702  .3864
-.6991 -.1691  .0391 -.1592  .234 -.9591  .5791  .3711
-.7088 -.1549  .0436 -.1415  .2076 -.9679  .591  .3505
-.7201 -.1383  .0488 -.1483  .2184 -.9645  .605  .3265
-.7322 -.1204  .055 -.1737  .2559 -.951  .6199  .3007
-.7444 -.1026  .0626 -.2181  .3198 -.922  .6349  .2749
-.7557 -.0859  .0721 -.2849  .4184 -.8624  .6489  .2509
-.7654 -.0717  .084 -.3497  .5134 -.7836  .6608  .2303
-.7731 -.0604  .0962 -.3834  .5627 -.7323  .6703  .2139
-.7793 -.0513  .1068 -.4019  .5901 -.7002  .678  .2008
-.7842 -.0441  .116 -.4223  .6206 -.6607  .684  .1904
-.7881 -.0384  .1242 -.4434  .6514 -.6157  .6887  .1822
-.7911 -.0339  .1316 -.4617  .6785 -.5714  .6925  .1757
-.7937 -.0302  .1385 -.4745  .6967 -.5381  .6957  .1703
-.796 -.0268  .1451 -.1077  .1569  .9817  .6985  .1654
-.7939 -.0299  .1458 -.0994  .1449  .9844  .6959  .1698
-.7917 -.0331  .1464 -.0749  .1091  .9912  .6932  .1745
-.7892 -.0367  .1469 -.0408  .0599  .9974  .6902  .1797
-.7864 -.0409  .147 -.0039  .0056  1  .6866  .1858
-.783 -.0459  .1469  .0307 -.0448  .9985  .6824  .1931
-.7789 -.0519  .1462  .0594 -.0876  .9944  .6774  .2017
-.774 -.0591  .1451  .1141 -.1677  .9792  .6714  .2121
-.7658 -.0711  .1406  .1842 -.2701  .945  .6613  .2295
-.7529 -.09  .1315  .2133 -.313  .9255  .6454  .2568
-.7371 -.1133  .1196  .2167 -.3187  .9228  .6259  .2905
-.7198 -.1387  .1069  .2082 -.3065  .9288  .6046  .3271
-.7029 -.1635  .0955  .1864 -.2734  .9437  .5838  .363
-.6879 -.1855  .0872  .1336 -.1962  .9714  .5653  .3948
-.6766 -.2022  .084  .0518 -.0761  .9958  .5513  .4189
-.6683 -.2144  .0839  .0076 -.0113  .9999  .5411  .4365
-.6613 -.2246  .0836  .0169 -.0249  .9995  .5325  .4513
-.6554 -.2333  .0832  .0278 -.0407  .9988  .5253  .4638
-.6504 -.2407  .0826  .0398 -.0576  .9975  .5191  .4745
-.646 -.2471  .082  .0493 -.0744  .996  .5137  .4837
-.6421 -.2529  .0813  .0587 -.0842  .9947  .5088  .4921
-.6816 -.2315 -.0128 -.7443  .4608 -.4833  .5614  .4587
-.6854 -.2292 -.0048 -.7376  .4565 -.4976  .5663  .4551
-.6893 -.2268  .003 -.7166  .4437 -.5381  .5715  .4514
-.6937 -.2241  .0105 -.6788  .4201 -.6023  .5773  .4472
-.6986 -.221  .0176 -.6203  .384 -.6839  .5838  .4425
-.7044 -.2174  .0241 -.5394  .334 -.773  .5914  .437
-.7112 -.2132  .0299 -.4391  .2719 -.8563  .6004  .4305
-.7192 -.2083  .0347 -.325  .2009 -.9241  .6109  .4229
-.7301 -.2015  .0391 -.2407  .1487 -.9591  .6253  .4125
-.7447 -.1925  .0436 -.2136  .1323 -.9679  .6447  .3985
-.7619 -.1819  .0488 -.2247  .1385 -.9645  .6672  .3822
-.7802 -.1705  .055 -.2631  .1625 -.951  .6915  .3647
-.7986 -.1592  .0626 -.3293  .2042 -.9219  .7157  .3472
-.8157 -.1486  .0721 -.4304  .2664 -.8624  .7383  .3309
-.8303 -.1395  .084 -.5282  .3271 -.7836  .7576  .317
-.842 -.1323  .0962 -.5789  .3584 -.7324  .773  .3058
-.8513 -.1265  .1068 -.6071  .3759 -.7001  .7853  .2969
-.8587 -.1219  .116 -.6384  .395 -.6607  .7951  .2899
-.8645 -.1183  .1242 -.6701  .4145 -.6157  .8027  .2843
-.8692 -.1155  .1316 -.6979  .4318 -.5714  .8089  .2799
-.873 -.1131  .1385 -.7167  .4437 -.5381  .814  .2762
-.8765 -.1109  .1451 -.7231  .4477 -.5261  .8185  .2729
-.8734 -.1129  .1458 -.1492  .0929  .9844  .8144  .2759
-.8701 -.1149  .1464 -.1132  .0705  .9911  .81  .2791
-.8663 -.1172  .1469 -.0614  .0381  .9974  .8051  .2826
-.862 -.1199  .147 -.0061  .0038  1  .7994  .2868
-.8568 -.1231  .1469  .0461 -.0287  .9985  .7926  .2917
-.8507 -.1269  .1462  .0901 -.0555  .9944  .7844  .2975
-.8433 -.1315  .1451  .1725 -.1067  .9792  .7747  .3046
-.8309 -.1392  .1406  .2785 -.1719  .9449  .7584  .3164
-.8115 -.1512  .1315  .3219 -.1994  .9255  .7327  .3349
-.7875 -.166  .1196  .3278 -.2026  .9228  .701  .3578
-.7615 -.1821  .1069  .3152 -.1948  .9288  .6667  .3826
-.7359 -.198  .0955  .2814 -.1744  .9436  .6329  .407
-.7132 -.212  .0872  .2017 -.1249  .9714  .6031  .4286
-.6961 -.2226  .084  .0782 -.0484  .9958  .5804  .4449
-.6836 -.2303  .0839  .0116 -.0071  .9999  .5639  .4569
-.673 -.2369  .0836  .0257 -.0158  .9995  .55  .4669
-.6641 -.2424  .0832  .0421 -.026  .9988  .5383  .4754
-.6565 -.2471  .0826  .0589 -.0369  .9976  .5282  .4827
-.6499 -.2512  .082  .0753 -.048  .996  .5195  .489
-.644 -.2548  .0813  .0879 -.053  .9947  .5117  .4946
-.6888 -.2515 -.0128 -.8674  .1179 -.4834  .5733  .4854
-.6932 -.2509 -.0048 -.8595  .1171 -.4976  .5793  .4841
-.6978 -.2502  .003 -.8352  .1138 -.538  .5856  .4828
-.7028 -.2495  .0105 -.791  .1077 -.6022  .5925  .4813
-.7086 -.2488  .0176 -.7229  .0985 -.6839  .6005  .4797
-.7153 -.2478  .0241 -.6285  .0858 -.773  .6097  .4777
-.7232 -.2468  .0299 -.512  .0698 -.8562  .6205  .4754
-.7325 -.2455  .0347 -.3782  .0516 -.9243  .6332  .4727
-.7453 -.2438  .0391 -.2806  .0384 -.9591  .6506  .4691
-.7623 -.2414  .0436 -.2489  .0339 -.9679  .674  .4641
-.7823 -.2387  .0488 -.2617  .036 -.9645  .7013  .4583
-.8037 -.2358  .055 -.3061  .042 -.9511  .7306  .4522
-.825 -.2329  .0626 -.3838  .0523 -.9219  .7599  .446
-.845 -.2302  .0721 -.5016  .0682 -.8624  .7872  .4402
-.862 -.2279  .084 -.6156  .0836 -.7836  .8105  .4353
-.8757 -.226  .0962 -.6747  .0916 -.7324  .8292  .4313
-.8865 -.2245  .1068 -.7075  .096 -.7001  .8441  .4282
-.8951 -.2234  .116 -.7439  .1011 -.6606  .8559  .4257
-.9019 -.2225  .1242 -.7808  .106 -.6157  .8651  .4237
-.9073 -.2217  .1316 -.8132  .1105 -.5715  .8725  .4221
-.9118 -.2211  .1385 -.8352  .1135 -.5381  .8787  .4208
-.9159 -.2206  .1451 -.8427  .1146 -.526  .8842  .4197
-.9122 -.221  .1458 -.1743  .0232  .9844  .8792  .4207
-.9083 -.2216  .1464 -.1322  .0176  .9911  .8739  .4219
-.904 -.2222  .1469 -.0716  .0097  .9974  .868  .4231
-.8989 -.2229  .147 -.0068  .001  1  .8611  .4246
-.8929 -.2237  .1469  .0538 -.0072  .9985  .8528  .4263
-.8858 -.2246  .1462  .1054 -.0141  .9943  .843  .4284
-.8772 -.2258  .1451  .2006 -.0274  .9793  .8313  .4309
-.8627 -.2278  .1406  .3242 -.0444  .9449  .8115  .4351
-.8401 -.2309  .1315  .3753 -.051  .9255  .7805  .4416
-.8121 -.2347  .1196  .3818 -.0522  .9228  .7422  .4497
-.7818 -.2388  .1069  .3671 -.0503  .9288  .7007  .4585
-.752 -.2429  .0955  .3281 -.0444  .9436  .6599  .4671
-.7256 -.2464  .0872  .2355 -.0322  .9713  .6238  .4747
-.7056 -.2492  .084  .0911 -.0124  .9958  .5964  .4805
-.691 -.2512  .0839  .0135 -.0018  .9999  .5764  .4847
-.6787 -.2528  .0836  .0298 -.0041  .9995  .5596  .4883
-.6684 -.2542  .0832  .049 -.0067  .9988  .5454  .4913
-.6595 -.2554  .0826  .0689 -.009  .9976  .5332  .4939
-.6518 -.2565  .082  .0885 -.0109  .996  .5227  .4961
-.6449 -.2574  .0813  .1019 -.0127  .9947  .5132  .4981
-.6872 -.2726 -.0128 -.8405 -.2448 -.4834  .5733  .5146
-.6915 -.2738 -.0048 -.8328 -.2426 -.4976  .5793  .5159
-.6959 -.2751  .003 -.8093 -.2357 -.5381  .5856  .5172
-.7008 -.2765  .0105 -.7664 -.2235 -.6022  .5925  .5187
-.7064 -.2782  .0176 -.7004 -.2042 -.6839  .6005  .5203
-.7129 -.2801  .0241 -.609 -.1777 -.773  .6097  .5223
-.7206 -.2823  .0299 -.496 -.1448 -.8561  .6205  .5246
-.7296 -.2849  .0347 -.3664 -.107 -.9243  .6332  .5273
-.7419 -.2885  .0391 -.2718 -.0794 -.9591  .6506  .5309
-.7585 -.2933  .0436 -.2412 -.0704 -.9679  .674  .5359
-.7778 -.299  .0488 -.2536 -.0742 -.9645  .7013  .5417
-.7985 -.305  .055 -.2965 -.0868 -.9511  .7306  .5478
-.8192 -.311  .0626 -.3718 -.1085 -.9219  .7599  .554
-.8386 -.3167  .0721 -.486 -.1417 -.8624  .7872  .5598
-.8551 -.3215  .084 -.5964 -.1739 -.7836  .8105  .5647
-.8683 -.3253  .0962 -.6538 -.1903 -.7324  .8292  .5687
-.8788 -.3284  .1068 -.6855 -.1996 -.7002  .8441  .5718
-.8872 -.3308  .116 -.7208 -.2099 -.6606  .8559  .5743
-.8937 -.3328  .1242 -.7565 -.2206 -.6157  .8651  .5763
-.899 -.3343  .1316 -.7879 -.2295 -.5715  .8725  .5779
-.9033 -.3356  .1385 -.8093 -.2358 -.5381  .8787  .5792
-.9072 -.3367  .1451 -.1829 -.0527  .9817  .8842  .5803
-.9037 -.3357  .1458 -.1689 -.0488  .9844  .8792  .5793
-.8999 -.3346  .1464 -.1279 -.0377  .9911  .8739  .5781
-.8957 -.3333  .1469 -.0696 -.0203  .9974  .868  .5769
-.8908 -.3319  .147 -.0066 -.0019  1  .8611  .5754
-.885 -.3302  .1469  .0521  .0153  .9985  .8528  .5737
-.8781 -.3282  .1462  .1017  .0294  .9944  .843  .5716
-.8698 -.3258  .1451  .1943  .0565  .9793  .8313  .5691
-.8558 -.3217  .1406  .3142  .0913  .9449  .8115  .5649
-.8338 -.3153  .1315  .3636  .1058  .9255  .7805  .5584
-.8067 -.3074  .1196  .3699  .108  .9228  .7422  .5503
-.7773 -.2988  .1069  .3557  .104  .9288  .7007  .5415
-.7485 -.2904  .0955  .3179  .0924  .9436  .6599  .5329
-.7229 -.283  .0872  .2281  .0666  .9714  .6238  .5253
-.7035 -.2773  .084  .0882  .0257  .9958  .5964  .5195
-.6894 -.2732  .0839  .0129  .0037  .9999  .5764  .5153
-.6775 -.2697  .0836  .0291  .0084  .9995  .5596  .5117
-.6674 -.2668  .0832  .0475  .0137  .9988  .5454  .5087
-.6589 -.2643  .0826  .0673  .0192  .9975  .5332  .5061
-.6514 -.2621  .082  .0853  .026  .996  .5227  .5039
-.6447 -.2602  .0813  .0982  .0298  .9947  .5132  .5019
-.6772 -.2912 -.0128 -.6681 -.5657 -.4833  .5614  .5413
-.6806 -.2941 -.0048 -.6619 -.5606 -.4976  .5663  .5449
-.6841 -.2971  .003 -.6432 -.5447 -.5381  .5715  .5486
-.688 -.3004  .0105 -.6092 -.516 -.6022  .5773  .5528
-.6925 -.3041  .0176 -.5569 -.4713 -.6839  .5838  .5575
-.6976 -.3085  .0241 -.4843 -.4098 -.773  .5914  .563
-.7037 -.3137  .0299 -.3946 -.3337 -.8561  .6004  .5695
-.7109 -.3197  .0347 -.2915 -.2466 -.9243  .6109  .5771
-.7207 -.328  .0391 -.2161 -.1828 -.9591  .6253  .5875
-.7338 -.3392  .0436 -.1917 -.1623 -.9679  .6447  .6015
-.7492 -.3522  .0488 -.202 -.1704 -.9645  .6672  .6178
-.7657 -.3661  .055 -.2362 -.1996 -.951  .6915  .6353
-.7821 -.3801  .0626 -.2956 -.2506 -.9219  .7157  .6528
-.7975 -.3931  .0721 -.3864 -.327 -.8624  .7383  .6691
-.8106 -.4042  .084 -.4743 -.4013 -.7836  .7576  .683
-.8211 -.4131  .0962 -.5197 -.4399 -.7324  .773  .6942
-.8295 -.4202  .1068 -.5451 -.4612 -.7001  .7853  .7031
-.8361 -.4258  .116 -.573 -.485 -.6606  .7951  .7101
-.8414 -.4302  .1242 -.6015 -.5091 -.6157  .8027  .7157
-.8455 -.4337  .1316 -.6263 -.5303 -.5715  .8089  .7201
-.849 -.4367  .1385 -.6433 -.5447 -.538  .814  .7238
-.8521 -.4393  .1451 -.1448 -.1235  .9817  .8185  .7271
-.8493 -.4369  .1458 -.1338 -.114  .9844  .8144  .7241
-.8463 -.4344  .1464 -.1007 -.0859  .9912  .81  .7209
-.843 -.4315  .1469 -.0553 -.0468  .9974  .8051  .7174
-.8391 -.4283  .147 -.0055 -.0047  1  .7994  .7132
-.8345 -.4243  .1469  .0415  .035  .9985  .7926  .7083
-.8289 -.4197  .1462  .0809  .0682  .9944  .7844  .7025
-.8223 -.4141  .1451  .1549  .131  .9792  .7747  .6954
-.8112 -.4046  .1406  .2497  .211  .9451  .7584  .6836
-.7937 -.3899  .1315  .2891  .2446  .9255  .7327  .6651
-.7722 -.3716  .1196  .2939  .2492  .9228  .701  .6422
-.7488 -.3519  .1069  .2826  .2397  .9288  .6667  .6174
-.7259 -.3324  .0955  .2527  .2135  .9437  .6329  .593
-.7056 -.3152  .0872  .1811  .1533  .9714  .6031  .5714
-.6902 -.3022  .084  .0702  .0594  .9958  .5804  .5551
-.6789 -.2927  .0839  .0104  .0088  .9999  .5639  .5431
-.6695 -.2847  .0836  .0233  .0195  .9995  .55  .5331
-.6615 -.2779  .0832  .0377  .032  .9988  .5383  .5246
-.6547 -.2721  .0826  .0532  .0446  .9976  .5282  .5173
-.6487 -.2671  .082  .0689  .0567  .996  .5195  .511
-.6434 -.2626  .0813  .0796  .0658  .9947  .5117  .5054
-.6605 -.3042 -.0128 -.3802 -.7886 -.4833  .5396  .5608
-.6624 -.3082 -.0048 -.3769 -.7812 -.4976  .5426  .5661
-.6644 -.3123  .003 -.3662 -.7592 -.5381  .5458  .5716
-.6666 -.3169  .0105 -.3467 -.7191 -.6022  .5494  .5778
-.6692 -.3222  .0176 -.3169 -.6572 -.6839  .5534  .5847
-.6721 -.3283  .0241 -.2758 -.5715 -.7729  .5581  .5928
-.6756 -.3355  .0299 -.2243 -.4655 -.8561  .5637  .6023
-.6796 -.3439  .0347 -.1657 -.3439 -.9243  .5702  .6136
-.6852 -.3555  .0391 -.1228 -.255 -.9591  .5791  .6289
-.6927 -.371  .0436 -.1093 -.2262 -.9679  .591  .6495
-.7014 -.3892  .0488 -.1152 -.2378 -.9645  .605  .6735
-.7108 -.4086  .055 -.1345 -.2781 -.9511  .6199  .6993
-.7202 -.428  .0626 -.1686 -.3489 -.9219  .6349  .7251
-.7289 -.4462  .0721 -.2198 -.456 -.8624  .6489  .7491
-.7364 -.4617  .084 -.2697 -.5597 -.7836  .6608  .7697
-.7424 -.474  .0962 -.2957 -.6133 -.7324  .6703  .7861
-.7472 -.4839  .1068 -.3103 -.643 -.7002  .678  .7992
-.7509 -.4918  .116 -.3263 -.6761 -.6606  .684  .8096
-.7539 -.4979  .1242 -.3424 -.7097 -.6157  .6887  .8178
-.7563 -.5028  .1316 -.3564 -.7392 -.5714  .6925  .8243
-.7582 -.5069  .1385 -.3661 -.7593 -.5381  .6957  .8297
-.76 -.5106  .1451 -.0819 -.1718  .9817  .6985  .8346
-.7584 -.5073  .1458 -.0759 -.1585  .9844  .6959  .8302
-.7567 -.5038  .1464 -.0583 -.1199  .9911  .6932  .8255
-.7548 -.4998  .1469 -.0315 -.0653  .9974  .6902  .8203
-.7526 -.4952  .147 -.0031 -.0065  1  .6866  .8142
-.75 -.4898  .1469  .0235  .049  .9985  .6824  .8069
-.7468 -.4832  .1462  .0462  .0952  .9944  .6774  .7983
-.7431 -.4754  .1451  .0882  .1827  .9792  .6714  .7879
-.7367 -.4623  .1406  .1419  .2946  .945  .6613  .7705
-.7268 -.4417  .1315  .1644  .3412  .9255  .6454  .7432
-.7145 -.4163  .1196  .1671  .3472  .9228  .6259  .7095
-.7012 -.3887  .1069  .1614  .3337  .9288  .6046  .6729
-.6882 -.3616  .0955  .144  .2979  .9437  .5838  .637
-.6766 -.3377  .0872  .1031  .2138  .9714  .5653  .6052
-.6678 -.3195  .084  .04  .0829  .9958  .5513  .5811
-.6614 -.3062  .0839  .0059  .0121  .9999  .5411  .5635
-.6561 -.2951  .0836  .0132  .0273  .9995  .5325  .5487
-.6515 -.2856  .0832  .0216  .0445  .9988  .5253  .5362
-.6476 -.2776  .0826  .0309  .0629  .9975  .5191  .5255
-.6443 -.2706  .082  .0392  .079  .9961  .5137  .5163
-.6412 -.2643  .0813  .046  .0924  .9947  .5088  .5079
-.6399 -.3092 -.0128 -.0267 -.875 -.4834  .5116  .5699
-.64 -.3136 -.0048 -.0266 -.867 -.4976  .5123  .5759
-.6402 -.3183  .003 -.0259 -.8425 -.5381  .5129  .5823
-.6403 -.3234  .0105 -.0245 -.798 -.6022  .5137  .5893
-.6405 -.3292  .0176 -.0224 -.7292 -.6839  .5145  .5973
-.6407 -.336  .0241 -.0192 -.6342 -.7729  .5155  .6066
-.641 -.3439  .0299 -.0157 -.5163 -.8563  .5167  .6175
-.6412 -.3533  .0347 -.0115 -.3819 -.9241  .518  .6304
-.6416 -.3662  .0391 -.0089 -.2831 -.9591  .5199  .648
-.6422 -.3834  .0436 -.0077 -.2511 -.9679  .5224  .6717
-.6428 -.4035  .0488 -.0085 -.2641 -.9645  .5253  .6993
-.6434 -.4251  .055 -.0098 -.3091 -.951  .5284  .7289
-.6441 -.4467  .0626 -.012 -.3873 -.9219  .5316  .7585
-.6447 -.4668  .0721 -.0156 -.5061 -.8624  .5345  .7861
-.6452 -.484  .084 -.0191 -.6208 -.7837  .537  .8097
-.6457 -.4977  .0962 -.021 -.6806 -.7323  .539  .8286
-.646 -.5087  .1068 -.0217 -.7136 -.7002  .5406  .8436
-.6463 -.5174  .116 -.0228 -.7504 -.6606  .5418  .8555
-.6465 -.5242  .1242 -.0242 -.7876 -.6157  .5428  .8649
-.6466 -.5297  .1316 -.0251 -.8203 -.5714  .5436  .8724
-.6468 -.5342  .1385 -.0259 -.8425 -.5381  .5443  .8786
-.6469 -.5383  .1451 -.0065 -.1902  .9817  .5449  .8842
-.6468 -.5346  .1458 -.0058 -.1757  .9844  .5443  .8792
-.6467 -.5307  .1464 -.0045 -.1333  .9911  .5438  .8738
-.6465 -.5263  .1469 -.0023 -.0722  .9974  .5431  .8678
-.6464 -.5212  .147 -.0002 -.0072  1  .5424  .8608
-.6462 -.5151  .1469  .0015  .0543  .9985  .5415  .8525
-.646 -.5079  .1462  .003  .1058  .9944  .5404  .8426
-.6457 -.4992  .1451  .0061  .2027  .9792  .5392  .8307
-.6453 -.4847  .1406  .0102  .3268  .945  .5371  .8107
-.6446 -.4618  .1315  .0117  .3785  .9255  .5338  .7793
-.6437 -.4336  .1196  .012  .3851  .9228  .5297  .7406
-.6428 -.403  .1069  .0109  .3699  .929  .5252  .6986
-.6418 -.373  .0955  .0099  .3307  .9437  .5209  .6573
-.641 -.3464  .0872  .0072  .2372  .9714  .517  .6208
-.6404 -.3262  .084  .0028  .0919  .9958  .5141  .5931
-.64 -.3115  .0839  .0004  .0134  .9999  .512  .573
-.6396 -.2991  .0836  .001  .0304  .9995  .5102  .5559
-.6393 -.2886  .0832  .0014  .0494  .9988  .5086  .5416
-.639 -.2797  .0826  .0016  .07  .9975  .5073  .5293
-.6388 -.2719  .082  .0036  .0882  .9961  .5062  .5187
-.6385 -.2649  .0813  .0045  .1031  .9947  .5052  .5091
-.6191 -.3055 -.0128  0  0 -1  .4824  .5668
-.6174 -.3095 -.0048  .3283 -.8029 -.4976  .4805  .5726
-.6156 -.3138  .003  .319 -.7802 -.5381  .4785  .5787
-.6137 -.3186  .0105  .3022 -.7389 -.6022  .4763  .5854
-.6115 -.324  .0176  .276 -.6753 -.684  .4738  .593
-.6089 -.3302  .0241  .2401 -.5873 -.7729  .4709  .6019
-.6059 -.3376  .0299  .1954 -.4781 -.8563  .4675  .6124
-.6023 -.3463  .0347  .1447 -.3533 -.9243  .4635  .6247
-.5975 -.3582  .0391  .1074 -.2621 -.9591  .458  .6416
-.591 -.3741  .0436  .0952 -.2325 -.9679  .4506  .6642
-.5833 -.3928  .0488  .1004 -.2444 -.9645  .442  .6906
-.5752 -.4127  .055  .1166 -.286 -.9511  .4327  .7189
-.567 -.4327  .0626  .1465 -.3585 -.9219  .4235  .7472
-.5594 -.4513  .0721  .1918 -.4686 -.8624  .4149  .7736
-.5529 -.4673  .084  .2351 -.5749 -.7837  .4075  .7962
-.5477 -.48  .0962  .2576 -.6303 -.7324  .4016  .8142
-.5435 -.4902  .1068  .2701 -.6609 -.7002  .3969  .8286
-.5402 -.4982  .116  .2841 -.6949 -.6606  .3932  .84
-.5376 -.5045  .1242  .2985 -.7293 -.6157  .3902  .849
-.5356 -.5096  .1316  .3108 -.7595 -.5715  .3879  .8561
-.5338 -.5138  .1385  .3189 -.7802 -.5381  .3859  .8621
-.5323 -.5175  .1451  .0714 -.1764  .9817  .3842  .8674
-.5337 -.5141  .1458  .0661 -.1629  .9844  .3858  .8626
-.5352 -.5105  .1464  .0497 -.1228  .9912  .3875  .8575
-.5368 -.5065  .1469  .0274 -.0671  .9974  .3893  .8517
-.5388 -.5017  .147  .0025 -.0064  1  .3915  .845
-.541 -.4961  .1469 -.0207  .0502  .9985  .3941  .8371
-.5438 -.4894  .1462 -.0399  .098  .9944  .3972  .8276
-.5471 -.4814  .1451 -.0767  .1878  .9792  .4009  .8162
-.5526 -.4679  .1406 -.124  .3025  .945  .4072  .7971
-.5613 -.4468  .1315 -.1436  .3505  .9255  .417  .7671
-.5719 -.4207  .1196 -.1461  .3565  .9228  .4291  .7301
-.5835 -.3923  .1069 -.14  .3431  .9288  .4422  .6899
-.5949 -.3645  .0955 -.1252  .3064  .9436  .4551  .6505
-.605 -.3399  .0872 -.0898  .2196  .9715  .4665  .6156
-.6126 -.3212  .084 -.0348  .0851  .9958  .4751  .5891
-.6182 -.3075  .0839 -.0051  .0126  .9999  .4815  .5698
-.6229 -.2961  .0836 -.0116  .028  .9995  .4868  .5535
-.6269 -.2864  .0832 -.0187  .0456  .9988  .4913  .5398
-.6302 -.2781  .0826 -.0269  .0646  .9975  .4951  .528
-.6332 -.2709  .082 -.0343  .0813  .9961  .4984  .5179
-.6358 -.2644  .0813 -.0402  .0951  .9947  .5014  .5087
-.6016 -.2935 -.0128  0  0 -1  .457  .5522
-.5984 -.2966 -.0048  .6267 -.5997 -.4976  .4529  .5567
-.595 -.2998  .003  .609 -.5827 -.5381  .4486  .5615
-.5913 -.3033  .0105  .5768 -.5519 -.6022  .4438  .5667
-.5871 -.3074  .0176  .5269 -.5046 -.6839  .4384  .5727
-.5822 -.3121  .0241  .4582 -.4389 -.7729  .4321  .5796
-.5765 -.3176  .0299  .3729 -.3573 -.8563  .4247  .5878
-.5697 -.3241  .0347  .2757 -.2641 -.9243  .416  .5974
-.5604 -.3329  .0391  .2046 -.1955 -.9591  .4041  .6106
-.548 -.3448  .0436  .1814 -.1738 -.9679  .3881  .6283
-.5334 -.3588  .0488  .1906 -.183 -.9645  .3694  .6489
-.5178 -.3737  .055  .223 -.2139 -.9511  .3494  .671
-.5022 -.3886  .0626  .2797 -.2679 -.9219  .3294  .6931
-.4877 -.4025  .0721  .3656 -.3501 -.8624  .3107  .7138
-.4753 -.4144  .084  .4487 -.4295 -.7837  .2947  .7314
-.4653 -.4239  .0962  .492 -.4707 -.7323  .282  .7455
-.4574 -.4315  .1068  .5159 -.4935 -.7002  .2718  .7568
-.4511 -.4375  .116  .5425 -.519 -.6606  .2637  .7657
-.4462 -.4423  .1242  .5693 -.5448 -.6157  .2574  .7727
-.4422 -.446  .1316  .5929 -.5674 -.5714  .2523  .7783
-.439 -.4492  .1385  .6089 -.5828 -.5381  .2481  .7829
-.436 -.452  .1451  .138 -.1311  .9817  .2443  .7871
-.4387 -.4495  .1458  .1273 -.1211  .9844  .2477  .7833
-.4415 -.4468  .1464  .0961 -.0926  .9911  .2513  .7793
-.4447 -.4437  .1469  .0523 -.0501  .9974  .2554  .7748
-.4484 -.4402  .147  .005 -.0047  1  .2602  .7696
-.4527 -.436  .1469 -.0392  .0376  .9985  .2658  .7634
-.458 -.431  .1462 -.0763  .0733  .9944  .2725  .756
-.4642 -.425  .1451 -.1464  .1404  .9792  .2805  .7471
-.4748 -.4149  .1406 -.2366  .2261  .9449  .2941  .7321
-.4913 -.3991  .1315 -.2737  .2618  .9255  .3153  .7087
-.5116 -.3796  .1196 -.2781  .2667  .9228  .3415  .6798
-.5338 -.3584  .1069 -.2676  .2565  .9288  .3699  .6484
-.5555 -.3376  .0955 -.2388  .229  .9437  .3978  .6176
-.5747 -.3192  .0872 -.1714  .164  .9714  .4225  .5903
-.5893 -.3053  .084 -.0664  .0636  .9958  .4412  .5696
-.5999 -.2951  .0839 -.0097  .0093  .9999  .4549  .5545
-.6089 -.2865  .0836 -.0219  .0211  .9995  .4664  .5418
-.6164 -.2793  .0832 -.0356  .0343  .9988  .4761  .5311
-.6229 -.2731  .0826 -.0503  .0488  .9975  .4844  .5219
-.6285 -.2677  .082 -.0637  .0625  .996  .4916  .514
-.6336 -.2629  .0813 -.0736  .0724  .9947  .4981  .5068
-.5904 -.2755 -.0128  .8239 -.2958 -.4834  .4397  .5286
-.5863 -.277 -.0048  .8164 -.2932 -.4976  .4341  .531
-.5819 -.2786  .003  .7934 -.2847 -.538  .4283  .5336
-.5771 -.2803  .0105  .7515 -.2696 -.6022  .4218  .5365
-.5716 -.2823  .0176  .6867 -.2464 -.6839  .4144  .5398
-.5652 -.2846  .0241  .5971 -.2145 -.7729  .4058  .5436
-.5577 -.2873  .0299  .4861 -.1747 -.8563  .3957  .5481
-.5489 -.2904  .0347  .3595 -.1292 -.9242  .3838  .5533
-.5368 -.2948  .0391  .2663 -.0958 -.9591  .3675  .5605
-.5206 -.3006  .0436  .2365 -.0847 -.9679  .3457  .5702
-.5016 -.3074  .0488  .2488 -.0889 -.9645  .3202  .5815
-.4813 -.3147  .055  .2907 -.1047 -.9511  .2928  .5936
-.461 -.322  .0626  .3646 -.1312 -.9219  .2655  .6057
-.4421 -.3288  .0721  .4765 -.1712 -.8624  .24  .617
-.4259 -.3346  .084  .5848 -.2097 -.7836  .2182  .6267
-.4129 -.3393  .0962  .6409 -.23 -.7324  .2008  .6344
-.4026 -.343  .1068  .6721 -.2411 -.7002  .1869  .6405
-.3944 -.3459  .116  .7065 -.2538 -.6607  .1759  .6454
-.388 -.3482  .1242  .7416 -.2665 -.6157  .1672  .6492
-.3828 -.3501  .1316  .7723 -.2774 -.5715  .1603  .6523
-.3786 -.3516  .1385  .7933 -.2849 -.5381  .1545  .6549
-.3747 -.353  .1451  .1789 -.065  .9817  .1494  .6571
-.3782 -.3517  .1458  .1652 -.0599  .9844  .154  .6551
-.3819 -.3504  .1464  .1257 -.0447  .9911  .159  .6529
-.386 -.3489  .1469  .068 -.0244  .9974  .1645  .6504
-.3908 -.3472  .147  .0068 -.0024  1  .171  .6476
-.3965 -.3451  .1469 -.0511  .0184  .9985  .1787  .6442
-.4033 -.3427  .1462 -.1  .0362  .9943  .1878  .6401
-.4115 -.3398  .1451 -.1909  .0684  .9792  .1988  .6352
-.4252 -.3348  .1406 -.3077  .1107  .945  .2173  .6271
-.4467 -.3271  .1315 -.3564  .1281  .9255  .2463  .6142
-.4733 -.3176  .1196 -.3626  .1305  .9228  .282  .5984
-.5021 -.3072  .1069 -.3487  .1255  .9288  .3208  .5812
-.5304 -.2971  .0955 -.3115  .1121  .9436  .3589  .5644
-.5554 -.2881  .0872 -.2233  .0802  .9714  .3926  .5494
-.5744 -.2813  .084 -.0865  .0311  .9958  .4182  .5381
-.5883 -.2763  .0839 -.0128  .0046  .9999  .4369  .5298
-.6 -.2721  .0836 -.0286  .0102  .9995  .4526  .5229
-.6098 -.2686  .0832 -.0465  .0166  .9988  .4658  .517
-.6182 -.2655  .0826 -.066  .0233  .9975  .4772  .512
-.6255 -.2629  .082 -.0828  .0307  .9961  .487  .5076
-.6321 -.2606  .0813 -.0967  .036  .9947  .4959  .5037
-1.0224 -.7648 -.0128  0  0 -1  .5042  .5
-1.016 -.7143 -.0128  .1105  .8685 -.4832  .4336  .5
-1.0154 -.7099 -.0048  .1095  .8605 -.4976  .4275  .5
-1.0148 -.7053  .003  .1062  .8362 -.5381  .4211  .5
-1.0142 -.7002  .0105  .1009  .792 -.6021  .414  .5
-1.0134 -.6944  .0176  .0921  .7237 -.6839  .4059  .5
-1.0126 -.6877  .0241  .0799  .6294 -.773  .3965  .5
-1.0116 -.6798  .0299  .0653  .5124 -.8563  .3854  .5
-1.0104 -.6705  .0347  .048  .379 -.9241  .3724  .5
-1.0088 -.6577  .0391  .0355  .2808 -.9591  .3546  .5
-1.0066 -.6406  .0436  .031  .2493 -.9679  .3307  .5
-1.0041 -.6207  .0488  .0329  .2619 -.9645  .3028  .5
-1.0013 -.5993  .055  .0387  .3068 -.951  .2728  .5
-.9986 -.5779  .0626  .0491  .384 -.922  .2429  .5
-.9961 -.5579  .0721  .0639  .5022 -.8624  .215  .5
-.9939 -.5408  .084  .0783  .6162 -.7837  .1911  .5
-.9922 -.5272  .0962  .0857  .6755 -.7324  .172  .5
-.9908 -.5163  .1068  .09  .7083 -.7002  .1568  .5
-.9897 -.5077  .116  .0947  .7447 -.6607  .1448  .5
-.9888 -.5009  .1242  .0995  .7816 -.6157  .1353  .5
-.9881 -.4955  .1316  .1037  .8141 -.5714  .1277  .5
-.9876 -.491  .1385  .1065  .8362 -.538  .1214  .5
-.987 -.4869  .1451  .0242  .1886  .9818  .1158  .5
-.9875 -.4906  .1458  .0228  .1743  .9844  .1209  .5
-.988 -.4945  .1464  .0165  .1317  .9912  .1263  .5
-.9886 -.4988  .1469  .0091  .0718  .9974  .1324  .5
-.9892 -.5039  .147  .0009  .0068  1  .1395  .5
-.99 -.5099  .1469 -.0066 -.0532  .9986  .1479  .5
-.9909 -.5171  .1462 -.0132 -.1055  .9943  .1579  .5
-.992 -.5257  .1451 -.0255 -.2012  .9792  .1699  .5
-.9938 -.5401  .1406 -.0415 -.3243  .9451  .1901  .5
-.9967 -.5628  .1315 -.0479 -.3757  .9255  .2219  .5
-1.0003 -.5908  .1196 -.0489 -.3822  .9228  .261  .5
-1.0041 -.6212  .1069 -.0471 -.3676  .9288  .3034  .5
-1.0079 -.651  .0955 -.042 -.3282  .9437  .3452  .5
-1.0113 -.6774  .0872 -.03 -.2354  .9714  .3821  .5
-1.0138 -.6974  .084 -.0116 -.0911  .9958  .4101  .5
-1.0157 -.712  .0839 -.0017 -.0135  .9999  .4305  .5
-1.0173 -.7243  .0836 -.0037 -.0299  .9995  .4477  .5
-1.0186 -.7347  .0832 -.0063 -.049  .9988  .4622  .5
-1.0197 -.7436  .0826 -.0084 -.069  .9976  .4746  .5
-1.0207 -.7513  .082 -.01 -.0887  .996  .4854  .5
-1.0216 -.7582  .0813 -.0141 -.1017  .9947  .4951  .5
-1.0224 -.7648  .0806  0  0  1  .5042  .5
-1.0371 -.716 -.0128 -.2522  .8384 -.4833  .4397  .4714
-1.0383 -.7118 -.0048 -.2497  .8307 -.4976  .4341  .469
-1.0397 -.7073  .003 -.2429  .8071 -.5381  .4283  .4664
-1.0411 -.7024  .0105 -.2301  .7645 -.6022  .4218  .4635
-1.0428 -.6969  .0176 -.2105  .6985 -.6839  .4144  .4602
-1.0448 -.6904  .0241 -.1827  .6077 -.7729  .4058  .4564
-1.0471 -.6827  .0299 -.1488  .4946 -.8563  .3957  .4519
-1.0498 -.6737  .0347 -.11  .3658 -.9242  .3838  .4467
-1.0535 -.6614  .0391 -.0814  .2711 -.9591  .3675  .4395
-1.0585 -.645  .0436 -.0723  .2406 -.9679  .3457  .4298
-1.0642 -.6257  .0488 -.0757  .2531 -.9645  .3202  .4185
-1.0705 -.605  .055 -.0886  .2959 -.9511  .2928  .4064
-1.0767 -.5843  .0626 -.1114  .3711 -.9219  .2655  .3943
-1.0825 -.5651  .0721 -.1459  .4848 -.8624  .24  .383
-1.0875 -.5486  .084 -.1789  .5949 -.7836  .2182  .3733
-1.0914 -.5354  .0962 -.196  .6521 -.7324  .2008  .3656
-1.0946 -.5249  .1068 -.2055  .6838 -.7002  .1869  .3595
-1.0971 -.5166  .116 -.2165  .7188 -.6607  .1759  .3546
-1.0991 -.51  .1242 -.2273  .7545 -.6156  .1672  .3508
-1.1006 -.5048  .1316 -.2364  .7859 -.5714  .1603  .3477
-1.1019 -.5005  .1385 -.2427  .8071 -.5382  .1545  .3451
-1.1031 -.4966  .1451 -.2451  .8143 -.5262  .1494  .3429
-1.1021 -.5001  .1458 -.05  .1684  .9844  .154  .3449
-1.1009 -.5038  .1464 -.0376  .1269  .9912  .159  .3471
-1.0997 -.508  .1469 -.0209  .0694  .9974  .1645  .3496
-1.0982 -.5129  .147 -.002  .0065  1  .171  .3524
-1.0964 -.5187  .1469  .0154 -.0515  .9986  .1787  .3558
-1.0944 -.5257  .1462  .0304 -.1014  .9944  .1878  .3599
-1.0919 -.534  .1451  .0584 -.1942  .9792  .1988  .3648
-1.0877 -.5479  .1406  .0945 -.313  .9451  .2173  .3729
-1.0811 -.5698  .1315  .1093 -.3626  .9255  .2463  .3858
-1.0729 -.5968  .1196  .1113 -.3689  .9228  .282  .4016
-1.0641 -.6261  .1069  .1071 -.3548  .9288  .3208  .4188
-1.0554 -.6549  .0955  .0955 -.3168  .9437  .3589  .4356
-1.0478 -.6804  .0872  .0684 -.2273  .9714  .3926  .4506
-1.042 -.6998  .084  .0265 -.088  .9958  .4182  .4619
-1.0377 -.7138  .0839  .0038 -.0129  .9999  .4369  .4702
-1.0341 -.7257  .0836  .0087 -.0291  .9995  .4526  .4771
-1.0311 -.7357  .0832  .0143 -.0472  .9988  .4658  .483
-1.0286 -.7443  .0826  .0196 -.0666  .9976  .4772  .488
-1.0263 -.7517  .082  .0246 -.0848  .9961  .487  .4924
-1.0243 -.7584  .0813  .0286 -.0992  .9947  .4959  .4963
-1.0556 -.7262 -.0128 -.5716  .6631 -.4833  .457  .4478
-1.0585 -.7229 -.0048 -.5664  .657 -.4976  .4529  .4433
-1.0615 -.7193  .003 -.5503  .6385 -.538  .4486  .4385
-1.0649 -.7155  .0105 -.521  .605 -.6021  .4438  .4333
-1.0687 -.711  .0176 -.4762  .5528 -.6839  .4384  .4273
-1.0731 -.7059  .0241 -.4141  .4807 -.773  .4321  .4204
-1.0783 -.6999  .0299 -.3373  .3911 -.8563  .4247  .4122
-1.0844 -.6928  .0347 -.2495  .2893 -.9241  .416  .4026
-1.0928 -.683  .0391 -.1848  .2143 -.9591  .4041  .3894
-1.1041 -.67  .0436 -.1641  .1901 -.9679  .3881  .3717
-1.1172 -.6547  .0488 -.1728  .1999 -.9645  .3694  .3511
-1.1313 -.6384  .055 -.2019  .2339 -.9511  .3494  .329
-1.1454 -.622  .0626 -.2525  .2935 -.922  .3294  .3069
-1.1585 -.6068  .0721 -.3304  .3837 -.8623  .3107  .2862
-1.1698 -.5937  .084 -.4052  .4707 -.7838  .2947  .2686
-1.1787 -.5833  .0962 -.4444  .5159 -.7324  .282  .2545
-1.1859 -.575  .1068 -.466  .5411 -.7001  .2718  .2432
-1.1916 -.5684  .116 -.4901  .5687 -.6606  .2637  .2343
-1.196 -.5633  .1242 -.5141  .597 -.6158  .2574  .2273
-1.1996 -.5591  .1316 -.5356  .6217 -.5715  .2523  .2217
-1.2026 -.5557  .1385 -.5502  .6387 -.5379  .2481  .2171
-1.2052 -.5526  .1451 -.1244  .144  .9817  .2443  .2129
-1.2028 -.5554  .1458 -.1151  .133  .9844  .2477  .2167
-1.2003 -.5583  .1464 -.0868  .1004  .9912  .2513  .2207
-1.1974 -.5617  .1469 -.0473  .0549  .9974  .2554  .2252
-1.1941 -.5655  .147 -.0045  .0051  1  .2602  .2304
-1.1901 -.5701  .1469  .0351 -.0406  .9986  .2658  .2366
-1.1854 -.5756  .1462  .0689 -.0803  .9944  .2725  .244
-1.1797 -.5822  .1451  .1323 -.1537  .9792  .2805  .2529
-1.1702 -.5932  .1406  .2133 -.2478  .945  .2941  .2679
-1.1553 -.6105  .1315  .2471 -.287  .9255  .3153  .2913
-1.1369 -.6319  .1196  .2517 -.2917  .9228  .3415  .3202
-1.1169 -.6551  .1069  .2421 -.2805  .9288  .3699  .3516
-1.0973 -.6779  .0955  .2158 -.2508  .9437  .3978  .3824
-1.0799 -.698  .0872  .1549 -.1799  .9714  .4225  .4097
-1.0667 -.7133  .084  .06 -.0697  .9958  .4412  .4304
-1.0571 -.7245  .0839  .0088 -.0101  .9999  .4549  .4455
-1.049 -.7339  .0836  .0196 -.0229  .9995  .4664  .4582
-1.0422 -.7418  .0832  .0322 -.0375  .9988  .4761  .4689
-1.0363 -.7486  .0826  .0456 -.0524  .9976  .4844  .4781
-1.0313 -.7545  .082  .0583 -.0662  .9961  .4916  .486
-1.0267 -.7598  .0813  .0683 -.0774  .9947  .4981  .4932
-1.0685 -.743 -.0128 -.7919  .3737 -.483  .4824  .4332
-1.0724 -.7412 -.0048 -.7845  .3701 -.4975  .4805  .4274
-1.0766 -.7392  .003 -.7622  .3596 -.5382  .4785  .4213
-1.0813 -.737  .0105 -.7221  .3404 -.6022  .4763  .4146
-1.0865 -.7345  .0176 -.66  .3112 -.6838  .4738  .407
-1.0927 -.7316  .0241 -.574  .2706 -.7729  .4709  .3981
-1.0999 -.7282  .0299 -.4674  .2203 -.8561  .4675  .3876
-1.1084 -.7242  .0347 -.3453  .1627 -.9243  .4635  .3753
-1.12 -.7187  .0391 -.2561  .121 -.9591  .458  .3584
-1.1356 -.7114  .0436 -.2269  .1077 -.9679  .4506  .3358
-1.1538 -.7028  .0488 -.2388  .113 -.9645  .442  .3094
-1.1733 -.6936  .055 -.2794  .1319 -.9511  .4327  .2811
-1.1928 -.6844  .0626 -.3503  .165 -.922  .4235  .2528
-1.211 -.6758  .0721 -.4579  .2159 -.8624  .4149  .2264
-1.2266 -.6685  .084 -.5618  .2649 -.7837  .4075  .2038
-1.239 -.6626  .0962 -.6159  .2903 -.7324  .4016  .1858
-1.2489 -.6579  .1068 -.6459  .3045 -.7001  .3969  .1714
-1.2568 -.6542  .116 -.6789  .3203 -.6607  .3932  .16
-1.263 -.6513  .1242 -.7127  .3359 -.6159  .3902  .151
-1.2679 -.649  .1316 -.7423  .3499 -.5714  .3879  .1439
-1.272 -.647  .1385 -.7624  .3594 -.5381  .3859  .1379
-1.2757 -.6453  .1451 -.1718  .0814  .9818  .3842  .1326
-1.2724 -.6469  .1458 -.1589  .0752  .9844  .3858  .1374
-1.2688 -.6485  .1464 -.1204  .0571  .9911  .3875  .1425
-1.2649 -.6504  .1469 -.0655  .0309  .9974  .3893  .1483
-1.2603 -.6526  .147 -.0062  .003  1  .3915  .155
-1.2548 -.6552  .1469  .0485 -.023  .9986  .3941  .1629
-1.2482 -.6583  .1462  .0956 -.0453  .9944  .3972  .1724
-1.2404 -.6619  .1451  .1834 -.0866  .9792  .4009  .1838
-1.2272 -.6682  .1406  .2958 -.1392  .945  .4072  .2029
-1.2065 -.6779  .1315  .3426 -.1615  .9255  .417  .2329
-1.181 -.69  .1196  .3483 -.1647  .9228  .4291  .2699
-1.1533 -.703  .1069  .3351 -.1582  .9288  .4422  .3101
-1.1261 -.7158  .0955  .2993 -.1413  .9437  .4551  .3495
-1.1021 -.7272  .0872  .2149 -.1014  .9714  .4665  .3844
-1.0838 -.7358  .084  .0831 -.0392  .9958  .4751  .4109
-1.0705 -.7421  .0839  .0121 -.0057  .9999  .4815  .4302
-1.0593 -.7474  .0836  .0274 -.013  .9995  .4868  .4465
-1.0498 -.7518  .0832  .0446 -.0211  .9988  .4913  .4602
-1.0417 -.7556  .0826  .0631 -.0303  .9975  .4951  .472
-1.0347 -.759  .082  .0802 -.039  .996  .4984  .4821
-1.0284 -.7619  .0813  .0933 -.0429  .9947  .5014  .4913
-1.0733 -.7637 -.0128 -.8754  .0189 -.483  .5116  .4301
-1.0777 -.7636 -.0048 -.8673  .0189 -.4975  .5123  .4241
-1.0823 -.7635  .003 -.8428  .0183 -.5379  .5129  .4177
-1.0875 -.7633  .0105 -.798  .0172 -.6024  .5137  .4107
-1.0933 -.7632  .0176 -.7292  .0157 -.6841  .5145  .4027
-1.1001 -.7631  .0241 -.6343  .0139 -.773  .5155  .3934
-1.108 -.7629  .0299 -.5166  .0115 -.8561  .5167  .3825
-1.1174 -.7627  .0347 -.3817  .0084 -.9242  .518  .3696
-1.1303 -.7624  .0391 -.2831  .0059 -.9591  .5199  .352
-1.1475 -.762  .0436 -.2512  .005 -.9679  .5224  .3283
-1.1676 -.7616  .0488 -.264  .006 -.9645  .5253  .3007
-1.1892 -.7611  .055 -.3089  .0066 -.9511  .5284  .2711
-1.2108 -.7607  .0626 -.3871  .0082 -.922  .5316  .2415
-1.2309 -.7602  .0721 -.506  .0112 -.8624  .5345  .2139
-1.2481 -.7598  .084 -.621  .0136 -.7837  .537  .1903
-1.2618 -.7595  .0962 -.6807  .0151 -.7324  .539  .1714
-1.2728 -.7593  .1068 -.7139  .0157 -.7001  .5406  .1564
-1.2815 -.7591  .116 -.7505  .0163 -.6607  .5418  .1445
-1.2883 -.759  .1242 -.7879  .0173 -.6156  .5428  .1351
-1.2938 -.7588  .1316 -.8204  .0177 -.5715  .5436  .1276
-1.2983 -.7587  .1385 -.8426  .0183 -.5382  .5443  .1214
-1.3024 -.7587  .1451 -.1901  .0038  .9818  .5449  .1158
-1.2987 -.7587  .1458 -.176  .0041  .9844  .5443  .1208
-1.2948 -.7588  .1464 -.1332  .0032  .9911  .5438  .1262
-1.2904 -.7589  .1469 -.0724  .0015  .9974  .5431  .1322
-1.2853 -.759  .147 -.0068  .0001  1  .5424  .1392
-1.2793 -.7592  .1469  .0536 -.0013  .9986  .5415  .1475
-1.272 -.7593  .1462  .1058 -.0021  .9944  .5404  .1574
-1.2634 -.7595  .1451  .2028 -.0043  .9792  .5392  .1693
-1.2488 -.7598  .1406  .3271 -.0069  .945  .5371  .1893
-1.2259 -.7603  .1315  .3787 -.0079  .9255  .5338  .2207
-1.1977 -.7609  .1196  .3853 -.0085  .9228  .5297  .2594
-1.1671 -.7616  .1069  .3704 -.0082  .9288  .5252  .3014
-1.1371 -.7623  .0955  .331 -.0074  .9436  .5209  .3427
-1.1105 -.7628  .0872  .2376 -.005  .9714  .517  .3792
-1.0903 -.7633  .084  .0919 -.0019  .9958  .5141  .4069
-1.0756 -.7636  .0839  .0134 -.0002  .9999  .512  .427
-1.0632 -.7639  .0836  .0303 -.0006  .9995  .5102  .4441
-1.0527 -.7641  .0832  .0493 -.001  .9988  .5086  .4584
-1.0438 -.7643  .0826  .07 -.001  .9975  .5073  .4707
-1.036 -.7645  .082  .0892 -.0009  .996  .5062  .4813
-1.029 -.7646  .0813  .1027 -.0013  .9947  .5052  .4909
-1.0694 -.7845 -.0128 -.8077 -.3384 -.4829  .5396  .4392
-1.0734 -.7862 -.0048 -.7999 -.3354 -.4976  .5426  .4339
-1.0777 -.788  .003 -.7772 -.3259 -.5382  .5458  .4284
-1.0824 -.7899  .0105 -.7363 -.3086 -.6022  .5494  .4222
-1.0878 -.7922  .0176 -.6728 -.2821 -.684  .5534  .4153
-1.094 -.7948  .0241 -.5852 -.2453 -.7729  .5581  .4072
-1.1014 -.7979  .0299 -.4766 -.1998 -.8561  .5637  .3977
-1.1101 -.8015  .0347 -.3521 -.1475 -.9243  .5702  .3864
-1.1219 -.8065  .0391 -.2613 -.1093 -.959  .5791  .3711
-1.1378 -.8132  .0436 -.2319 -.0966 -.9679  .591  .3505
-1.1563 -.8209  .0488 -.2436 -.1017 -.9645  .605  .3265
-1.1762 -.8293  .055 -.2851 -.1194 -.951  .6199  .3007
-1.1962 -.8376  .0626 -.3572 -.1495 -.922  .6349  .2749
-1.2147 -.8454  .0721 -.4667 -.1959 -.8625  .6489  .2509
-1.2306 -.8521  .084 -.5729 -.2403 -.7836  .6608  .2303
-1.2433 -.8574  .0962 -.6277 -.2635 -.7325  .6703  .2139
-1.2534 -.8616  .1068 -.6584 -.276 -.7002  .678  .2008
-1.2614 -.865  .116 -.6923 -.2902 -.6607  .684  .1904
-1.2677 -.8676  .1242 -.7267 -.3048 -.6156  .6887  .1822
-1.2727 -.8697  .1316 -.7568 -.3172 -.5715  .6925  .1757
-1.2769 -.8715  .1385 -.7775 -.3258 -.5379  .6957  .1703
-1.2807 -.8731  .1451 -.1757 -.0733  .9817  .6985  .1654
-1.2773 -.8717  .1458 -.1624 -.0685  .9843  .6959  .1698
-1.2737 -.8701  .1464 -.1228 -.0519  .9911  .6932  .1745
-1.2696 -.8684  .1469 -.0668 -.028  .9974  .6902  .1797
-1.2649 -.8665  .147 -.0066 -.0028  1  .6866  .1858
-1.2593 -.8641  .1469  .0501  .0209  .9985  .6824  .1931
-1.2527 -.8613  .1462  .0977  .0408  .9944  .6774  .2017
-1.2447 -.858  .1451  .1871  .0783  .9792  .6714  .2121
-1.2312 -.8523  .1406  .302  .1262  .9449  .6613  .2295
-1.2101 -.8435  .1315  .3494  .146  .9255  .6454  .2568
-1.1841 -.8326  .1196  .3555  .1488  .9228  .6259  .2905
-1.1559 -.8208  .1069  .3416  .1436  .9288  .6046  .3271
-1.1282 -.8091  .0955  .3055  .1277  .9436  .5838  .363
-1.1036 -.7988  .0872  .2187  .0915  .9715  .5653  .3948
-1.085 -.791  .084  .0846  .0352  .9958  .5513  .4189
-1.0714 -.7853  .0839  .0125  .0053  .9999  .5411  .4365
-1.06 -.7805  .0836  .0278  .0116  .9995  .5325  .4513
-1.0503 -.7765  .0832  .0456  .019  .9988  .5253  .4638
-1.0421 -.773  .0826  .0642  .0265  .9976  .5191  .4745
-1.0349 -.77  .082  .0827  .0335  .996  .5137  .4837
-1.0285 -.7673  .0813  .0943  .0407  .9947  .5088  .4921
-1.0573 -.8019 -.0128 -.5996 -.6378 -.4835  .5614  .4587
-1.0603 -.8051 -.0048 -.5943 -.6318 -.4976  .5663  .4551
-1.0635 -.8084  .003 -.5775 -.6141 -.5379  .5715  .4514
-1.067 -.8122  .0105 -.5469 -.5816 -.6022  .5773  .4472
-1.071 -.8164  .0176 -.4997 -.5315 -.6839  .5838  .4425
-1.0756 -.8214  .0241 -.4345 -.4623 -.773  .5914  .437
-1.0811 -.8272  .0299 -.354 -.3761 -.8563  .6004  .4305
-1.0875 -.834  .0347 -.2613 -.2781 -.9243  .6109  .4229
-1.0963 -.8434  .0391 -.1939 -.2065 -.9591  .6253  .4125
-1.1081 -.8559  .0436 -.1716 -.1834 -.9679  .6447  .3985
-1.1219 -.8706  .0488 -.1812 -.1921 -.9645  .6672  .3822
-1.1367 -.8863  .055 -.2119 -.2248 -.9511  .6915  .3647
-1.1515 -.902  .0626 -.265 -.2822 -.922  .7157  .3472
-1.1653 -.9167  .0721 -.3469 -.3685 -.8625  .7383  .3309
-1.1771 -.9292  .084 -.4257 -.4524 -.7837  .7576  .317
-1.1865 -.9392  .0962 -.4668 -.4959 -.7323  .773  .3058
-1.194 -.9472  .1068 -.4891 -.5202 -.7001  .7853  .2969
-1.2 -.9535  .116 -.5142 -.5468 -.6608  .7951  .2899
-1.2047 -.9585  .1242 -.5399 -.5739 -.6157  .8027  .2843
-1.2084 -.9625  .1316 -.5621 -.5979 -.5715  .8089  .2799
-1.2115 -.9658  .1385 -.5775 -.6141 -.538  .814  .2762
-1.2143 -.9688  .1451 -.1301 -.1387  .9818  .8185  .2729
-1.2118 -.9661  .1458 -.1203 -.1283  .9844  .8144  .2759
-1.2091 -.9632  .1464 -.0919 -.097  .991  .81  .2791
-1.2061 -.96  .1469 -.0495 -.0525  .9974  .8051  .2826
-1.2026 -.9563  .147 -.0049 -.0052  1  .7994  .2868
-1.1985 -.9519  .1469  .0371  .0397  .9985  .7926  .2917
-1.1935 -.9466  .1462  .0724  .0772  .9944  .7844  .2975
-1.1875 -.9403  .1451  .1389  .1479  .9792  .7747  .3046
-1.1776 -.9297  .1406  .2242  .2379  .9451  .7584  .3164
-1.1619 -.9131  .1315  .2594  .2759  .9255  .7327  .3349
-1.1426 -.8925  .1196  .2638  .2808  .9228  .701  .3578
-1.1216 -.8702  .1069  .2542  .2698  .9288  .6667  .3826
-1.101 -.8483  .0955  .2269  .2408  .9437  .6329  .407
-1.0827 -.8289  .0872  .1625  .1728  .9715  .6031  .4286
-1.0689 -.8142  .084  .063  .0669  .9958  .5804  .4449
-1.0588 -.8035  .0839  .0091  .0098  .9999  .5639  .4569
-1.0503 -.7945  .0836  .0206  .022  .9995  .55  .4669
-1.0432 -.7868  .0832  .0338  .036  .9988  .5383  .4754
-1.037 -.7803  .0826  .0474  .0508  .9976  .5282  .4827
-1.0317 -.7747  .082  .0602  .0658  .996  .5195  .489
-1.0269 -.7696  .0813  .0715  .0744  .9947  .5117  .4946
-1.0392 -.8128 -.0128  0  0 -1  .5733  .4854
-1.0406 -.817 -.0048 -.286 -.8189 -.4977  .5793  .4841
-1.0422 -.8214  .003 -.2777 -.7958 -.5381  .5856  .4828
-1.0439 -.8262  .0105 -.2634 -.7537 -.6021  .5925  .4813
-1.0458 -.8317  .0176 -.2406 -.6887 -.6839  .6005  .4797
-1.048 -.8381  .0241 -.2091 -.5991 -.7729  .6097  .4777
-1.0506 -.8456  .0299 -.1702 -.4877 -.8562  .6205  .4754
-1.0537 -.8545  .0347 -.1261 -.3603 -.9243  .6332  .4727
-1.058 -.8666  .0391 -.0931 -.2675 -.9591  .6506  .4691
-1.0636 -.8829  .0436 -.0826 -.2372 -.9679  .674  .4641
-1.0703 -.9019  .0488 -.0866 -.2494 -.9645  .7013  .4583
-1.0774 -.9223  .055 -.1014 -.2918 -.9511  .7306  .4522
-1.0845 -.9427  .0626 -.1275 -.3659 -.9219  .7599  .446
-1.0911 -.9617  .0721 -.1668 -.4779 -.8624  .7872  .4402
-1.0968 -.9779  .084 -.2046 -.5865 -.7836  .8105  .4353
-1.1014 -.9909  .0962 -.2243 -.6429 -.7324  .8292  .4313
-1.105 -1.0012  .1068 -.2354 -.6741 -.7002  .8441  .4282
-1.1078 -1.0094  .116 -.2474 -.7087 -.6607  .8559  .4257
-1.1101 -1.0159  .1242 -.2597 -.744 -.6156  .8651  .4237
-1.1119 -1.0211  .1316 -.2706 -.7748 -.5713  .8725  .4221
-1.1134 -1.0253  .1385 -.278 -.7957 -.5382  .8787  .4208
-1.1147 -1.0292  .1451 -.0634 -.1791  .9818  .8842  .4197
-1.1135 -1.0257  .1458 -.0582 -.1661  .9844  .8792  .4207
-1.1122 -1.022  .1464 -.0438 -.1257  .9911  .8739  .4219
-1.1108 -1.0179  .1469 -.0238 -.0683  .9974  .868  .4231
-1.1091 -1.0131  .147 -.0023 -.0068  1  .8611  .4246
-1.1071 -1.0073  .1469  .0178  .0506  .9986  .8528  .4263
-1.1047 -1.0005  .1462  .0353  .1003  .9943  .843  .4284
-1.1019 -.9923  .1451  .0668  .1916  .9792  .8313  .4309
-1.0971 -.9786  .1406  .1082  .3089  .9449  .8115  .4351
-1.0895 -.957  .1315  .1247  .3576  .9255  .7805  .4416
-1.0802 -.9303  .1196  .1268  .3639  .9228  .7422  .4497
-1.0701 -.9014  .1069  .1216  .3496  .929  .7007  .4585
-1.0602 -.8731  .0955  .1089  .3125  .9437  .6599  .4671
-1.0514 -.8479  .0872  .0781  .224  .9715  .6238  .4747
-1.0448 -.8289  .084  .0303  .0868  .9958  .5964  .4805
-1.0399 -.815  .0839  .0044  .0128  .9999  .5764  .4847
-1.0358 -.8033  .0836  .0099  .0286  .9995  .5596  .4883
-1.0324 -.7934  .0832  .0164  .0467  .9988  .5454  .4913
-1.0294 -.785  .0826  .0233  .0654  .9976  .5332  .4939
-1.0269 -.7776  .082  .0282  .0836  .9961  .5227  .4961
-1.0246 -.771  .0813  .0329  .0978  .9947  .5132  .4981
-1.0182 -.8155 -.0128  .0726 -.8724 -.4834  .5733  .5146
-1.0178 -.8199 -.0048  .072 -.8644 -.4976  .5793  .5159
-1.0174 -.8245  .003  .0698 -.84 -.5381  .5856  .5172
-1.017 -.8296  .0105  .0659 -.7956 -.6022  .5925  .5187
-1.0165 -.8354  .0176  .0604 -.7271 -.6839  .6005  .5203
-1.016 -.8422  .0241  .0525 -.6323 -.7729  .6097  .5223
-1.0153 -.8501  .0299  .0426 -.5148 -.8563  .6205  .5246
-1.0145 -.8595  .0347  .0317 -.3805 -.9243  .6332  .5273
-1.0135 -.8723  .0391  .0233 -.2822 -.9591  .6506  .5309
-1.012 -.8895  .0436  .0206 -.2504 -.9679  .674  .5359
-1.0104 -.9095  .0488  .0223 -.2633 -.9645  .7013  .5417
-1.0086 -.931  .055  .0253 -.3079 -.9511  .7306  .5478
-1.0068 -.9525  .0626  .0318 -.3858 -.922  .7599  .554
-1.0051 -.9726  .0721  .0418 -.5044 -.8624  .7872  .5598
-1.0037 -.9898  .084  .0513 -.6191 -.7836  .8105  .5647
-1.0026 -1.0035  .0962  .0561 -.6786 -.7324  .8292  .5687
-1.0016 -1.0144  .1068  .059 -.7115 -.7002  .8441  .5718
-1.0009 -1.023  .116  .0619 -.7481 -.6607  .8559  .5743
-1.0004 -1.0299  .1242  .0652 -.7853 -.6157  .8651  .5763
-.9999 -1.0353  .1316  .0678 -.8178 -.5715  .8725  .5779
-.9995 -1.0398  .1385  .0696 -.84 -.538  .8787  .5792
-.9992 -1.0439  .1451  .0153 -.1895  .9818  .8842  .5803
-.9995 -1.0402  .1458  .0139 -.1758  .9843  .8792  .5793
-.9998 -1.0363  .1464  .0109 -.1327  .9911  .8739  .5781
-1.0002 -1.0319  .1469  .006 -.0722  .9974  .868  .5769
-1.0006 -1.0269  .147  .0006 -.0072  1  .8611  .5754
-1.0011 -1.0208  .1469 -.0046  .0535  .9986  .8528  .5737
-1.0017 -1.0136  .1462 -.009  .1059  .9943  .843  .5716
-1.0024 -1.005  .1451 -.0167  .2021  .9792  .8313  .5691
-1.0036 -.9905  .1406 -.0268  .3258  .9451  .8115  .5649
-1.0055 -.9677  .1315 -.0311  .3774  .9255  .7805  .5584
-1.0079 -.9396  .1196 -.0317  .384  .9228  .7422  .5503
-1.0104 -.909  .1069 -.031  .3688  .929  .7007  .5415
-1.0129 -.8791  .0955 -.0272  .3299  .9436  .6599  .5329
-1.0151 -.8526  .0872 -.0197  .2365  .9714  .6238  .5253
-1.0168 -.8324  .084 -.0076  .0916  .9958  .5964  .5195
-1.018 -.8178  .0839 -.0011  .0134  .9999  .5764  .5153
-1.019 -.8054  .0836 -.0025  .0301  .9995  .5596  .5117
-1.0199 -.795  .0832 -.004  .0493  .9988  .5454  .5087
-1.0206 -.7861  .0826 -.0053  .0698  .9975  .5332  .5061
-1.0213 -.7783  .082 -.0082  .0879  .9961  .5227  .5039
-1.0218 -.7714  .0813 -.0098  .1027  .9947  .5132  .5019
-.9979 -.8094 -.0128  0  0 -1  .5614  .5413
-.9958 -.8133 -.0048  .4171 -.7605 -.4976  .5663  .5449
-.9936 -.8173  .003  .4055 -.7389 -.5381  .5715  .5486
-.9911 -.8218  .0105  .3842 -.6998 -.6022  .5773  .5528
-.9883 -.8269  .0176  .3511 -.6397 -.6838  .5838  .5575
-.985 -.8329  .0241  .305 -.5563 -.773  .5914  .563
-.9812 -.8399  .0299  .2484 -.4529 -.8562  .6004  .5695
-.9767 -.8481  .0347  .1836 -.3349 -.9242  .6109  .5771
-.9705 -.8594  .0391  .1364 -.2482 -.9591  .6253  .5875
-.9622 -.8745  .0436  .1209 -.2202 -.9679  .6447  .6015
-.9525 -.8921  .0488  .1266 -.2317 -.9645  .6672  .6178
-.9421 -.911  .055  .1489 -.2707 -.9511  .6915  .6353
-.9318 -.93  .0626  .1863 -.3395 -.922  .7157  .6528
-.9221 -.9476  .0721  .2436 -.4437 -.8625  .7383  .6691
-.9138 -.9627  .084  .2989 -.5446 -.7836  .7576  .683
-.9072 -.9747  .0962  .3273 -.5971 -.7323  .773  .6942
-.9019 -.9844  .1068  .3432 -.626 -.7002  .7853  .7031
-.8977 -.992  .116  .3612 -.6581 -.6606  .7951  .7101
-.8944 -.998  .1242  .3789 -.6909 -.6157  .8027  .7157
-.8918 -1.0028  .1316  .3948 -.7194 -.5715  .8089  .7201
-.8896 -1.0067  .1385  .4053 -.739 -.5381  .814  .7238
-.8877 -1.0103  .1451  .0911 -.1669  .9818  .8185  .7271
-.8894 -1.0071  .1458  .0839 -.1544  .9844  .8144  .7241
-.8913 -1.0037  .1464  .0636 -.1165  .9912  .81  .7209
-.8934 -.9998  .1469  .0348 -.0633  .9974  .8051  .7174
-.8959 -.9953  .147  .0034 -.0063  1  .7994  .7132
-.8988 -.99  .1469 -.0259  .047  .9986  .7926  .7083
-.9023 -.9837  .1462 -.0514  .0931  .9943  .7844  .7025
-.9065 -.9761  .1451 -.0977  .1778  .9792  .7747  .6954
-.9135 -.9633  .1406 -.1574  .2866  .945  .7584  .6836
-.9245 -.9433  .1315 -.1819  .3321  .9255  .7327  .6651
-.938 -.9185  .1196 -.1852  .338  .9228  .701  .6422
-.9528 -.8917  .1069 -.1779  .3252  .9288  .6667  .6174
-.9672 -.8653  .0955 -.1589  .2902  .9437  .6329  .593
-.98 -.842  .0872 -.1141  .2081  .9714  .6031  .5714
-.9897 -.8243  .084 -.0442  .0806  .9958  .5804  .5551
-.9968 -.8114  .0839 -.0064  .0118  .9999  .5639  .5431
-1.0028 -.8005  .0836 -.0145  .0264  .9995  .55  .5331
-1.0078 -.7913  .0832 -.0238  .0433  .9988  .5383  .5246
-1.0121 -.7835  .0826 -.0341  .0612  .9975  .5282  .5173
-1.0158 -.7767  .082 -.0417  .0779  .9961  .5195  .511
-1.0192 -.7706  .0813 -.0485  .0912  .9947  .5117  .5054
-.9819 -.7956 -.0128  .6969 -.5298 -.4834  .5396  .5608
-.9784 -.7983 -.0048  .6905 -.5248 -.4977  .5426  .5661
-.9747 -.8011  .003  .6709 -.5103 -.5381  .5458  .5716
-.9706 -.8042  .0105  .6353 -.4834 -.6022  .5494  .5778
-.9659 -.8077  .0176  .5805 -.4417 -.6841  .5534  .5847
-.9605 -.8118  .0241  .5052 -.3841 -.7728  .5581  .5928
-.9542 -.8166  .0299  .4112 -.3126 -.8563  .5637  .6023
-.9467 -.8223  .0347  .3043 -.2311 -.9241  .5702  .6136
-.9365 -.8301  .0391  .2254 -.1713 -.9591  .5791  .6289
-.9228 -.8405  .0436  .1998 -.1522 -.9679  .591  .6495
-.9068 -.8527  .0488  .21 -.1601 -.9645  .605  .6735
-.8896 -.8658  .055  .2457 -.1873 -.9511  .6199  .6993
-.8724 -.8788  .0626  .3083 -.2347 -.9219  .6349  .7251
-.8564 -.891  .0721  .4029 -.3066 -.8624  .6489  .7491
-.8427 -.9014  .084  .4943 -.3761 -.7837  .6608  .7697
-.8317 -.9097  .0962  .5419 -.4123 -.7323  .6703  .7861
-.823 -.9164  .1068  .5684 -.432 -.7002  .678  .7992
-.8161 -.9216  .116  .5977 -.4543 -.6606  .684  .8096
-.8106 -.9258  .1242  .6271 -.4771 -.6157  .6887  .8178
-.8063 -.9291  .1316  .6532 -.4968 -.5714  .6925  .8243
-.8027 -.9318  .1385  .671 -.51 -.5381  .6957  .8297
-.7994 -.9343  .1451  .1519 -.1147  .9817  .6985  .8346
-.8024 -.9321  .1458  .1402 -.106  .9844  .6959  .8302
-.8055 -.9297  .1464  .1059 -.0811  .9911  .6932  .8255
-.809 -.927  .1469  .0575 -.0438  .9974  .6902  .8203
-.813 -.924  .147  .0058 -.0043  1  .6866  .8142
-.8179 -.9203  .1469 -.0428  .0323  .9986  .6824  .8069
-.8236 -.9159  .1462 -.0848  .0641  .9943  .6774  .7983
-.8305 -.9107  .1451 -.161  .1226  .9793  .6714  .7879
-.8421 -.9018  .1406 -.2603  .1983  .9449  .6613  .7705
-.8603 -.888  .1315 -.3013  .2294  .9255  .6454  .7432
-.8828 -.8709  .1196 -.3065  .2335  .9228  .6259  .7095
-.9072 -.8524  .1069 -.2949  .2237  .929  .6046  .6729
-.9311 -.8342  .0955 -.2635  .2001  .9437  .5838  .637
-.9523 -.8181  .0872 -.189  .1436  .9714  .5653  .6052
-.9683 -.8059  .084 -.0732  .0556  .9958  .5513  .5811
-.9801 -.797  .0839 -.0107  .0081  .9999  .5411  .5635
-.9899 -.7895  .0836 -.0242  .0183  .9995  .5325  .5487
-.9983 -.7831  .0832 -.0393  .03  .9988  .5253  .5362
-1.0054 -.7777  .0826 -.0552  .0423  .9976  .5191  .5255
-1.0116 -.773  .082 -.0709  .0525  .9961  .5137  .5163
-1.0171 -.7688  .0813 -.0821  .0621  .9947  .5088  .5079
-.9728 -.7764 -.0128  .8521 -.2007 -.4833  .5116  .5699
-.9685 -.7775 -.0048  .8443 -.1987 -.4977  .5123  .5759
-.964 -.7785  .003  .8204 -.193 -.5382  .5129  .5823
-.959 -.7797  .0105  .7771 -.1832 -.6022  .5137  .5893
-.9534 -.781  .0176  .71 -.1673 -.684  .5145  .5973
-.9468 -.7826  .0241  .6177 -.1456 -.7728  .5155  .6066
-.939 -.7844  .0299  .5028 -.1186 -.8562  .5167  .6175
-.9299 -.7866  .0347  .3716 -.0873 -.9243  .518  .6304
-.9174 -.7895  .0391  .2755 -.065 -.9591  .5199  .648
-.9006 -.7934  .0436  .2445 -.0576 -.9679  .5224  .6717
-.881 -.7981  .0488  .2571 -.0602 -.9645  .5253  .6993
-.86 -.803  .055  .3008 -.0705 -.9511  .5284  .7289
-.839 -.808  .0626  .3771 -.0886 -.9219  .5316  .7585
-.8194 -.8126  .0721  .4928 -.116 -.8624  .5345  .7861
-.8026 -.8165  .084  .6046 -.1422 -.7837  .537  .8097
-.7893 -.8197  .0962  .6628 -.1559 -.7323  .539  .8286
-.7786 -.8222  .1068  .695 -.1637 -.7002  .5406  .8436
-.7701 -.8242  .116  .7307 -.1721 -.6606  .5418  .8555
-.7635 -.8257  .1242  .767 -.1808 -.6157  .5428  .8649
-.7582 -.827  .1316  .7989 -.1879 -.5714  .5436  .8724
-.7537 -.828  .1385  .8204 -.1934 -.5381  .5443  .8786
-.7498 -.829  .1451  .1854 -.0429  .9817  .5449  .8842
-.7533 -.8281  .1458  .1712 -.0398  .9844  .5443  .8792
-.7572 -.8272  .1464  .13 -.0301  .9911  .5438  .8738
-.7614 -.8262  .1469  .0705 -.0166  .9974  .5431  .8678
-.7664 -.825  .147  .0067 -.0016  1  .5424  .8608
-.7723 -.8237  .1469 -.0523  .0124  .9986  .5415  .8525
-.7793 -.822  .1462 -.1034  .0246  .9943  .5404  .8426
-.7878 -.82  .1451 -.1971  .0463  .9793  .5392  .8307
-.802 -.8167  .1406 -.3186  .0747  .9449  .5371  .8107
-.8242 -.8114  .1315 -.3686  .0869  .9255  .5338  .7793
-.8517 -.805  .1196 -.375  .0885  .9228  .5297  .7406
-.8815 -.798  .1069 -.3606  .0852  .9288  .5252  .6986
-.9108 -.7911  .0955 -.3221  .0757  .9437  .5209  .6573
-.9366 -.785  .0872 -.2312  .0546  .9714  .517  .6208
-.9563 -.7803  .084 -.0896  .0211  .9958  .5141  .5931
-.9706 -.777  .0839 -.0132  .0031  .9999  .512  .573
-.9827 -.7741  .0836 -.0294  .0068  .9995  .5102  .5559
-.9929 -.7717  .0832 -.0482  .0112  .9988  .5086  .5416
-1.0016 -.7697  .0826 -.0675  .0163  .9976  .5073  .5293
-1.0091 -.7679  .082 -.0866  .0215  .996  .5062  .5187
-1.016 -.7663  .0813 -.1002  .0223  .9947  .5052  .5091
-.9724 -.7553 -.0128  .8599  .1632 -.4837  .4824  .5668
-.968 -.7544 -.0048  .8522  .1615 -.4977  .4805  .5726
-.9635 -.7536  .003  .8283  .157 -.5379  .4785  .5787
-.9585 -.7526  .0105  .7843  .1491 -.6023  .4763  .5854
-.9527 -.7515  .0176  .7167  .1362 -.684  .4738  .593
-.9461 -.7503  .0241  .6234  .1186 -.7728  .4709  .6019
-.9382 -.7488  .0299  .5075  .0964 -.8563  .4675  .6124
-.929 -.747  .0347  .375  .0713 -.9243  .4635  .6247
-.9164 -.7446  .0391  .278  .0526 -.9591  .458  .6416
-.8995 -.7414  .0436  .2468  .0467 -.9679  .4506  .6642
-.8797 -.7377  .0488  .2597  .0488 -.9645  .442  .6906
-.8585 -.7336  .055  .3038  .058 -.951  .4327  .7189
-.8373 -.7296  .0626  .3807  .072 -.9219  .4235  .7472
-.8175 -.7259  .0721  .4973  .0943 -.8624  .4149  .7736
-.8006 -.7227  .084  .6104  .1157 -.7836  .4075  .7962
-.7871 -.7201  .0962  .6689  .1272 -.7323  .4016  .8142
-.7763 -.718  .1068  .7014  .1333 -.7002  .3969  .8286
-.7678 -.7164  .116  .7376  .1398 -.6607  .3932  .84
-.7611 -.7152  .1242  .7742  .1467 -.6157  .3902  .849
-.7557 -.7141  .1316  .8063  .1529 -.5714  .3879  .8561
-.7512 -.7133  .1385  .8281  .1574 -.5381  .3859  .8621
-.7472 -.7125  .1451  .1871  .0349  .9817  .3842  .8674
-.7508 -.7132  .1458  .1733  .0323  .9843  .3858  .8626
-.7547 -.7139  .1464  .1302  .0241  .9912  .3875  .8575
-.759 -.7148  .1469  .0712  .0135  .9974  .3893  .8517
-.764 -.7157  .147  .0067  .0013  1  .3915  .845
-.77 -.7168  .1469 -.0528 -.0099  .9986  .3941  .8371
-.7771 -.7182  .1462 -.1045 -.0196  .9943  .3972  .8276
-.7856 -.7198  .1451 -.1989 -.0377  .9793  .4009  .8162
-.7999 -.7225  .1406 -.3212 -.0612  .945  .4072  .7971
-.8224 -.7268  .1315 -.372 -.0708  .9255  .417  .7671
-.8501 -.7321  .1196 -.3785 -.0722  .9228  .4291  .7301
-.8802 -.7378  .1069 -.364 -.0694  .9288  .4422  .6899
-.9097 -.7434  .0955 -.3251 -.0615  .9437  .4551  .6505
-.9358 -.7483  .0872 -.2334 -.0445  .9714  .4665  .6156
-.9557 -.7521  .084 -.0904 -.0172  .9958  .4751  .5891
-.9701 -.7548  .0839 -.0133 -.0025  .9999  .4815  .5698
-.9823 -.7572  .0836 -.0296 -.0056  .9995  .4868  .5535
-.9926 -.7591  .0832 -.0486 -.0092  .9988  .4913  .5398
-1.0014 -.7608  .0826 -.0682 -.0133  .9976  .4951  .528
-1.009 -.7622  .082 -.0874 -.018  .996  .4984  .5179
-1.0159 -.7635  .0813 -.1016 -.0178  .9947  .5014  .5087
-.9806 -.7357 -.0128  .719  .4992 -.4836  .457  .5522
-.9769 -.7332 -.0048  .7125  .4945 -.4978  .4529  .5567
-.9731 -.7306  .003  .6925  .4806 -.5381  .4486  .5615
-.9689 -.7277  .0105  .656  .4552 -.6021  .4438  .5667
-.9641 -.7243  .0176  .5995  .416 -.6838  .4384  .5727
-.9586 -.7205  .0241  .5211  .3617 -.773  .4321  .5796
-.952 -.7159  .0299  .4246  .2943 -.8562  .4247  .5878
-.9443 -.7106  .0347  .3138  .2176 -.9242  .416  .5974
-.9337 -.7033  .0391  .2324  .1614 -.9591  .4041  .6106
-.9196 -.6934  .0436  .2064  .1432 -.9679  .3881  .6283
-.903 -.682  .0488  .2169  .1509 -.9645  .3694  .6489
-.8853 -.6697  .055  .2543  .176 -.951  .3494  .671
-.8676 -.6574  .0626  .3182  .2207 -.922  .3294  .6931
-.851 -.6459  .0721  .4159  .2886 -.8624  .3107  .7138
-.8369 -.6361  .084  .5103  .3543 -.7836  .2947  .7314
-.8256 -.6283  .0962  .5593  .3883 -.7324  .282  .7455
-.8166 -.622  .1068  .5867  .4069 -.7002  .2718  .7568
-.8094 -.617  .116  .6167  .428 -.6606  .2637  .7657
-.8038 -.6131  .1242  .6474  .4492 -.6157  .2574  .7727
-.7993 -.61  .1316  .6743  .4676 -.5715  .2523  .7783
-.7956 -.6074  .1385  .6927  .4803 -.5381  .2481  .7829
-.7923 -.6051  .1451  .1558  .1088  .9818  .2443  .7871
-.7953 -.6072  .1458  .1445  .1004  .9844  .2477  .7833
-.7985 -.6094  .1464  .1095  .0758  .9911  .2513  .7793
-.8021 -.612  .1469  .0596  .0413  .9974  .2554  .7748
-.8063 -.6149  .147  .0057  .0038  1  .2602  .7696
-.8113 -.6183  .1469 -.044 -.0307  .9986  .2658  .7634
-.8172 -.6224  .1462 -.0872 -.0608  .9943  .2725  .756
-.8243 -.6274  .1451 -.1662 -.1155  .9793  .2805  .7471
-.8363 -.6357  .1406 -.2687 -.1868  .9449  .2941  .7321
-.8551 -.6487  .1315 -.3112 -.2158  .9255  .3153  .7087
-.8783 -.6648  .1196 -.3167 -.2194  .9228  .3415  .6798
-.9034 -.6822  .1069 -.3043 -.2115  .9288  .3699  .6484
-.9282 -.6994  .0955 -.2717 -.1888  .9437  .3978  .6176
-.95 -.7146  .0872 -.1949 -.1351  .9715  .4225  .5903
-.9666 -.7261  .084 -.0759 -.0526  .9957  .4412  .5696
-.9787 -.7345  .0839 -.011 -.0077  .9999  .4549  .5545
-.9889 -.7415  .0836 -.0247 -.0172  .9995  .4664  .5418
-.9975 -.7475  .0832 -.041 -.0305  .9987  .4761  .5311
-1.0048 -.7526  .0826 -.0568 -.0399  .9976  .4844  .5219
-1.0112 -.757  .082 -.0726 -.052  .996  .4916  .514
-1.017 -.761  .0813 -.0845 -.0588  .9947  .4981  .5068
-.996 -.7212 -.0128  .4543  .7486 -.483  .4397  .5286
-.9937 -.7175 -.0048  .4497  .7417 -.4976  .4341  .531
-.9913 -.7135  .003  .437  .7207 -.5381  .4283  .5336
-.9886 -.7091  .0105  .4139  .6826 -.6023  .4218  .5365
-.9856 -.7041  .0176  .3787  .6237 -.6838  .4144  .5398
-.9821 -.6983  .0241  .3291  .5424 -.7729  .4058  .5436
-.978 -.6915  .0299  .2679  .4419 -.8561  .3957  .5481
-.9731 -.6835  .0347  .1983  .3265 -.9241  .3838  .5533
-.9664 -.6725  .0391  .147  .2416 -.9592  .3675  .5605
-.9575 -.6578  .0436  .1308  .2145 -.9679  .3457  .5702
-.947 -.6406  .0488  .1367  .2259 -.9645  .3202  .5815
-.9358 -.6221  .055  .1601  .2646 -.951  .2928  .5936
-.9246 -.6037  .0626  .2006  .3311 -.922  .2655  .6057
-.9142 -.5865  .0721  .2625  .433 -.8623  .24  .617
-.9053 -.5718  .084  .3221  .5313 -.7836  .2182  .6267
-.8981 -.56  .0962  .3533  .582 -.7324  .2008  .6344
-.8924 -.5506  .1068  .3702  .6104 -.7002  .1869  .6405
-.8879 -.5432  .116  .3893  .6419 -.6606  .1759  .6454
-.8844 -.5374  .1242  .4086  .6738 -.6157  .1672  .6492
-.8816 -.5327  .1316  .4256  .7017 -.5715  .1603  .6523
-.8792 -.5288  .1385  .4372  .7207 -.538  .1545  .6549
-.8771 -.5253  .1451  .0983  .163  .9817  .1494  .6571
-.879 -.5285  .1458  .091  .151  .9843  .154  .6551
-.881 -.5318  .1464  .0688  .1142  .9911  .159  .6529
-.8833 -.5356  .1469  .0376  .0619  .9974  .1645  .6504
-.886 -.5399  .147  .0036  .0058  1  .171  .6476
-.8891 -.5451  .1469 -.0279 -.0458  .9986  .1787  .6442
-.8929 -.5513  .1462 -.0554 -.0908  .9943  .1878  .6401
-.8973 -.5587  .1451 -.1053 -.1733  .9792  .1988  .6352
-.9049 -.5712  .1406 -.1698 -.2793  .9451  .2173  .6271
-.9168 -.5907  .1315 -.1962 -.3239  .9255  .2463  .6142
-.9314 -.6148  .1196 -.1997 -.3295  .9228  .282  .5984
-.9473 -.641  .1069 -.1919 -.317  .9288  .3208  .5812
-.9629 -.6667  .0955 -.1719 -.2829  .9436  .3589  .5644
-.9767 -.6895  .0872 -.1231 -.2027  .9715  .3926  .5494
-.9872 -.7067  .084 -.0477 -.0785  .9958  .4182  .5381
-.9948 -.7193  .0839 -.0069 -.0115  .9999  .4369  .5298
-1.0012 -.7299  .0836 -.0157 -.0257  .9995  .4526  .5229
-1.0067 -.7389  .0832 -.0279 -.0428  .9987  .4658  .517
-1.0113 -.7465  .0826 -.0363 -.0592  .9976  .4772  .512
-1.0153 -.7531  .082 -.0474 -.0756  .996  .487  .5076
-1.019 -.7591  .0813 -.0523 -.0884  .9947  .4959  .5037
-.173 -.7552 -.0128  0  0 -1  .5042  .5
-.1786 -.8058 -.0128 -.0954 -.8702 -.4834  .4341  .5
-.1791 -.8102 -.0048 -.0945 -.8622 -.4976  .4281  .5
-.1796 -.8148  .003 -.0919 -.8379 -.5381  .4217  .5
-.1801 -.8199  .0105 -.0867 -.7936 -.6022  .4146  .5
-.1808 -.8257  .0176 -.0794 -.7252 -.6839  .4066  .5
-.1815 -.8324  .0241 -.0689 -.6307 -.773  .3973  .5
-.1824 -.8403  .0299 -.056 -.5134 -.8563  .3863  .5
-.1834 -.8497  .0347 -.0414 -.3798 -.9241  .3734  .5
-.1848 -.8624  .0391 -.0306 -.2813 -.9591  .3557  .5
-.1867 -.8795  .0436 -.0267 -.2498 -.9679  .332  .5
-.1889 -.8996  .0488 -.0284 -.2627 -.9645  .3043  .5
-.1912 -.921  .055 -.034 -.307 -.9511  .2746  .5
-.1936 -.9425  .0626 -.0422 -.385 -.922  .2449  .5
-.1958 -.9625  .0721 -.0553 -.5034 -.8623  .2172  .5
-.1976 -.9796  .084 -.0675 -.6175 -.7837  .1935  .5
-.1991 -.9932  .0962 -.0742 -.6768 -.7324  .1746  .5
-.2003 -1.0042  .1068 -.0779 -.7097 -.7002  .1594  .5
-.2013 -1.0128  .116 -.0818 -.7462 -.6606  .1475  .5
-.202 -1.0196  .1242 -.0859 -.7833 -.6157  .1381  .5
-.2026 -1.025  .1316 -.0893 -.8159 -.5713  .1306  .5
-.2031 -1.0295  .1385 -.0917 -.838 -.538  .1243  .5
-.2035 -1.0336  .1451 -.02 -.1893  .9817  .1187  .5
-.2031 -1.0299  .1458 -.0188 -.1752  .9844  .1238  .5
-.2027 -1.026  .1464 -.014 -.1318  .9912  .1292  .5
-.2022 -1.0217  .1469 -.0079 -.072  .9974  .1352  .5
-.2017 -1.0166  .147 -.0008 -.0072  1  .1422  .5
-.201 -1.0106  .1469  .006  .054  .9985  .1505  .5
-.2002 -1.0034  .1462  .0118  .1056  .9943  .1605  .5
-.1993 -.9948  .1451  .022  .2016  .9792  .1724  .5
-.1977 -.9803  .1406  .0358  .3249  .9451  .1925  .5
-.1952 -.9576  .1315  .0414  .3764  .9255  .224  .5
-.1921 -.9295  .1196  .0422  .383  .9228  .2628  .5
-.1888 -.8991  .1069  .0406  .3684  .9288  .3049  .5
-.1855 -.8692  .0955  .0362  .3289  .9437  .3463  .5
-.1826 -.8427  .0872  .0258  .2359  .9714  .383  .5
-.1804 -.8227  .084  .01  .0914  .9958  .4108  .5
-.1788 -.808  .0839  .0015  .0135  .9999  .431  .5
-.1775 -.7957  .0836  .0033  .0299  .9995  .4481  .5
-.1763 -.7853  .0832  .0053  .049  .9988  .4625  .5
-.1754 -.7764  .0826  .0072  .0696  .9975  .4748  .5
-.1745 -.7687  .082  .0087  .0879  .9961  .4855  .5
-.1738 -.7617  .0813  .01  .1027  .9947  .4951  .5
-.173 -.7552  .0806  0 -.0003  1  .5042  .5
-.1575 -.8037 -.0128  .267 -.8337 -.4833  .4402  .4716
-.1562 -.8079 -.0048  .2645 -.8261 -.4976  .4346  .4692
-.1548 -.8123  .003  .2568 -.8029 -.538  .4288  .4666
-.1532 -.8172  .0105  .2432 -.7604 -.6022  .4224  .4638
-.1514 -.8227  .0176  .2223 -.6949 -.6839  .415  .4605
-.1494 -.8292  .0241  .1932 -.6042 -.773  .4065  .4567
-.1469 -.8368  .0299  .1574 -.4922 -.8562  .3965  .4523
-.1441 -.8457  .0347  .1162 -.3636 -.9243  .3847  .4471
-.1402 -.8579  .0391  .0862 -.2698 -.9591  .3685  .4399
-.1349 -.8743  .0436  .0765 -.2393 -.9679  .3469  .4303
-.1288 -.8935  .0488  .0801 -.2518 -.9645  .3216  .4191
-.1222 -.9141  .055  .0946 -.2941 -.9511  .2944  .4071
-.1156 -.9346  .0626  .1181 -.3687 -.922  .2673  .3951
-.1095 -.9538  .0721  .1544 -.4822 -.8624  .242  .3839
-.1042 -.9702  .084  .1893 -.5916 -.7837  .2203  .3743
-.1 -.9833  .0962  .2078 -.6484 -.7324  .2031  .3666
-.0967 -.9937  .1068  .2178 -.68 -.7002  .1892  .3605
-.094 -1.002  .116  .229 -.7149 -.6606  .1783  .3557
-.092 -1.0085  .1242  .2401 -.7505 -.6157  .1697  .3519
-.0903 -1.0137  .1316  .2501 -.7816 -.5715  .1629  .3489
-.0889 -1.018  .1385  .2568 -.8029 -.5379  .1572  .3463
-.0877 -1.0219  .1451  .0587 -.1811  .9817  .152  .3441
-.0888 -1.0184  .1458  .0538 -.1676  .9844  .1567  .3461
-.09 -1.0147  .1464  .0407 -.1263  .9912  .1616  .3483
-.0913 -1.0105  .1469  .0221 -.069  .9974  .1671  .3507
-.0929 -1.0056  .147  .0022 -.0069  1  .1735  .3536
-.0947 -.9999  .1469 -.0166  .0517  .9985  .1811  .3569
-.0969 -.993  .1462 -.0327  .1012  .9943  .1902  .361
-.0996 -.9847  .1451 -.0616  .1928  .9793  .2011  .3658
-.104 -.9708  .1406 -.0995  .3115  .945  .2195  .3739
-.111 -.9491  .1315 -.1153  .3608  .9255  .2482  .3866
-.1196 -.9222  .1196 -.1177  .3669  .9228  .2837  .4023
-.1289 -.893  .1069 -.1133  .3523  .929  .3222  .4194
-.1381 -.8644  .0955 -.1011  .3151  .9437  .36  .4361
-.1462 -.8391  .0872 -.0723  .2261  .9714  .3934  .451
-.1523 -.8198  .084 -.028  .0875  .9958  .4188  .4622
-.1568 -.8058  .0839 -.0042  .013  .9999  .4373  .4704
-.1606 -.794  .0836 -.0092  .0287  .9995  .4529  .4773
-.1638 -.784  .0832 -.0151  .047  .9988  .4661  .4831
-.1665 -.7755  .0826 -.0208  .0662  .9976  .4773  .4881
-.1689 -.7681  .082 -.026  .0854  .996  .4871  .4924
-.171 -.7615  .0813 -.0302  .0987  .9947  .4959  .4963
-.1391 -.7932 -.0128  .5829 -.6532 -.4833  .4573  .4482
-.1362 -.7964 -.0048  .5776 -.6471 -.4976  .4533  .4437
-.1331 -.7999  .003  .5614 -.6288 -.5381  .449  .439
-.1297 -.8037  .0105  .5317 -.5955 -.6022  .4443  .4338
-.1258 -.8081  .0176  .4857 -.5444 -.6839  .4389  .4279
-.1213 -.8131  .0241  .4224 -.4734 -.773  .4327  .421
-.116 -.8191  .0299  .3439 -.3855 -.8562  .4253  .4129
-.1098 -.8261  .0347  .2541 -.2849 -.9243  .4167  .4033
-.1012 -.8357  .0391  .1884 -.2113 -.9591  .4048  .3902
-.0897 -.8485  .0436  .1674 -.1873 -.9679  .389  .3727
-.0763 -.8635  .0488  .1755 -.1972 -.9645  .3704  .3522
-.062 -.8796  .055  .2057 -.231 -.951  .3506  .3303
-.0476 -.8957  .0626  .258 -.2889 -.9219  .3307  .3083
-.0342 -.9108  .0721  .3371 -.3776 -.8624  .3121  .2879
-.0227 -.9236  .084  .4137 -.4633 -.7837  .2963  .2703
-.0136 -.9339  .0962  .4533 -.5081 -.7324  .2836  .2564
-.0063 -.942  .1068  .4753 -.5328 -.7002  .2735  .2452
-.0005 -.9485  .116  .4998 -.5602 -.6606  .2655  .2364
 .0041 -.9536  .1242  .5248 -.5878 -.6157  .2592  .2294
 .0077 -.9577  .1316  .5466 -.6121 -.5715  .2542  .2238
 .0107 -.9611  .1385  .5614 -.6287 -.5381  .25  .2192
 .0135 -.9641  .1451  .1263 -.1421  .9818  .2463  .2151
 .011 -.9614  .1458  .1165 -.1315  .9844  .2496  .2188
 .0084 -.9585  .1464  .0885 -.0994  .9911  .2532  .2228
 .0055 -.9552  .1469  .0481 -.054  .9974  .2573  .2273
 .0021 -.9514  .147  .0048 -.0054  1  .262  .2325
-.002 -.9469  .1469 -.0362  .0405  .9985  .2676  .2386
-.0068 -.9415  .1462 -.0706  .0795  .9943  .2742  .246
-.0125 -.935  .1451 -.1349  .151  .9793  .2822  .2548
-.0223 -.9241  .1406 -.2179  .2437  .9451  .2956  .2696
-.0375 -.9071  .1315 -.2523  .2825  .9255  .3167  .2929
-.0563 -.886  .1196 -.2568  .2873  .9228  .3427  .3216
-.0766 -.8632  .1069 -.247  .2762  .9288  .3709  .3527
-.0967 -.8407  .0955 -.2203  .2471  .9436  .3986  .3833
-.1144 -.8209  .0872 -.158  .1771  .9714  .4231  .4104
-.1278 -.8058  .084 -.0612  .0685  .9958  .4417  .4309
-.1376 -.7948  .0839 -.0089  .0099  .9999  .4552  .4459
-.1459 -.7856  .0836 -.0203  .0226  .9995  .4667  .4585
-.1529 -.7778  .0832 -.0329  .037  .9988  .4763  .4692
-.1588 -.7711  .0826 -.0465  .0516  .9976  .4845  .4783
-.164 -.7653  .082 -.0604  .0657  .996  .4917  .4862
-.1686 -.7601  .0813 -.0678  .0779  .9947  .4981  .4933
-.1266 -.7761 -.0128  .7982 -.3596 -.4833  .4826  .4337
-.1226 -.7779 -.0048  .791 -.3561 -.4976  .4807  .428
-.1184 -.7798  .003  .7685 -.3463 -.5381  .4787  .4219
-.1137 -.7819  .0105  .7278 -.328 -.6022  .4765  .4153
-.1084 -.7843  .0176  .6653 -.2995 -.6839  .474  .4077
-.1022 -.7871  .0241  .5785 -.2604 -.773  .4712  .3988
-.0949 -.7904  .0299  .4711 -.2121 -.8562  .4678  .3885
-.0864 -.7942  .0347  .3481 -.1567 -.9243  .4638  .3762
-.0747 -.7995  .0391  .2581 -.1161 -.9591  .4583  .3595
-.059 -.8066  .0436  .2291 -.1031 -.9679  .451  .3371
-.0406 -.8148  .0488  .2409 -.1081 -.9645  .4424  .3109
-.0209 -.8237  .055  .2821 -.1267 -.951  .4333  .2828
-.0013 -.8326  .0626  .3531 -.1591 -.922  .4241  .2547
 .0171 -.8408  .0721  .4616 -.2081 -.8623  .4155  .2285
 .0328 -.8479  .084  .5664 -.2554 -.7836  .4082  .2061
 .0453 -.8535  .0962  .6208 -.2795 -.7324  .4023  .1882
 .0553 -.858  .1068  .6509 -.2934 -.7001  .3977  .1739
 .0632 -.8616  .116  .6844 -.3085 -.6606  .394  .1626
 .0695 -.8644  .1242  .7184 -.3237 -.6157  .3911  .1537
 .0745 -.8667  .1316  .7482 -.3371 -.5714  .3887  .1466
 .0786 -.8685  .1385  .7684 -.3464 -.5381  .3868  .1407
 .0823 -.8702  .1451  .1731 -.0785  .9818  .3851  .1354
 .079 -.8687  .1458  .1604 -.0723  .9844  .3866  .1402
 .0754 -.8671  .1464  .1213 -.0548  .9911  .3883  .1453
 .0714 -.8653  .1469  .0658 -.0297  .9974  .3902  .151
 .0667 -.8632  .147  .0062 -.0028  1  .3923  .1576
 .0612 -.8607  .1469 -.049  .0219  .9986  .3949  .1655
 .0546 -.8577  .1462 -.0971  .0434  .9943  .398  .1749
 .0467 -.8542  .1451 -.1845  .0832  .9793  .4017  .1862
 .0334 -.8482  .1406 -.2982  .1348  .9449  .4079  .2052
 .0126 -.8388  .1315 -.3452  .1557  .9255  .4176  .2349
-.0131 -.8272  .1196 -.3512  .1585  .9228  .4296  .2717
-.041 -.8146  .1069 -.3378  .1525  .9288  .4426  .3115
-.0685 -.8023  .0955 -.3019  .1358  .9436  .4554  .3507
-.0927 -.7913  .0872 -.2163  .0974  .9715  .4667  .3853
-.1111 -.7831  .084 -.0838  .0378  .9958  .4753  .4116
-.1246 -.777  .0839 -.0122  .0055  .9999  .4816  .4308
-.1359 -.7719  .0836 -.0276  .0125  .9995  .4869  .4469
-.1454 -.7676  .0832 -.0451  .0202  .9988  .4913  .4605
-.1536 -.7639  .0826 -.0632  .0288  .9976  .4951  .4722
-.1606 -.7608  .082 -.0809  .0377  .996  .4984  .4823
-.167 -.7579  .0813 -.0947  .0412  .9947  .5014  .4914
-.1221 -.7554 -.0128  0  0 -1  .5115  .4307
-.1177 -.7554 -.0048  .8674 -.0038 -.4976  .5122  .4247
-.1131 -.7554  .003  .8429 -.0035 -.5381  .5128  .4184
-.108 -.7555  .0105  .7984 -.0036 -.6022  .5136  .4114
-.1021 -.7555  .0176  .7295 -.0033 -.684  .5144  .4035
-.0954 -.7555  .0241  .6344 -.0025 -.773  .5154  .3942
-.0874 -.7555  .0299  .5167 -.0025 -.8561  .5165  .3834
-.078 -.7556  .0347  .382 -.0018 -.9242  .5179  .3706
-.0651 -.7556  .0391  .283 -.0014 -.9591  .5197  .3531
-.0479 -.7557  .0436  .2512 -.0011 -.9679  .5222  .3297
-.0278 -.7558  .0488  .264 -.0008 -.9645  .5251  .3023
-.0062 -.7559  .055  .3092 -.0011 -.951  .5282  .2729
 .0154 -.756  .0626  .3871 -.0014 -.922  .5313  .2435
 .0355 -.7561  .0721  .5063 -.0021 -.8624  .5342  .2161
 .0527 -.7562  .084  .6212 -.0025 -.7836  .5367  .1927
 .0665 -.7562  .0962  .6809 -.0027 -.7324  .5387  .1739
 .0774 -.7563  .1068  .714 -.0029 -.7002  .5403  .159
 .0861 -.7563  .116  .7507 -.0031 -.6606  .5415  .1472
 .093 -.7563  .1242  .788 -.0033 -.6157  .5425  .1379
 .0984 -.7564  .1316  .8206 -.0034 -.5714  .5433  .1304
 .103 -.7564  .1385  .8429 -.0038 -.5381  .5439  .1243
 .107 -.7564  .1451  .1904 -.0014  .9817  .5445  .1187
 .1034 -.7564  .1458  .1758 -.0012  .9844  .544  .1237
 .0994 -.7564  .1464  .1334 -.0002  .9911  .5434  .129
 .095 -.7563  .1469  .0723 -.0002  .9974  .5428  .135
 .0899 -.7563  .147  .0069 -.0001  1  .5421  .142
 .0839 -.7563  .1469 -.0543  .0003  .9985  .5412  .1502
 .0767 -.7563  .1462 -.1059  .0006  .9944  .5401  .1601
 .068 -.7562  .1451 -.2024  .0007  .9793  .5389  .1719
 .0534 -.7562  .1406 -.3272  .0011  .9449  .5368  .1917
 .0305 -.7561  .1315 -.3787  .0015  .9255  .5335  .2228
 .0023 -.7559  .1196 -.3853  .0014  .9228  .5294  .2612
-.0283 -.7558  .1069 -.3701  .0012  .929  .525  .3029
-.0584 -.7557  .0955 -.3311  .0016  .9436  .5207  .3439
-.085 -.7556  .0872 -.2372  .001  .9715  .5169  .3801
-.1052 -.7555  .084 -.0919  .0004  .9958  .514  .4076
-.1199 -.7554  .0839 -.0134  .0001  .9999  .5119  .4276
-.1323 -.7553  .0836 -.0303  .0002  .9995  .5101  .4445
-.1427 -.7553  .0832 -.0494  .0003  .9988  .5086  .4587
-.1517 -.7553  .0826 -.0695 -.0001  .9976  .5073  .4709
-.1594 -.7552  .082 -.0892 -.0008  .996  .5062  .4815
-.1664 -.7552  .0813 -.1032 -.0008  .9947  .5052  .491
-.1264 -.7347 -.0128  0  0 -1  .5393  .4396
-.1224 -.7329 -.0048  .7939  .3494 -.4976  .5423  .4344
-.1182 -.731  .003  .7716  .3394 -.5381  .5455  .4289
-.1135 -.729  .0105  .7307  .3217 -.6021  .549  .4228
-.1081 -.7266  .0176  .6677  .2939 -.6839  .553  .4159
-.1019 -.7239  .0241  .5808  .2554 -.7729  .5577  .4079
-.0946 -.7207  .0299  .4728  .2078 -.8563  .5632  .3984
-.086 -.7169  .0347  .3496  .154 -.9241  .5696  .3873
-.0743 -.7117  .0391  .259  .1141 -.9591  .5785  .3721
-.0585 -.7048  .0436  .2302  .1006 -.9679  .5903  .3517
-.0401 -.6967  .0488  .242  .106 -.9645  .6042  .3278
-.0203 -.688  .055  .2829  .1241 -.9511  .619  .3022
-.0006 -.6793  .0626  .3545  .1559 -.922  .6339  .2766
 .0178 -.6712  .0721  .4635  .2038 -.8624  .6477  .2528
 .0336 -.6642  .084  .5685  .2503 -.7837  .6596  .2324
 .0462 -.6587  .0962  .6233  .274 -.7324  .669  .2161
 .0562 -.6543  .1068  .6536  .2874 -.7001  .6766  .2031
 .0642 -.6508  .116  .6872  .3022 -.6606  .6826  .1928
 .0704 -.648  .1242  .7213  .3172 -.6157  .6873  .1847
 .0754 -.6458  .1316  .7512  .3304 -.5715  .691  .1782
 .0796 -.644  .1385  .7714  .3396 -.5381  .6942  .1728
 .0833 -.6424  .1451  .174  .0772  .9817  .697  .168
 .0799 -.6438  .1458  .1607  .0713  .9844  .6944  .1723
 .0764 -.6454  .1464  .1222  .0533  .9911  .6917  .177
 .0723 -.6472  .1469  .0663  .0292  .9974  .6887  .1822
 .0677 -.6492  .147  .0066  .0029  1  .6852  .1882
 .0621 -.6517  .1469 -.0498 -.0218  .9985  .681  .1954
 .0555 -.6546  .1462 -.0969 -.0424  .9944  .6761  .204
 .0476 -.6581  .1451 -.1853 -.0814  .9793  .6701  .2143
 .0342 -.664  .1406 -.2996 -.1316  .9449  .6601  .2315
 .0133 -.6732  .1315 -.3465 -.1527  .9255  .6443  .2586
-.0125 -.6845  .1196 -.3526 -.1554  .9228  .6249  .2921
-.0405 -.6969  .1069 -.3393 -.149  .9288  .6038  .3284
-.0681 -.709  .0955 -.3029 -.1335  .9436  .5831  .364
-.0924 -.7197  .0872 -.2172 -.0956  .9714  .5648  .3956
-.1109 -.7278  .084 -.0841 -.037  .9958  .5509  .4195
-.1244 -.7337  .0839 -.0122 -.0054  .9999  .5408  .437
-.1357 -.7387  .0836 -.0277 -.0123  .9995  .5323  .4517
-.1453 -.743  .0832 -.0452 -.02  .9988  .5251  .4641
-.1535 -.7466  .0826 -.0635 -.0283  .9976  .5189  .4747
-.1606 -.7497  .082 -.0812 -.0371  .996  .5136  .4839
-.167 -.7525  .0813 -.095 -.0404  .9947  .5088  .4922
-.1388 -.7175 -.0128  .5888  .6479 -.4833  .5609  .459
-.1358 -.7142 -.0048  .5833  .642 -.4976  .5658  .4555
-.1327 -.7108  .003  .5666  .6241 -.5381  .571  .4517
-.1293 -.707  .0105  .5367  .591 -.6022  .5767  .4476
-.1254 -.7027  .0176  .4907  .54 -.6839  .5832  .4429
-.1208 -.6977  .0241  .4265  .4699 -.7729  .5907  .4375
-.1155 -.6918  .0299  .3471  .3825 -.8563  .5996  .4311
-.1091 -.6848  .0347  .257  .2827 -.9241  .6101  .4235
-.1005 -.6753  .0391  .1904  .2093 -.9591  .6244  .4132
-.0889 -.6625  .0436  .169  .1859 -.9679  .6435  .3993
-.0754 -.6476  .0488  .1778  .1952 -.9645  .666  .3831
-.0609 -.6317  .055  .2082  .2287 -.951  .69  .3658
-.0464 -.6157  .0626  .2604  .2867 -.922  .714  .3484
-.0328 -.6008  .0721  .3403  .3748 -.8624  .7364  .3322
-.0213 -.5881  .084  .4176  .46 -.7836  .7556  .3184
-.012 -.5779  .0962  .4577  .5041 -.7324  .7709  .3073
-.0046 -.5698  .1068  .48  .5286 -.7001  .7831  .2985
 .0012 -.5633  .116  .5047  .5557 -.6606  .7928  .2915
 .0058 -.5583  .1242  .5296  .5834 -.6157  .8004  .286
 .0095 -.5542  .1316  .5519  .6073 -.5714  .8065  .2816
 .0125 -.5509  .1385  .567  .6238 -.538  .8116  .2779
 .0153 -.5478  .1451  .1285  .1405  .9817  .8161  .2746
 .0128 -.5506  .1458  .1185  .1298  .9844  .812  .2776
 .0102 -.5535  .1464  .0894  .099  .9911  .8076  .2808
 .0072 -.5567  .1469  .0485  .0535  .9974  .8028  .2843
 .0038 -.5605  .147  .0048  .0053  1  .7971  .2884
-.0003 -.565  .1469 -.0364 -.0402  .9985  .7903  .2933
-.0052 -.5703  .1462 -.0713 -.0782  .9944  .7823  .2991
-.011 -.5767  .1451 -.1364 -.1501  .9792  .7726  .3061
-.0208 -.5875  .1406 -.2198 -.2424  .9449  .7564  .3178
-.0362 -.6045  .1315 -.2548 -.2802  .9255  .7309  .3362
-.0551 -.6253  .1196 -.2593 -.285  .9228  .6995  .3589
-.0757 -.648  .1069 -.2494 -.2742  .9288  .6654  .3835
-.0959 -.6703  .0955 -.2226 -.2448  .9437  .6319  .4077
-.1138 -.69  .0872 -.1596 -.1757  .9714  .6023  .4291
-.1274 -.7049  .084 -.0618 -.0681  .9958  .5798  .4454
-.1373 -.7158  .0839 -.009 -.0099  .9999  .5634  .4572
-.1456 -.725  .0836 -.0204 -.0224  .9995  .5496  .4672
-.1527 -.7327  .0832 -.0332 -.0366  .9988  .538  .4756
-.1587 -.7393  .0826 -.047 -.0512  .9976  .528  .4828
-.1639 -.7451  .082 -.0608 -.0653  .996  .5194  .489
-.1686 -.7503  .0813 -.0685 -.0772  .9947  .5116  .4947
-.1571 -.7068 -.0128  .2743  .8313 -.4834  .5728  .4855
-.1557 -.7026 -.0048  .2718  .8237 -.4976  .5787  .4843
-.1543 -.6982  .003  .2641  .8004 -.5381  .585  .4829
-.1527 -.6934  .0105  .2501  .7582 -.6022  .5918  .4815
-.1508 -.6878  .0176  .2286  .6928 -.6839  .5997  .4798
-.1487 -.6814  .0241  .1985  .6025 -.773  .6088  .4779
-.1462 -.6738  .0299  .1616  .4908 -.8561  .6195  .4756
-.1433 -.6649  .0347  .1194  .3629 -.9241  .6322  .4729
-.1393 -.6527  .0391  .0885  .2688 -.9591  .6495  .4693
-.1339 -.6363  .0436  .0786  .2386 -.9679  .6727  .4644
-.1276 -.6172  .0488  .0824  .2508 -.9645  .6998  .4587
-.1208 -.5967  .055  .0971  .2933 -.9511  .7288  .4525
-.114 -.5762  .0626  .1213  .3677 -.922  .7579  .4464
-.1077 -.5571  .0721  .1588  .4809 -.8623  .785  .4406
-.1023 -.5408  .084  .1946  .5899 -.7837  .8082  .4357
-.098 -.5277  .0962  .2133  .6466 -.7324  .8267  .4318
-.0946 -.5173  .1068  .2237  .678 -.7002  .8415  .4287
-.0919 -.509  .116  .2352  .7129 -.6606  .8531  .4262
-.0897 -.5025  .1242  .2465  .7484 -.6157  .8623  .4243
-.088 -.4974  .1316  .2568  .7794 -.5715  .8697  .4227
-.0866 -.493  .1385  .2639  .8006 -.538  .8758  .4214
-.0853 -.4892  .1451  .0591  .181  .9817  .8813  .4203
-.0865 -.4927  .1458  .0557  .1672  .9843  .8763  .4213
-.0877 -.4964  .1464  .0419  .1256  .9912  .8711  .4224
-.0891 -.5006  .1469  .0227  .0688  .9974  .8652  .4237
-.0907 -.5054  .147  .0022  .0068  1  .8583  .4251
-.0926 -.5111  .1469 -.0169 -.0509  .9986  .8501  .4269
-.0949 -.518  .1462 -.0335 -.1009  .9943  .8404  .4289
-.0976 -.5263  .1451 -.0634 -.1927  .9792  .8287  .4314
-.1021 -.5401  .1406 -.1026 -.3104  .945  .8091  .4355
-.1093 -.5618  .1315 -.1187 -.3596  .9255  .7783  .4421
-.1181 -.5886  .1196 -.1209 -.3659  .9228  .7403  .4501
-.1277 -.6177  .1069 -.1154 -.3517  .929  .6991  .4588
-.1371 -.6462  .0955 -.1035 -.3143  .9437  .6586  .4674
-.1455 -.6715  .0872 -.0743 -.2254  .9714  .6228  .4749
-.1518 -.6907  .084 -.0287 -.0873  .9958  .5956  .4807
-.1564 -.7047  .0839 -.0042 -.0127  .9999  .5758  .4849
-.1603 -.7164  .0836 -.0096 -.0288  .9995  .5591  .4884
-.1636 -.7264  .0832 -.0155 -.0468  .9988  .545  .4914
-.1664 -.7349  .0826 -.0221 -.0659  .9976  .533  .4939
-.1688 -.7422  .082 -.0291 -.0844  .996  .5225  .4961
-.171 -.7489  .0813 -.0334 -.0976  .9947  .5131  .4981
-.1782 -.7045 -.0128  0  0 -1  .5728  .5145
-.1786 -.7001 -.0048 -.087  .863 -.4976  .5787  .5157
-.1791 -.6955  .003 -.0842  .8387 -.5381  .585  .5171
-.1796 -.6904  .0105 -.0801  .7944 -.6021  .5918  .5185
-.1802 -.6846  .0176 -.0731  .7259 -.6839  .5997  .5202
-.1808 -.6779  .0241 -.0636  .6313 -.773  .6088  .5221
-.1816 -.6699  .0299 -.052  .5141 -.8561  .6195  .5244
-.1826 -.6606  .0347 -.0384  .3798 -.9243  .6322  .5271
-.1839 -.6478  .0391 -.0281  .2818 -.959  .6495  .5307
-.1856 -.6307  .0436 -.025  .25 -.9679  .6727  .5356
-.1876 -.6106  .0488 -.0261  .2627 -.9645  .6998  .5413
-.1898 -.5892  .055 -.0306  .3077 -.951  .7288  .5475
-.1919 -.5677  .0626 -.0389  .3852 -.922  .7579  .5536
-.1939 -.5477  .0721 -.0507  .5037 -.8624  .785  .5594
-.1957 -.5305  .084 -.0621  .618 -.7837  .8082  .5643
-.197 -.5169  .0962 -.068  .6775 -.7324  .8267  .5682
-.1981 -.5059  .1068 -.0716  .7104 -.7002  .8415  .5713
-.199 -.4973  .116 -.0751  .7469 -.6606  .8531  .5738
-.1997 -.4905  .1242 -.0788  .7841 -.6156  .8623  .5757
-.2002 -.4851  .1316 -.082  .8165 -.5715  .8697  .5773
-.2007 -.4806  .1385 -.0844  .8387 -.5381  .8758  .5786
-.2011 -.4765  .1451 -.0196  .1894  .9817  .8813  .5797
-.2007 -.4802  .1458 -.0181  .1753  .9843  .8763  .5787
-.2003 -.484  .1464 -.0129  .1328  .9911  .8711  .5776
-.1999 -.4884  .1469 -.0072  .0719  .9974  .8652  .5763
-.1994 -.4935  .147 -.0006  .0068  1  .8583  .5749
-.1988 -.4995  .1469  .0055 -.0534  .9986  .8501  .5731
-.1981 -.5067  .1462  .0109 -.1058  .9943  .8404  .5711
-.1972 -.5153  .1451  .0202 -.2018  .9792  .8287  .5686
-.1957 -.5298  .1406  .0325 -.3253  .945  .8091  .5645
-.1934 -.5526  .1315  .0381 -.3767  .9255  .7783  .5579
-.1906 -.5807  .1196  .0389 -.3833  .9228  .7403  .5499
-.1876 -.6111  .1069  .0368 -.3687  .9288  .6991  .5412
-.1845 -.641  .0955  .0329 -.3292  .9437  .6586  .5326
-.1819 -.6675  .0872  .0237 -.2362  .9714  .6228  .5251
-.1799 -.6876  .084  .0092 -.0914  .9958  .5956  .5193
-.1784 -.7023  .0839  .0014 -.0133  .9999  .5758  .5151
-.1771 -.7146  .0836  .0031 -.0302  .9995  .5591  .5116
-.1761 -.725  .0832  .0049 -.0491  .9988  .545  .5086
-.1752 -.7339  .0826  .0073 -.0691  .9976  .533  .5061
-.1744 -.7416  .082  .0101 -.0887  .996  .5225  .5039
-.1737 -.7486  .0813  .0116 -.1026  .9947  .5131  .5019
-.1983 -.711 -.0128  0  0 -1  .5609  .541
-.2005 -.7071 -.0048 -.4302  .7532 -.4976  .5658  .5445
-.2028 -.7031  .003 -.4181  .7319 -.5381  .571  .5483
-.2053 -.6987  .0105 -.3962  .693 -.6022  .5767  .5524
-.2082 -.6936  .0176 -.3621  .6334 -.6839  .5832  .5571
-.2116 -.6877  .0241 -.3148  .5509 -.7729  .5907  .5625
-.2156 -.6808  .0299 -.2563  .4486 -.8562  .5996  .5689
-.2202 -.6726  .0347 -.1893  .3315 -.9243  .6101  .5765
-.2266 -.6615  .0391 -.1407  .2458 -.9591  .6244  .5868
-.2351 -.6465  .0436 -.1247  .218 -.9679  .6435  .6007
-.2451 -.6291  .0488 -.1313  .2291 -.9645  .666  .6169
-.2558 -.6103  .055 -.1537  .2683 -.951  .69  .6342
-.2665 -.5916  .0626 -.1918  .3363 -.922  .714  .6516
-.2765 -.5741  .0721 -.2512  .4396 -.8624  .7364  .6678
-.2851 -.5592  .084 -.3083  .5392 -.7837  .7556  .6817
-.2919 -.5472  .0962 -.3377  .5912 -.7324  .7709  .6927
-.2973 -.5377  .1068 -.3541  .62 -.7002  .7831  .7015
-.3017 -.5302  .116 -.3725  .6518 -.6606  .7928  .7085
-.305 -.5242  .1242 -.3909  .6842 -.6157  .8004  .714
-.3078 -.5195  .1316 -.4073  .7124 -.5715  .8065  .7184
-.31 -.5155  .1385 -.4184  .7318 -.538  .8116  .7221
-.312 -.512  .1451 -.0951  .1649  .9817  .8161  .7254
-.3102 -.5152  .1458 -.087  .1533  .9843  .812  .7224
-.3083 -.5186  .1464 -.0665  .1156  .9911  .8076  .7192
-.3061 -.5224  .1469 -.0359  .0627  .9974  .8028  .7157
-.3036 -.5268  .147 -.0034  .0059  1  .7971  .7116
-.3005 -.5321  .1469  .0265 -.0467  .9986  .7903  .7067
-.297 -.5384  .1462  .0525 -.0924  .9943  .7823  .7009
-.2927 -.5459  .1451  .1004 -.1758  .9793  .7726  .6939
-.2854 -.5586  .1406  .1624 -.2838  .945  .7564  .6822
-.2741 -.5784  .1315  .1882 -.3287  .9255  .7309  .6638
-.2601 -.6029  .1196  .1915 -.3344  .9228  .6995  .6411
-.2449 -.6295  .1069  .1836 -.322  .9288  .6654  .6165
-.23 -.6556  .0955  .164 -.2874  .9437  .6319  .5923
-.2168 -.6787  .0872  .1178 -.2061  .9714  .6023  .5709
-.2067 -.6962  .084  .0456 -.0798  .9958  .5798  .5546
-.1994 -.709  .0839  .0066 -.0116  .9999  .5634  .5428
-.1933 -.7198  .0836  .015 -.0264  .9995  .5496  .5328
-.1881 -.7289  .0832  .0245 -.0427  .9988  .538  .5244
-.1837 -.7366  .0826  .0352 -.0606  .9975  .528  .5172
-.1798 -.7433  .082  .043 -.0771  .9961  .5194  .5109
-.1763 -.7494  .0813  .0501 -.0903  .9947  .5116  .5053
-.2141 -.7251 -.0128  0  0 -1  .5393  .5604
-.2177 -.7224 -.0048 -.6996  .5128 -.4976  .5423  .5656
-.2214 -.7197  .003 -.6798  .4982 -.5381  .5455  .5711
-.2255 -.7167  .0105 -.6437  .4722 -.6022  .549  .5772
-.2302 -.7132  .0176 -.5883  .4316 -.6839  .553  .5841
-.2357 -.7092  .0241 -.5116  .3753 -.7729  .5577  .5921
-.2421 -.7045  .0299 -.4164  .3056 -.8563  .5632  .6016
-.2497 -.699  .0347 -.308  .2261 -.9241  .5696  .6127
-.2601 -.6914  .0391 -.2281  .1675 -.9591  .5785  .6279
-.274 -.6812  .0436 -.2021  .1491 -.9679  .5903  .6483
-.2902 -.6693  .0488 -.2133  .1559 -.9645  .6042  .6722
-.3076 -.6565  .055 -.2492  .1832 -.951  .619  .6978
-.325 -.6438  .0626 -.3123  .2289 -.922  .6339  .7234
-.3412 -.6319  .0721 -.4083  .2993 -.8624  .6477  .7472
-.3551 -.6217  .084 -.5009  .3675 -.7836  .6596  .7676
-.3662 -.6135  .0962 -.549  .4028 -.7324  .669  .7839
-.3751 -.6071  .1068 -.5757  .4223 -.7002  .6766  .7969
-.3821 -.6019  .116 -.6054  .444 -.6606  .6826  .8072
-.3876 -.5979  .1242 -.6355  .4659 -.6157  .6873  .8153
-.392 -.5946  .1316 -.6619  .4852 -.5715  .691  .8218
-.3956 -.592  .1385 -.6799  .4983 -.538  .6942  .8272
-.3989 -.5896  .1451 -.1531  .1131  .9817  .697  .832
-.396 -.5917  .1458 -.1415  .1043  .9844  .6944  .8277
-.3928 -.594  .1464 -.1073  .0791  .9911  .6917  .823
-.3893 -.5966  .1469 -.0582  .0428  .9974  .6887  .8178
-.3851 -.5997  .147 -.0055  .0041  1  .6852  .8118
-.3803 -.6032  .1469  .0434 -.0316  .9986  .681  .8046
-.3744 -.6075  .1462  .0859 -.0626  .9943  .6761  .796
-.3674 -.6126  .1451  .1633 -.1196  .9793  .6701  .7857
-.3557 -.6213  .1406  .2641 -.1933  .9449  .6601  .7685
-.3372 -.6348  .1315  .3055 -.2238  .9255  .6443  .7414
-.3145 -.6515  .1196  .3109 -.2276  .9228  .6249  .7079
-.2898 -.6696  .1069  .2987 -.2185  .929  .6038  .6716
-.2655 -.6873  .0955  .267 -.1954  .9437  .5831  .636
-.2441 -.7031  .0872  .1914 -.1403  .9714  .5648  .6044
-.2278 -.715  .084  .0742 -.0544  .9958  .5509  .5805
-.2159 -.7237  .0839  .0109 -.008  .9999  .5408  .563
-.2059 -.7311  .0836  .0246 -.0179  .9995  .5323  .5483
-.1975 -.7372  .0832  .0399 -.0292  .9988  .5251  .5359
-.1903 -.7425  .0826  .0558 -.0414  .9976  .5189  .5253
-.184 -.7471  .082  .0713 -.0537  .996  .5136  .5161
-.1784 -.7513  .0813  .084 -.06  .9947  .5088  .5078
-.2228 -.7444 -.0128  0  0 -1  .5115  .5693
-.2271 -.7434 -.0048 -.8477  .1841 -.4976  .5122  .5753
-.2317 -.7424  .003 -.8237  .1789 -.5381  .5128  .5816
-.2367 -.7414  .0105 -.7802  .1695 -.6021  .5136  .5886
-.2424 -.7401  .0176 -.713  .155 -.6839  .5144  .5965
-.249 -.7387  .0241 -.62  .1347 -.773  .5154  .6058
-.2568 -.737  .0299 -.5048  .1094 -.8563  .5165  .6166
-.2659 -.735  .0347 -.3733  .0809 -.9242  .5179  .6294
-.2785 -.7323  .0391 -.2766  .0599 -.9591  .5197  .6469
-.2953 -.7286  .0436 -.2455  .0534 -.9679  .5222  .6703
-.315 -.7243  .0488 -.2581  .0565 -.9645  .5251  .6977
-.3361 -.7198  .055 -.3021  .0659 -.951  .5282  .7271
-.3572 -.7152  .0626 -.3784  .0818 -.922  .5313  .7565
-.3768 -.7109  .0721 -.4947  .1074 -.8624  .5342  .7839
-.3937 -.7073  .084 -.6069  .1319 -.7837  .5367  .8073
-.4071 -.7043  .0962 -.6654  .1446 -.7324  .5387  .8261
-.4178 -.702  .1068 -.6978  .1513 -.7002  .5403  .841
-.4263 -.7002  .116 -.7337  .1591 -.6606  .5415  .8528
-.433 -.6987  .1242 -.7701  .1672 -.6157  .5425  .8621
-.4383 -.6976  .1316 -.8019  .1743 -.5715  .5433  .8696
-.4428 -.6966  .1385 -.8237  .1789 -.5381  .5439  .8757
-.4468 -.6957  .1451 -.831  .1806 -.5261  .5445  .8813
-.4432 -.6965  .1458 -.1721  .0379  .9843  .544  .8763
-.4393 -.6973  .1464 -.1304  .0279  .9911  .5434  .871
-.435 -.6983  .1469 -.0707  .0153  .9974  .5428  .865
-.4301 -.6994  .147 -.007  .0015  1  .5421  .858
-.4241 -.7006  .1469  .0531 -.0116  .9985  .5412  .8498
-.4171 -.7022  .1462  .1033 -.0227  .9944  .5401  .8399
-.4086 -.704  .1451  .1978 -.0431  .9793  .5389  .8281
-.3944 -.7071  .1406  .3197 -.0697  .9449  .5368  .8083
-.372 -.712  .1315  .37 -.0806  .9255  .5335  .7772
-.3444 -.718  .1196  .3765 -.0821  .9228  .5294  .7388
-.3145 -.7244  .1069  .3621 -.0789  .9288  .525  .6971
-.2851 -.7308  .0955  .3234 -.0699  .9437  .5207  .6561
-.2591 -.7365  .0872  .232 -.0504  .9714  .5169  .6199
-.2394 -.7408  .084  .0899 -.0195  .9958  .514  .5924
-.225 -.7439  .0839  .0133 -.0028  .9999  .5119  .5724
-.2129 -.7465  .0836  .0294 -.0065  .9995  .5101  .5555
-.2027 -.7487  .0832  .0483 -.0105  .9988  .5086  .5413
-.1939 -.7506  .0826  .0679 -.0143  .9976  .5073  .5291
-.1863 -.7523  .082  .0874 -.0178  .996  .5062  .5185
-.1795 -.7538  .0813  .1006 -.0206  .9947  .5052  .509
-.2229 -.7655 -.0128  0  0 -1  .4826  .5663
-.2272 -.7664 -.0048 -.8492 -.1766 -.4976  .4807  .572
-.2318 -.7674  .003 -.8252 -.1715 -.5381  .4787  .5781
-.2368 -.7684  .0105 -.7816 -.1624 -.6023  .4765  .5847
-.2425 -.7696  .0176 -.7143 -.1488 -.6839  .474  .5923
-.2491 -.771  .0241 -.6212 -.1292 -.7729  .4712  .6012
-.2569 -.7726  .0299 -.506 -.105 -.8561  .4678  .6115
-.2661 -.7745  .0347 -.3738 -.0776 -.9243  .4638  .6238
-.2787 -.7771  .0391 -.2771 -.0575 -.9591  .4583  .6405
-.2956 -.7806  .0436 -.2459 -.0513 -.9679  .451  .6629
-.3153 -.7847  .0488 -.2586 -.0542 -.9645  .4424  .6891
-.3364 -.7891  .055 -.3029 -.0626 -.951  .4333  .7172
-.3575 -.7935  .0626 -.3789 -.0792 -.922  .4241  .7453
-.3772 -.7976  .0721 -.4956 -.103 -.8624  .4155  .7715
-.3941 -.8011  .084 -.6081 -.1266 -.7837  .4082  .7939
-.4075 -.8039  .0962 -.6666 -.1388 -.7324  .4023  .8118
-.4183 -.8062  .1068 -.6991 -.1453 -.7002  .3977  .8261
-.4268 -.8079  .116 -.735 -.1527 -.6607  .394  .8374
-.4335 -.8093  .1242 -.7715 -.1603 -.6157  .3911  .8463
-.4388 -.8104  .1316 -.8035 -.167 -.5714  .3887  .8534
-.4433 -.8114  .1385 -.8253 -.1715 -.5381  .3868  .8593
-.4473 -.8122  .1451 -.8326 -.1731 -.5261  .3851  .8646
-.4437 -.8115  .1458 -.1725 -.0365  .9843  .3866  .8598
-.4398 -.8107  .1464 -.1295 -.0275  .9912  .3883  .8548
-.4355 -.8098  .1469 -.0709 -.0147  .9974  .3902  .849
-.4305 -.8087  .147 -.0071 -.0014  1  .3923  .8424
-.4246 -.8075  .1469  .0531  .0111  .9985  .3949  .8345
-.4175 -.806  .1462  .1037  .0213  .9944  .398  .8251
-.409 -.8043  .1451  .1986  .0412  .9792  .4017  .8138
-.3948 -.8013  .1406  .3203  .0669  .9449  .4079  .7948
-.3724 -.7966  .1315  .3708  .0773  .9255  .4176  .7651
-.3448 -.7909  .1196  .3773  .0782  .9228  .4296  .7283
-.3148 -.7846  .1069  .3629  .0752  .9288  .4426  .6885
-.2853 -.7785  .0955  .3242  .0672  .9436  .4554  .6493
-.2593 -.7731  .0872  .2324  .0483  .9714  .4667  .6147
-.2395 -.769  .084  .0901  .0187  .9958  .4753  .5884
-.2251 -.766  .0839  .0133  .0027  .9999  .4816  .5692
-.213 -.7635  .0836  .0295  .0062  .9995  .4869  .5531
-.2027 -.7613  .0832  .0484  .0101  .9988  .4913  .5395
-.194 -.7595  .0826  .0685  .0147  .9975  .4951  .5278
-.1864 -.7579  .082  .0866  .017  .9961  .4984  .5177
-.1795 -.7565  .0813  .1013  .0198  .9947  .5014  .5086
-.2144 -.7849 -.0128  0  0 -1  .4573  .5518
-.218 -.7875 -.0048 -.7038 -.507 -.4976  .4533  .5563
-.2217 -.7902  .003 -.684 -.4926 -.5381  .449  .561
-.2259 -.7932  .0105 -.6478 -.4666 -.6022  .4443  .5662
-.2306 -.7966  .0176 -.5922 -.426 -.684  .4389  .5721
-.2361 -.8006  .0241 -.5149 -.3708 -.7729  .4327  .579
-.2426 -.8052  .0299 -.4194 -.3018 -.8562  .4253  .5871
-.2502 -.8107  .0347 -.3099 -.2228 -.9243  .4167  .5967
-.2606 -.8182  .0391 -.2295 -.1655 -.9591  .4048  .6098
-.2746 -.8283  .0436 -.2039 -.1467 -.9679  .389  .6273
-.2909 -.84  .0488 -.2146 -.1541 -.9645  .3704  .6478
-.3084 -.8526  .055 -.2508 -.181 -.951  .3506  .6697
-.326 -.8652  .0626 -.3147 -.2262 -.9219  .3307  .6917
-.3423 -.877  .0721 -.4108 -.2958 -.8624  .3121  .7121
-.3563 -.8871  .084 -.5041 -.3631 -.7836  .2963  .7297
-.3674 -.8951  .0962 -.5528 -.3976 -.7324  .2836  .7436
-.3763 -.9015  .1068 -.5796 -.417 -.7002  .2735  .7548
-.3834 -.9066  .116 -.6093 -.4385 -.6606  .2655  .7636
-.3889 -.9106  .1242 -.6394 -.4605 -.6157  .2592  .7706
-.3934 -.9138  .1316 -.6659 -.4797 -.5714  .2542  .7762
-.397 -.9164  .1385 -.6841 -.4924 -.5381  .25  .7808
-.4004 -.9188  .1451 -.1545 -.1107  .9818  .2463  .7849
-.3974 -.9167  .1458 -.1435 -.1025  .9843  .2496  .7812
-.3942 -.9144  .1464 -.1079 -.0774  .9911  .2532  .7772
-.3906 -.9118  .1469 -.0588 -.0424  .9974  .2573  .7727
-.3865 -.9088  .147 -.0058 -.0042  1  .262  .7675
-.3816 -.9053  .1469  .0442  .0316  .9985  .2676  .7614
-.3757 -.9011  .1462  .0857  .062  .9944  .2742  .754
-.3687 -.896  .1451  .1645  .1186  .9792  .2822  .7452
-.3568 -.8875  .1406  .2654  .1914  .9449  .2956  .7304
-.3383 -.8741  .1315  .3073  .2214  .9255  .3167  .7071
-.3154 -.8576  .1196  .3126  .2254  .9228  .3427  .6784
-.2905 -.8397  .1069  .3006  .2167  .9288  .3709  .6473
-.2661 -.8222  .0955  .2686  .1935  .9436  .3986  .6167
-.2445 -.8066  .0872  .1926  .1387  .9714  .4231  .5896
-.2282 -.7948  .084  .0747  .0538  .9958  .4417  .5691
-.2162 -.7862  .0839  .011  .008  .9999  .4552  .5541
-.2061 -.779  .0836  .0247  .0177  .9995  .4667  .5415
-.1976 -.7729  .0832  .0401  .0288  .9988  .4763  .5308
-.1904 -.7677  .0826  .0571  .0405  .9975  .4845  .5217
-.1841 -.7631  .082  .071  .0524  .9961  .4917  .5138
-.1784 -.759  .0813  .083  .0614  .9947  .4981  .5067
-.1987 -.7992 -.0128 -.4409 -.7563 -.4833  .4402  .5284
-.2009 -.803 -.0048 -.4369 -.7494 -.4976  .4346  .5308
-.2033 -.807  .003 -.4246 -.7282 -.5381  .4288  .5334
-.2058 -.8114  .0105 -.4024 -.6896 -.6021  .4224  .5362
-.2088 -.8164  .0176 -.3676 -.6301 -.6839  .415  .5395
-.2122 -.8223  .0241 -.3195 -.5481 -.773  .4065  .5433
-.2162 -.8292  .0299 -.2602 -.4463 -.8562  .3965  .5477
-.2209 -.8373  .0347 -.1922 -.3299 -.9243  .3847  .5529
-.2274 -.8484  .0391 -.1425 -.2448 -.9591  .3685  .5601
-.2361 -.8633  .0436 -.1265 -.217 -.9679  .3469  .5697
-.2462 -.8806  .0488 -.1327 -.2284 -.9645  .3216  .5809
-.2571 -.8993  .055 -.1553 -.267 -.9511  .2944  .5929
-.268 -.9179  .0626 -.1949 -.3349 -.9219  .2673  .6049
-.2781 -.9353  .0721 -.2551 -.4372 -.8624  .242  .6161
-.2868 -.9502  .084 -.3127 -.5366 -.7837  .2203  .6257
-.2937 -.9621  .0962 -.3429 -.5883 -.7323  .2031  .6334
-.2992 -.9715  .1068 -.3595 -.6168 -.7002  .1892  .6395
-.3036 -.979  .116 -.3782 -.6485 -.6606  .1783  .6443
-.3071 -.985  .1242 -.3971 -.6805 -.6157  .1697  .6481
-.3098 -.9897  .1316 -.4133 -.709 -.5715  .1629  .6511
-.3121 -.9936  .1385 -.4245 -.7282 -.5381  .1572  .6537
-.3141 -.9971  .1451 -.0953 -.1645  .9818  .152  .6559
-.3123 -.9939  .1458 -.0885 -.152  .9844  .1567  .6539
-.3103 -.9906  .1464 -.0667 -.1148  .9911  .1616  .6517
-.3081 -.9868  .1469 -.0365 -.0624  .9974  .1671  .6493
-.3055 -.9824  .147 -.0037 -.0062  1  .1735  .6464
-.3025 -.9771  .1469  .0273  .047  .9985  .1811  .6431
-.2988 -.9709  .1462  .0539  .0917  .9943  .1902  .639
-.2945 -.9634  .1451  .1022  .1751  .9792  .2011  .6342
-.2871 -.9508  .1406  .1646  .2828  .9449  .2195  .6261
-.2756 -.931  .1315  .191  .327  .9255  .2482  .6134
-.2614 -.9067  .1196  .1944  .3327  .9228  .2837  .5977
-.246 -.8802  .1069  .187  .32  .9288  .3222  .5806
-.2308 -.8542  .0955  .167  .2859  .9436  .36  .5639
-.2174 -.8313  .0872  .1195  .205  .9714  .3934  .549
-.2073 -.8138  .084  .0463  .0794  .9958  .4188  .5378
-.1998 -.8011  .0839  .0067  .0116  .9999  .4373  .5296
-.1936 -.7904  .0836  .0152  .0263  .9995  .4529  .5227
-.1883 -.7813  .0832  .0249  .0425  .9988  .4661  .5169
-.1838 -.7736  .0826  .0357  .0603  .9975  .4773  .5119
-.1799 -.7669  .082  .0439  .0777  .996  .4871  .5076
-.1764 -.7609  .0813  .0531  .0885  .9947  .4959  .5037
-.5626 -1.263 -.0128  0  0 -1  .5042  .5
-.6135 -1.2654 -.0128 -.8744 -.042 -.4833  .4341  .5
-.6179 -1.2656 -.0048 -.8664 -.0416 -.4976  .4281  .5
-.6225 -1.2658  .003 -.8419 -.0405 -.5381  .4217  .5
-.6276 -1.2661  .0105 -.7975 -.0382 -.6021  .4146  .5
-.6334 -1.2664  .0176 -.7287 -.0348 -.6839  .4066  .5
-.6402 -1.2667  .0241 -.6338 -.0306 -.7729  .3973  .5
-.6482 -1.2671  .0299 -.5159 -.0249 -.8563  .3863  .5
-.6576 -1.2675  .0347 -.3816 -.0185 -.9241  .3734  .5
-.6704 -1.2681  .0391 -.2829 -.0134 -.9591  .3557  .5
-.6876 -1.269  .0436 -.2509 -.0114 -.9679  .332  .5
-.7077 -1.2699  .0488 -.2639 -.0131 -.9645  .3043  .5
-.7292 -1.271  .055 -.3089 -.0145 -.951  .2746  .5
-.7508 -1.272  .0626 -.3868 -.0186 -.922  .2449  .5
-.7709 -1.273  .0721 -.5057 -.0242 -.8624  .2172  .5
-.7881 -1.2738  .084 -.6204 -.0296 -.7837  .1935  .5
-.8018 -1.2744  .0962 -.6801 -.0326 -.7324  .1746  .5
-.8128 -1.275  .1068 -.7132 -.0343 -.7002  .1594  .5
-.8215 -1.2754  .116 -.7498 -.0362 -.6606  .1475  .5
-.8283 -1.2757  .1242 -.7871 -.0379 -.6157  .1381  .5
-.8338 -1.276  .1316 -.8197 -.0394 -.5715  .1306  .5
-.8383 -1.2762  .1385 -.8419 -.0405 -.5381  .1243  .5
-.8424 -1.2764  .1451 -.1901 -.0098  .9817  .1187  .5
-.8387 -1.2762  .1458 -.1761 -.008  .9843  .1238  .5
-.8348 -1.276  .1464 -.1332 -.0067  .9911  .1292  .5
-.8304 -1.2758  .1469 -.0722 -.0035  .9974  .1352  .5
-.8253 -1.2756  .147 -.0072 -.0003  1  .1422  .5
-.8193 -1.2753  .1469  .0535  .0024  .9986  .1505  .5
-.812 -1.2749  .1462  .106  .005  .9943  .1605  .5
-.8034 -1.2745  .1451  .2026  .0098  .9792  .1724  .5
-.7888 -1.2738  .1406  .3268  .0159  .9449  .1925  .5
-.766 -1.2727  .1315  .3783  .0183  .9255  .224  .5
-.7378 -1.2714  .1196  .3849  .0188  .9228  .2628  .5
-.7072 -1.2699  .1069  .3701  .0181  .9288  .3049  .5
-.6772 -1.2685  .0955  .3307  .016  .9436  .3463  .5
-.6506 -1.2672  .0872  .237  .0114  .9714  .383  .5
-.6304 -1.2662  .084  .0919  .0044  .9958  .4108  .5
-.6157 -1.2655  .0839  .0136  .0006  .9999  .431  .5
-.6033 -1.2649  .0836  .0301  .0014  .9995  .4481  .5
-.5929 -1.2644  .0832  .0494  .0023  .9988  .4625  .5
-.584 -1.264  .0826  .0699  .0039  .9975  .4748  .5
-.5762 -1.2636  .082  .0881  .0052  .9961  .4855  .5
-.5692 -1.2633  .0813  .103  .0062  .9947  .4951  .5
-.5626 -1.263  .0806  0  0  1  .5042  .5
-.6081 -1.2859 -.0128  0  0 -1  .4402  .4716
-.612 -1.2879 -.0048 -.7747 -.3902 -.4976  .4346  .4692
-.6162 -1.2899  .003 -.7527 -.3793 -.5382  .4288  .4666
-.6207 -1.2923  .0105 -.7128 -.3595 -.6021  .4224  .4638
-.6259 -1.2949  .0176 -.6517 -.3283 -.6838  .415  .4605
-.632 -1.2979  .0241 -.5666 -.2854 -.773  .4065  .4567
-.6391 -1.3015  .0299 -.4611 -.2326 -.8563  .3965  .4523
-.6475 -1.3057  .0347 -.3411 -.1718 -.9242  .3847  .4471
-.659 -1.3115  .0391 -.2528 -.1278 -.959  .3685  .4399
-.6743 -1.3193  .0436 -.224 -.1136 -.9679  .3469  .4303
-.6923 -1.3283  .0488 -.2359 -.1185 -.9645  .3216  .4191
-.7116 -1.338  .055 -.2763 -.1389 -.951  .2944  .4071
-.7309 -1.3478  .0626 -.3456 -.1745 -.922  .2673  .3951
-.7488 -1.3568  .0721 -.4521 -.2279 -.8624  .242  .3839
-.7642 -1.3646  .084 -.5546 -.2797 -.7837  .2203  .3743
-.7765 -1.3708  .0962 -.608 -.3066 -.7324  .2031  .3666
-.7863 -1.3757  .1068 -.6376 -.3213 -.7001  .1892  .3605
-.794 -1.3796  .116 -.6705 -.3377 -.6606  .1783  .3557
-.8001 -1.3827  .1242 -.7036 -.3547 -.6157  .1697  .3519
-.805 -1.3851  .1316 -.7328 -.3696 -.5714  .1629  .3489
-.8091 -1.3872  .1385 -.7528 -.3794 -.538  .1572  .3463
-.8127 -1.389  .1451 -.1697 -.0864  .9817  .152  .3441
-.8094 -1.3874  .1458 -.1572 -.0795  .9844  .1567  .3461
-.8059 -1.3856  .1464 -.118 -.0601  .9912  .1616  .3483
-.802 -1.3836  .1469 -.0647 -.0326  .9974  .1671  .3507
-.7975 -1.3813  .147 -.0061 -.0031  1  .1735  .3536
-.7921 -1.3786  .1469  .0478  .0243  .9986  .1811  .3569
-.7856 -1.3753  .1462  .0948  .0481  .9943  .1902  .361
-.7778 -1.3714  .1451  .1812  .0912  .9792  .2011  .3658
-.7648 -1.3649  .1406  .2921  .1469  .9451  .2195  .3739
-.7444 -1.3546  .1315  .3382  .1703  .9255  .2482  .3866
-.7192 -1.3419  .1196  .3442  .1732  .9228  .2837  .4023
-.6919 -1.3281  .1069  .3311  .1666  .9288  .3222  .4194
-.665 -1.3146  .0955  .2956  .1488  .9437  .36  .4361
-.6413 -1.3026  .0872  .212  .1068  .9714  .3934  .451
-.6232 -1.2935  .084  .0821  .0413  .9958  .4188  .4622
-.6101 -1.2869  .0839  .0121  .0061  .9999  .4373  .4704
-.599 -1.2813  .0836  .0269  .0136  .9995  .4529  .4773
-.5897 -1.2766  .0832  .044  .0221  .9988  .4661  .4831
-.5817 -1.2726  .0826  .0627  .0311  .9975  .4773  .4881
-.5748 -1.2691  .082  .0802  .0391  .996  .4871  .4924
-.5685 -1.2659  .0813  .0916  .0475  .9947  .4959  .4963
-.5948 -1.3024 -.0128  0  0 -1  .4573  .4482
-.5976 -1.3058 -.0048 -.5489 -.6717 -.4975  .4533  .4437
-.6005 -1.3094  .003 -.5332 -.6527 -.5382  .449  .439
-.6038 -1.3134  .0105 -.5052 -.6182 -.6022  .4443  .4338
-.6075 -1.3179  .0176 -.4617 -.5649 -.6839  .4389  .4279
-.6118 -1.3231  .0241 -.4014 -.4913 -.773  .4327  .421
-.6168 -1.3293  .0299 -.327 -.4001 -.8562  .4253  .4129
-.6227 -1.3366  .0347 -.2417 -.2955 -.9243  .4167  .4033
-.6309 -1.3465  .0391 -.1788 -.2197 -.959  .4048  .3902
-.6418 -1.3599  .0436 -.1587 -.1948 -.9679  .389  .3727
-.6545 -1.3754  .0488 -.1668 -.2047 -.9645  .3704  .3522
-.6682 -1.3922  .055 -.1954 -.2397 -.951  .3506  .3303
-.6818 -1.4089  .0626 -.2453 -.2999 -.9219  .3307  .3083
-.6946 -1.4244  .0721 -.3203 -.3919 -.8624  .3121  .2879
-.7054 -1.4378  .084 -.3931 -.481 -.7837  .2963  .2703
-.7141 -1.4484  .0962 -.4305 -.5274 -.7325  .2836  .2564
-.7211 -1.4569  .1068 -.4516 -.553 -.7001  .2735  .2452
-.7266 -1.4636  .116 -.4751 -.5811 -.6608  .2655  .2364
-.7309 -1.469  .1242 -.4987 -.6102 -.6156  .2592  .2294
-.7344 -1.4732  .1316 -.5194 -.6353 -.5715  .2542  .2238
-.7372 -1.4767  .1385 -.5334 -.6527 -.538  .25  .2192
-.7398 -1.4798  .1451 -.1204 -.1477  .9817  .2463  .2151
-.7375 -1.477  .1458 -.1108 -.1366  .9844  .2496  .2188
-.735 -1.474  .1464 -.084 -.1027  .9912  .2532  .2228
-.7322 -1.4706  .1469 -.0459 -.0561  .9974  .2573  .2273
-.729 -1.4666  .147 -.0044 -.0053  1  .262  .2325
-.7252 -1.4619  .1469  .0345  .042  .9985  .2676  .2386
-.7206 -1.4563  .1462  .0671  .0818  .9944  .2742  .246
-.7151 -1.4496  .1451  .1282  .1567  .9793  .2822  .2548
-.7059 -1.4383  .1406  .2071  .2533  .945  .2956  .2696
-.6914 -1.4206  .1315  .2393  .2934  .9255  .3167  .2929
-.6736 -1.3988  .1196  .2437  .2985  .9228  .3427  .3216
-.6542 -1.3751  .1069  .2347  .2869  .9288  .3709  .3527
-.6352 -1.3518  .0955  .2097  .2562  .9436  .3986  .3833
-.6183 -1.3312  .0872  .1501  .1838  .9714  .4231  .4104
-.6056 -1.3155  .084  .0581  .0712  .9958  .4417  .4309
-.5963 -1.3041  .0839  .0085  .0104  .9999  .4552  .4459
-.5884 -1.2945  .0836  .0193  .0234  .9995  .4667  .4585
-.5818 -1.2864  .0832  .0312  .0382  .9988  .4763  .4692
-.5761 -1.2795  .0826  .0439  .0545  .9975  .4845  .4783
-.5712 -1.2735  .082  .0574  .0684  .996  .4917  .4862
-.5668 -1.2681  .0813  .0639  .0803  .9947  .4981  .4933
-.576 -1.3121 -.0128 -.2302 -.8443 -.4839  .4826  .4337
-.5772 -1.3163 -.0048 -.2284 -.8368 -.4977  .4807  .428
-.5784 -1.3208  .003 -.2219 -.8131 -.5381  .4787  .4219
-.5797 -1.3258  .0105 -.2099 -.7703 -.6021  .4765  .4153
-.5813 -1.3314  .0176 -.1918 -.7041 -.6837  .474  .4077
-.583 -1.3379  .0241 -.1667 -.6121 -.773  .4712  .3988
-.5851 -1.3456  .0299 -.1357 -.4985 -.8562  .4678  .3885
-.5876 -1.3547  .0347 -.1004 -.3684 -.9242  .4638  .3762
-.591 -1.3671  .0391 -.0744 -.2732 -.9591  .4583  .3595
-.5955 -1.3837  .0436 -.0655 -.2426 -.9679  .451  .3371
-.6008 -1.4031  .0488 -.069 -.255 -.9645  .4424  .3109
-.6065 -1.4239  .055 -.081 -.2985 -.951  .4333  .2828
-.6122 -1.4447  .0626 -.1018 -.3738 -.9219  .4241  .2547
-.6175 -1.4642  .0721 -.1331 -.4884 -.8624  .4155  .2285
-.622 -1.4808  .084 -.1632 -.5993 -.7837  .4082  .2061
-.6256 -1.494  .0962 -.1792 -.6569 -.7324  .4023  .1882
-.6285 -1.5046  .1068 -.1876 -.689 -.7001  .3977  .1739
-.6308 -1.513  .116 -.1973 -.7243 -.6607  .394  .1626
-.6326 -1.5196  .1242 -.207 -.7601 -.6159  .3911  .1537
-.634 -1.5249  .1316 -.2157 -.7919 -.5713  .3887  .1466
-.6352 -1.5292  .1385 -.2216 -.8132 -.5381  .3868  .1407
-.6363 -1.5332  .1451 -.2237 -.8202 -.5266  .3851  .1354
-.6353 -1.5296  .1458 -.0466 -.1697  .9844  .3866  .1402
-.6343 -1.5258  .1464 -.0355 -.1286  .9911  .3883  .1453
-.6331 -1.5216  .1469 -.019 -.0699  .9974  .3902  .151
-.6318 -1.5167  .147 -.0017 -.0066  1  .3923  .1576
-.6302 -1.5109  .1469  .0142  .0517  .9986  .3949  .1655
-.6283 -1.5039  .1462  .0281  .1019  .9944  .398  .1749
-.626 -1.4955  .1451  .0534  .1956  .9792  .4017  .1862
-.6222 -1.4814  .1406  .0859  .3157  .945  .4079  .2052
-.6162 -1.4594  .1315  .0998  .3653  .9255  .4176  .2349
-.6087 -1.4322  .1196  .1016  .3717  .9228  .4296  .2717
-.6007 -1.4026  .1069  .097  .3572  .929  .4426  .3115
-.5928 -1.3736  .0955  .0869  .3194  .9436  .4554  .3507
-.5858 -1.3479  .0872  .0623  .2289  .9715  .4667  .3853
-.5805 -1.3285  .084  .0242  .0888  .9958  .4753  .4116
-.5766 -1.3143  .0839  .0036  .0131  .9999  .4816  .4308
-.5733 -1.3023  .0836  .0079  .0293  .9995  .4869  .4469
-.5706 -1.2922  .0832  .0131  .0475  .9988  .4913  .4605
-.5682 -1.2836  .0826  .0188  .0674  .9975  .4951  .4722
-.5662 -1.2761  .082  .0242  .0849  .9961  .4984  .4823
-.5643 -1.2693  .0813  .0281  .0992  .9947  .5014  .4914
-.5549 -1.3133 -.0128  0  0 -1  .5115  .4307
-.5542 -1.3176 -.0048  .1319 -.8573 -.4977  .5122  .4247
-.5535 -1.3222  .003  .1281 -.8331 -.5381  .5128  .4184
-.5527 -1.3273  .0105  .1214 -.7892 -.602  .5136  .4114
-.5518 -1.333  .0176  .1109 -.7211 -.6839  .5144  .4035
-.5508 -1.3397  .0241  .0964 -.6272 -.7728  .5154  .3942
-.5496 -1.3476  .0299  .0785 -.5106 -.8562  .5165  .3834
-.5481 -1.3569  .0347  .0579 -.3772 -.9243  .5179  .3706
-.5462 -1.3696  .0391  .0426 -.2802 -.959  .5197  .3531
-.5436 -1.3866  .0436  .0381 -.2483 -.9679  .5222  .3297
-.5405 -1.4065  .0488  .0399 -.2612 -.9645  .5251  .3023
-.5372 -1.4278  .055  .0466 -.3054 -.9511  .5282  .2729
-.5339 -1.4492  .0626  .0587 -.3828 -.922  .5313  .2435
-.5309 -1.4691  .0721  .0768 -.5005 -.8623  .5342  .2161
-.5283 -1.4861  .084  .0943 -.6139 -.7838  .5367  .1927
-.5262 -1.4997  .0962  .1036 -.6729 -.7324  .5387  .1739
-.5245 -1.5105  .1068  .1085 -.7058 -.7001  .5403  .159
-.5232 -1.5191  .116  .1144 -.7419 -.6606  .5415  .1472
-.5221 -1.5259  .1242  .12 -.7788 -.6157  .5425  .1379
-.5213 -1.5313  .1316  .1249 -.8113 -.5712  .5433  .1304
-.5206 -1.5357  .1385  .1283 -.833 -.5381  .5439  .1243
-.52 -1.5398  .1451  .1291 -.8403 -.5265  .5445  .1187
-.5206 -1.5361  .1458  .0266 -.1738  .9844  .544  .1237
-.5212 -1.5323  .1464  .0206 -.1317  .9911  .5434  .129
-.5218 -1.5279  .1469  .011 -.0717  .9974  .5428  .135
-.5226 -1.5229  .147  .0011 -.0071  1  .5421  .142
-.5235 -1.5169  .1469 -.0081  .0537  .9985  .5412  .1502
-.5246 -1.5098  .1462 -.0162  .1047  .9944  .5401  .1601
-.5259 -1.5012  .1451 -.031  .2005  .9792  .5389  .1719
-.5282 -1.4868  .1406 -.0496  .3232  .945  .5368  .1917
-.5316 -1.4642  .1315 -.058  .3742  .9255  .5335  .2228
-.5359 -1.4363  .1196 -.0589  .3808  .9228  .5294  .2612
-.5406 -1.406  .1069 -.0568  .3662  .9288  .525  .3029
-.5452 -1.3763  .0955 -.0501  .3272  .9436  .5207  .3439
-.5492 -1.35  .0872 -.0358  .2343  .9715  .5169  .3801
-.5523 -1.3301  .084 -.014  .0909  .9958  .514  .4076
-.5545 -1.3155  .0839 -.0021  .0134  .9999  .5119  .4276
-.5564 -1.3033  .0836 -.0045  .0298  .9995  .5101  .4445
-.558 -1.2929  .0832 -.0074  .0487  .9988  .5086  .4587
-.5594 -1.2841  .0826 -.0102  .0693  .9975  .5073  .4709
-.5605 -1.2764  .082 -.0124  .0884  .996  .5062  .4815
-.5616 -1.2695  .0813 -.017  .1018  .9947  .5052  .491
-.5351 -1.3058 -.0128  0  0 -1  .5393  .4396
-.5327 -1.3095 -.0048  .4692 -.7296 -.4976  .5423  .4344
-.5302 -1.3134  .003  .4561 -.7087 -.5382  .5455  .4289
-.5274 -1.3177  .0105  .4321 -.6714 -.6021  .549  .4228
-.5242 -1.3226  .0176  .3948 -.6135 -.6839  .553  .4159
-.5206 -1.3283  .0241  .3434 -.5336 -.7729  .5577  .4079
-.5163 -1.335  .0299  .2797 -.4344 -.8562  .5632  .3984
-.5112 -1.3429  .0347  .2065 -.3213 -.9242  .5696  .3873
-.5042 -1.3537  .0391  .1529 -.2386 -.959  .5785  .3721
-.4949 -1.3682  .0436  .1358 -.2113 -.9679  .5903  .3517
-.484 -1.3851  .0488  .1425 -.2225 -.9645  .6042  .3278
-.4724 -1.4033  .055  .1672 -.2598 -.9511  .619  .3022
-.4607 -1.4214  .0626  .2096 -.3256 -.922  .6339  .2766
-.4498 -1.4383  .0721  .274 -.4258 -.8623  .6477  .2528
-.4405 -1.4528  .084  .3359 -.5225 -.7837  .6596  .2324
-.433 -1.4644  .0962  .3685 -.5725 -.7324  .669  .2161
-.4271 -1.4736  .1068  .3864 -.6004 -.7001  .6766  .2031
-.4224 -1.4809  .116  .4063 -.6312 -.6607  .6826  .1928
-.4187 -1.4867  .1242  .4261 -.6628 -.6158  .6873  .1847
-.4157 -1.4913  .1316  .4438 -.6902 -.5716  .691  .1782
-.4133 -1.4951  .1385  .4559 -.7091 -.538  .6942  .1728
-.4111 -1.4985  .1451  .1027 -.1603  .9817  .697  .168
-.4131 -1.4954  .1458  .0948 -.1481  .9844  .6944  .1723
-.4152 -1.4921  .1464  .0718 -.1124  .9911  .6917  .177
-.4176 -1.4884  .1469  .0392 -.061  .9974  .6887  .1822
-.4203 -1.4841  .147  .0039 -.0061  1  .6852  .1882
-.4236 -1.4791  .1469 -.0295  .0456  .9985  .681  .1954
-.4275 -1.473  .1462 -.0573  .0896  .9943  .6761  .204
-.4322 -1.4657  .1451 -.1094  .1703  .9793  .6701  .2143
-.4401 -1.4534  .1406 -.1771  .2748  .9451  .6601  .2315
-.4525 -1.4342  .1315 -.2052  .3183  .9255  .6443  .2586
-.4677 -1.4105  .1196 -.2086  .324  .9228  .6249  .2921
-.4843 -1.3847  .1069 -.2003  .3119  .9288  .6038  .3284
-.5006 -1.3594  .0955 -.179  .2785  .9436  .5831  .364
-.515 -1.337  .0872 -.1284  .1997  .9714  .5648  .3956
-.5259 -1.3201  .084 -.0497  .0773  .9958  .5509  .4195
-.5338 -1.3077  .0839 -.0074  .0114  .9999  .5408  .437
-.5405 -1.2973  .0836 -.0163  .0253  .9995  .5323  .4517
-.5462 -1.2884  .0832 -.0267  .0415  .9988  .5251  .4641
-.551 -1.2809  .0826 -.0384  .0586  .9975  .5189  .4747
-.5552 -1.2744  .082 -.0492  .0744  .996  .5136  .4839
-.559 -1.2685  .0813 -.0569  .0861  .9947  .5088  .4922
-.52 -1.2909 -.0128  .7322 -.48 -.4833  .5609  .459
-.5163 -1.2933 -.0048  .7254 -.4754 -.4977  .5658  .4555
-.5125 -1.2958  .003  .7048 -.4623 -.5381  .571  .4517
-.5082 -1.2986  .0105  .6675 -.438 -.6022  .5767  .4476
-.5033 -1.3018  .0176  .61 -.4001 -.6839  .5832  .4429
-.4976 -1.3056  .0241  .5305 -.3479 -.773  .5907  .4375
-.491 -1.3099  .0299  .432 -.2834 -.8562  .5996  .4311
-.4831 -1.3151  .0347  .3192 -.2095 -.9243  .6101  .4235
-.4724 -1.3221  .0391  .237 -.1551 -.9591  .6244  .4132
-.458 -1.3316  .0436  .2102 -.1375 -.9679  .6435  .3993
-.4411 -1.3426  .0488  .2205 -.1451 -.9645  .666  .3831
-.4231 -1.3544  .055  .2584 -.1698 -.951  .69  .3658
-.405 -1.3663  .0626  .3239 -.2125 -.9219  .714  .3484
-.3882 -1.3773  .0721  .4234 -.2774 -.8625  .7364  .3322
-.3738 -1.3867  .084  .5194 -.3407 -.7837  .7556  .3184
-.3623 -1.3943  .0962  .5694 -.3734 -.7324  .7709  .3073
-.3531 -1.4003  .1068  .5973 -.3913 -.7001  .7831  .2985
-.3459 -1.4051  .116  .6277 -.4117 -.6607  .7928  .2915
-.3401 -1.4088  .1242  .6589 -.4322 -.6157  .8004  .286
-.3356 -1.4118  .1316  .6865 -.4499 -.5713  .8065  .2816
-.3318 -1.4143  .1385  .705 -.4622 -.5379  .8116  .2779
-.3284 -1.4165  .1451  .7113 -.4662 -.5259  .8161  .2746
-.3315 -1.4145  .1458  .1473 -.0963  .9844  .812  .2776
-.3347 -1.4124  .1464  .1112 -.0727  .9911  .8076  .2808
-.3384 -1.41  .1469  .0606 -.0397  .9974  .8028  .2843
-.3427 -1.4071  .147  .0058 -.0037  1  .7971  .2884
-.3477 -1.4038  .1469 -.0449  .0293  .9986  .7903  .2933
-.3538 -1.3999  .1462 -.0891  .058  .9943  .7823  .2991
-.361 -1.3951  .1451 -.1692  .1111  .9793  .7726  .3061
-.3732 -1.3871  .1406 -.2735  .1798  .9449  .7564  .3178
-.3923 -1.3746  .1315 -.3165  .2078  .9255  .7309  .3362
-.4159 -1.3591  .1196 -.3221  .2115  .9228  .6995  .3589
-.4415 -1.3423  .1069 -.3097  .2034  .9288  .6654  .3835
-.4667 -1.3258  .0955 -.2768  .1817  .9436  .6319  .4077
-.4889 -1.3113  .0872 -.1985  .1301  .9714  .6023  .4291
-.5058 -1.3002  .084 -.0769  .0504  .9958  .5798  .4454
-.5181 -1.2921  .0839 -.0112  .0074  .9999  .5634  .4572
-.5285 -1.2853  .0836 -.0253  .0167  .9995  .5496  .4672
-.5373 -1.2796  .0832 -.0414  .027  .9988  .538  .4756
-.5447 -1.2747  .0826 -.0579  .0384  .9976  .528  .4828
-.5512 -1.2704  .082 -.0739  .05  .996  .5194  .489
-.5571 -1.2666  .0813 -.0861  .0566  .9947  .5116  .4947
-.5123 -1.2711 -.0128  0  0 -1  .5728  .4855
-.508 -1.2718 -.0048  .8561 -.1395 -.4976  .5787  .4843
-.5034 -1.2726  .003  .8319 -.1356 -.5382  .585  .4829
-.4984 -1.2734  .0105  .788 -.1283 -.6022  .5918  .4815
-.4926 -1.2744  .0176  .72 -.1175 -.6839  .5997  .4798
-.4859 -1.2754  .0241  .6262 -.1018 -.773  .6088  .4779
-.4781 -1.2767  .0299  .5101 -.0828 -.8561  .6195  .4756
-.4688 -1.2782  .0347  .3768 -.0612 -.9243  .6322  .4729
-.4561 -1.2803  .0391  .2794 -.0453 -.9591  .6495  .4693
-.4391 -1.2831  .0436  .248 -.0404 -.9679  .6727  .4644
-.4192 -1.2863  .0488  .2605 -.0427 -.9645  .6998  .4587
-.3979 -1.2898  .055  .3052 -.05 -.951  .7288  .4525
-.3766 -1.2932  .0626  .3824 -.0625 -.9219  .7579  .4464
-.3568 -1.2965  .0721  .4998 -.0815 -.8623  .785  .4406
-.3398 -1.2992  .084  .6131 -.0997 -.7837  .8082  .4357
-.3262 -1.3014  .0962  .6721 -.1091 -.7324  .8267  .4318
-.3154 -1.3032  .1068  .7047 -.1149 -.7001  .8415  .4287
-.3068 -1.3046  .116  .7409 -.1205 -.6607  .8531  .4262
-.3001 -1.3057  .1242  .7777 -.1268 -.6157  .8623  .4243
-.2947 -1.3066  .1316  .81 -.1319 -.5714  .8697  .4227
-.2902 -1.3073  .1385  .8319 -.1356 -.5381  .8758  .4214
-.2862 -1.308  .1451  .8394 -.1367 -.526  .8813  .4203
-.2898 -1.3074  .1458  .1736 -.0279  .9844  .8763  .4213
-.2937 -1.3068  .1464  .1316 -.0219  .9911  .8711  .4224
-.298 -1.3061  .1469  .0714 -.0116  .9974  .8652  .4237
-.303 -1.3052  .147  .0071 -.0011  1  .8583  .4251
-.309 -1.3043  .1469 -.0529  .0087  .9986  .8501  .4269
-.3161 -1.3031  .1462 -.1049  .0174  .9943  .8404  .4289
-.3247 -1.3017  .1451 -.1998  .0325  .9793  .8287  .4314
-.3391 -1.2994  .1406 -.323  .0524  .9449  .8091  .4355
-.3617 -1.2957  .1315 -.3738  .0606  .9255  .7783  .4421
-.3895 -1.2911  .1196 -.3804  .0617  .9228  .7403  .4501
-.4197 -1.2862  .1069 -.3658  .0599  .9288  .6991  .4588
-.4494 -1.2814  .0955 -.3267  .0534  .9436  .6586  .4674
-.4757 -1.2771  .0872 -.2342  .0382  .9714  .6228  .4749
-.4956 -1.2739  .084 -.0908  .0148  .9958  .5956  .4807
-.5101 -1.2715  .0839 -.0134  .0022  .9999  .5758  .4849
-.5224 -1.2695  .0836 -.0297  .0049  .9995  .5591  .4884
-.5327 -1.2678  .0832 -.0488  .008  .9988  .545  .4914
-.5415 -1.2664  .0826 -.0687  .0108  .9976  .533  .4939
-.5492 -1.2651  .082 -.087  .0151  .9961  .5225  .4961
-.5561 -1.264  .0813 -.1017  .0177  .9947  .5131  .4981
-.5134 -1.25 -.0128  0  0 -1  .5728  .5145
-.5091 -1.2489 -.0048  .8388  .2209 -.4976  .5787  .5157
-.5046 -1.2477  .003  .8151  .2147 -.5381  .585  .5171
-.4997 -1.2464  .0105  .7721  .2034 -.6021  .5918  .5185
-.494 -1.2449  .0176  .7055  .1858 -.684  .5997  .5202
-.4875 -1.2432  .0241  .6137  .1613 -.7729  .6088  .5221
-.4798 -1.2411  .0299  .4995  .1313 -.8563  .6195  .5244
-.4707 -1.2388  .0347  .3694  .0975 -.9241  .6322  .5271
-.4583 -1.2355  .0391  .2739  .0719 -.9591  .6495  .5307
-.4416 -1.2311  .0436  .243  .0638 -.9679  .6727  .5356
-.4221 -1.226  .0488  .2552  .0676 -.9645  .6998  .5413
-.4013 -1.2205  .055  .299  .0791 -.951  .7288  .5475
-.3804 -1.215  .0626  .3748  .0984 -.9219  .7579  .5536
-.3609 -1.2099  .0721  .4895  .1288 -.8624  .785  .5594
-.3443 -1.2055  .084  .6008  .158 -.7837  .8082  .5643
-.331 -1.202  .0962  .6586  .1731 -.7323  .8267  .5682
-.3204 -1.1992  .1068  .6904  .182 -.7001  .8415  .5713
-.312 -1.197  .116  .7259  .1913 -.6606  .8531  .5738
-.3054 -1.1952  .1242  .762  .2007 -.6157  .8623  .5757
-.3001 -1.1938  .1316  .7935  .2091 -.5715  .8697  .5773
-.2957 -1.1927  .1385  .8151  .2145 -.5381  .8758  .5786
-.2918 -1.1916  .1451  .1843  .0479  .9817  .8813  .5797
-.2953 -1.1926  .1458  .1706  .0444  .9843  .8763  .5787
-.2991 -1.1936  .1464  .1282  .0332  .9912  .8711  .5776
-.3033 -1.1947  .1469  .0701  .0184  .9974  .8652  .5763
-.3083 -1.196  .147  .007  .0018  1  .8583  .5749
-.3141 -1.1975  .1469 -.0518 -.0138  .9986  .8501  .5731
-.3211 -1.1994  .1462 -.1028 -.0273  .9943  .8404  .5711
-.3295 -1.2016  .1451 -.1957 -.0516  .9793  .8287  .5686
-.3436 -1.2053  .1406 -.3164 -.0836  .9449  .8091  .5645
-.3657 -1.2111  .1315 -.3663 -.0962  .9255  .7783  .5579
-.393 -1.2183  .1196 -.3727 -.0978  .9228  .7403  .5499
-.4226 -1.2261  .1069 -.3578 -.0947  .929  .6991  .5412
-.4517 -1.2338  .0955 -.3201 -.0844  .9436  .6586  .5326
-.4774 -1.2405  .0872 -.2294 -.0604  .9714  .6228  .5251
-.4969 -1.2457  .084 -.089 -.0234  .9958  .5956  .5193
-.5112 -1.2494  .0839 -.0131 -.0034  .9999  .5758  .5151
-.5232 -1.2526  .0836 -.0291 -.0077  .9995  .5591  .5116
-.5333 -1.2552  .0832 -.0478 -.0126  .9988  .545  .5086
-.5419 -1.2575  .0826 -.0676 -.0183  .9975  .533  .5061
-.5494 -1.2595  .082 -.0851 -.0234  .9961  .5225  .5039
-.5562 -1.2613  .0813 -.0995 -.0275  .9947  .5131  .5019
-.5229 -1.2311 -.0128  .6828  .5477 -.4835  .5609  .541
-.5195 -1.2283 -.0048  .6763  .5431 -.4977  .5658  .5445
-.5158 -1.2254  .003  .6573  .5277 -.538  .571  .5483
-.5118 -1.2222  .0105  .6226  .4998 -.6021  .5767  .5524
-.5073 -1.2186  .0176  .5688  .4567 -.6841  .5832  .5571
-.502 -1.2143  .0241  .495  .3971 -.7729  .5907  .5625
-.4958 -1.2093  .0299  .4029  .3233 -.8562  .5996  .5689
-.4885 -1.2035  .0347  .2978  .2388 -.9243  .6101  .5765
-.4784 -1.1954  .0391  .2208  .1774 -.9591  .6244  .5868
-.465 -1.1846  .0436  .1959  .1573 -.9679  .6435  .6007
-.4493 -1.172  .0488  .2058  .1657 -.9645  .666  .6169
-.4325 -1.1585  .055  .2407  .1937 -.9511  .69  .6342
-.4157 -1.145  .0626  .302  .2428 -.9219  .714  .6516
-.4 -1.1324  .0721  .3946  .317 -.8625  .7364  .6678
-.3865 -1.1216  .084  .4843  .389 -.7836  .7556  .6817
-.3758 -1.113  .0962  .5309  .4263 -.7324  .7709  .6927
-.3673 -1.1062  .1068  .557  .4468 -.7001  .7831  .7015
-.3605 -1.1007  .116  .5854  .47 -.6606  .7928  .7085
-.3552 -1.0965  .1242  .6144  .4934 -.6157  .8004  .714
-.3509 -1.093  .1316  .6401  .5135 -.5714  .8065  .7184
-.3474 -1.0902  .1385  .6575  .5275 -.5381  .8116  .7221
-.3442 -1.0876  .1451  .1484  .1194  .9817  .8161  .7254
-.347 -1.0899  .1458  .1377  .11  .9844  .812  .7224
-.3501 -1.0924  .1464  .1035  .083  .9912  .8076  .7192
-.3535 -1.0951  .1469  .0565  .0454  .9974  .8028  .7157
-.3575 -1.0983  .147  .0057  .0046  1  .7971  .7116
-.3622 -1.1021  .1469 -.0425 -.0339  .9985  .7903  .7067
-.3679 -1.1067  .1462 -.0827 -.0656  .9944  .7823  .7009
-.3746 -1.1121  .1451 -.1582 -.1269  .9792  .7726  .6939
-.386 -1.1212  .1406 -.2554 -.2046  .9449  .7564  .6822
-.4038 -1.1355  .1315 -.2952 -.2372  .9255  .7309  .6638
-.4258 -1.1532  .1196 -.3007 -.2409  .9228  .6995  .6411
-.4497 -1.1723  .1069 -.2893 -.2317  .9288  .6654  .6165
-.4732 -1.1912  .0955 -.2582 -.2069  .9437  .6319  .5923
-.4939 -1.2078  .0872 -.1851 -.1485  .9714  .6023  .5709
-.5097 -1.2205  .084 -.0717 -.0576  .9958  .5798  .5546
-.5211 -1.2297  .0839 -.0106 -.0085  .9999  .5634  .5428
-.5308 -1.2374  .0836 -.0238 -.0189  .9995  .5496  .5328
-.539 -1.244  .0832 -.0385 -.0308  .9988  .538  .5244
-.5459 -1.2496  .0826 -.0544 -.0432  .9976  .528  .5172
-.552 -1.2544  .082 -.0703 -.0549  .996  .5194  .5109
-.5574 -1.2588  .0813 -.0813 -.0634  .9947  .5116  .5053
-.5393 -1.2177 -.0128  0  0 -1  .5393  .5604
-.5373 -1.2138 -.0048  .3973  .7711 -.4976  .5423  .5656
-.5351 -1.2096  .003  .386  .7492 -.5383  .5455  .5711
-.5328 -1.2051  .0105  .3656  .7096 -.6024  .549  .5772
-.5301 -1.1999  .0176  .3342  .6485 -.6839  .553  .5841
-.527 -1.1939  .0241  .2904  .5643 -.7728  .5577  .5921
-.5234 -1.1868  .0299  .2364  .4593 -.8562  .5632  .6016
-.5191 -1.1784  .0347  .1748  .3394 -.9242  .5696  .6127
-.5132 -1.167  .0391  .1298  .2514 -.9591  .5785  .6279
-.5053 -1.1517  .0436  .1144  .2236 -.9679  .5903  .6483
-.4961 -1.1338  .0488  .1206  .2351 -.9645  .6042  .6722
-.4862 -1.1146  .055  .1417  .2745 -.9511  .619  .6978
-.4763 -1.0954  .0626  .1775  .3441 -.922  .6339  .7234
-.4671 -1.0776  .0721  .2318  .45 -.8624  .6477  .7472
-.4592 -1.0622  .084  .2846  .5522 -.7836  .6596  .7676
-.4529 -1.05  .0962  .3119  .6053 -.7324  .669  .7839
-.4479 -1.0403  .1068  .3269  .6346 -.7003  .6766  .7969
-.4439 -1.0325  .116  .3437  .6674 -.6607  .6826  .8072
-.4408 -1.0265  .1242  .3609  .7005 -.6156  .6873  .8153
-.4383 -1.0216  .1316  .3758  .7295 -.5715  .691  .8218
-.4362 -1.0176  .1385  .3858  .7494 -.5381  .6942  .8272
-.4344 -1.014  .1451  .0877  .1689  .9817  .697  .832
-.436 -1.0172  .1458  .0811  .1565  .9843  .6944  .8277
-.4378 -1.0207  .1464  .061  .1177  .9912  .6917  .823
-.4398 -1.0246  .1469  .0334  .0651  .9973  .6887  .8178
-.4422 -1.0291  .147  .0033  .0064  1  .6852  .8118
-.445 -1.0345  .1469 -.0248 -.0484  .9985  .681  .8046
-.4483 -1.041  .1462 -.0496 -.0947  .9943  .6761  .796
-.4522 -1.0487  .1451 -.0928 -.1803  .9792  .6701  .7857
-.4589 -1.0616  .1406 -.1495 -.2912  .9449  .6601  .7685
-.4694 -1.082  .1315 -.1737 -.3365  .9255  .6443  .7414
-.4823 -1.107  .1196 -.1762 -.3427  .9228  .6249  .7079
-.4963 -1.1342  .1069 -.169 -.3292  .929  .6038  .6716
-.5101 -1.161  .0955 -.1514 -.2943  .9437  .5831  .636
-.5223 -1.1846  .0872 -.1083 -.2108  .9715  .5648  .6044
-.5315 -1.2026  .084 -.0421 -.0818  .9958  .5509  .5805
-.5383 -1.2157  .0839 -.0062 -.0121  .9999  .5408  .563
-.5439 -1.2267  .0836 -.014 -.0269  .9995  .5323  .5483
-.5487 -1.236  .0832 -.0227 -.0439  .9988  .5251  .5359
-.5528 -1.2439  .0826 -.0315 -.0619  .9976  .5189  .5253
-.5564 -1.2509  .082 -.0398 -.0799  .996  .5136  .5161
-.5596 -1.2571  .0813 -.046 -.0924  .9947  .5088  .5078
-.5597 -1.2121 -.0128  0  0 -1  .5115  .5693
-.5595 -1.2077 -.0048  .0493  .866 -.4977  .5122  .5753
-.5592 -1.2031  .003  .0477  .8415 -.5382  .5128  .5816
-.5589 -1.198  .0105  .0452  .7971 -.6021  .5136  .5886
-.5586 -1.1921  .0176  .0412  .7284 -.6839  .5144  .5965
-.5582 -1.1854  .0241  .0359  .6335 -.7729  .5154  .6058
-.5577 -1.1774  .0299  .0291  .5159 -.8561  .5165  .6166
-.5572 -1.1681  .0347  .0216  .3812 -.9243  .5179  .6294
-.5565 -1.1552  .0391  .0159  .2825 -.9591  .5197  .6469
-.5555 -1.138  .0436  .0148  .2508 -.9679  .5222  .6703
-.5544 -1.1179  .0488  .0152  .2638 -.9645  .5251  .6977
-.5531 -1.0964  .055  .0173  .3085 -.9511  .5282  .7271
-.5519 -1.0748  .0626  .0217  .3866 -.922  .5313  .7565
-.5508 -1.0547  .0721  .0286  .5054 -.8624  .5342  .7839
-.5498 -1.0376  .084  .0351  .6202 -.7837  .5367  .8073
-.549 -1.0238  .0962  .0389  .6798 -.7324  .5387  .8261
-.5484 -1.0129  .1068  .0407  .7128 -.7002  .5403  .841
-.5479 -1.0042  .116  .0427  .7495 -.6606  .5415  .8528
-.5475 -.9974  .1242  .0445  .7867 -.6157  .5425  .8621
-.5472 -.9919  .1316  .0464  .8193 -.5714  .5433  .8696
-.547 -.9874  .1385  .048  .8416 -.538  .5439  .8757
-.5467 -.9833  .1451  .0113  .19  .9817  .5445  .8813
-.5469 -.987  .1458  .0096  .176  .9844  .544  .8763
-.5472 -.9909  .1464  .007  .1322  .9912  .5434  .871
-.5474 -.9953  .1469  .004  .0722  .9974  .5428  .865
-.5477 -1.0004  .147  .0004  .0073  1  .5421  .858
-.548 -1.0064  .1469 -.0029 -.0535  .9986  .5412  .8498
-.5484 -1.0136  .1462 -.006 -.106  .9944  .5401  .8399
-.5489 -1.0223  .1451 -.0114 -.2021  .9793  .5389  .8281
-.5498 -1.0369  .1406 -.0188 -.3263  .9451  .5368  .8083
-.5511 -1.0597  .1315 -.0216 -.3781  .9255  .5335  .7772
-.5527 -1.0878  .1196 -.022 -.3847  .9228  .5294  .7388
-.5544 -1.1184  .1069 -.021 -.37  .9288  .525  .6971
-.5561 -1.1484  .0955 -.0188 -.3304  .9436  .5207  .6561
-.5576 -1.175  .0872 -.0136 -.2368  .9715  .5169  .6199
-.5588 -1.1952  .084 -.0052 -.0919  .9958  .514  .5924
-.5596 -1.2099  .0839 -.0007 -.0135  .9999  .5119  .5724
-.5603 -1.2222  .0836 -.0017 -.0301  .9995  .5101  .5555
-.5609 -1.2327  .0832 -.0028 -.0494  .9988  .5086  .5413
-.5614 -1.2416  .0826 -.0043 -.0693  .9976  .5073  .5291
-.5618 -1.2494  .082 -.0064 -.089  .996  .5062  .5185
-.5622 -1.2564  .0813 -.0068 -.1028  .9947  .5052  .509
-.5806 -1.2153 -.0128  0  0 -1  .4826  .5663
-.5822 -1.2112 -.0048 -.3071  .8113 -.4975  .4807  .572
-.5839 -1.2069  .003 -.2986  .7882 -.5382  .4787  .5781
-.5857 -1.2021  .0105 -.283  .7465 -.6022  .4765  .5847
-.5877 -1.1966  .0176 -.2587  .6822 -.6839  .474  .5923
-.5901 -1.1903  .0241 -.2247  .5934 -.7729  .4712  .6012
-.593 -1.1828  .0299 -.1828  .4832 -.8562  .4678  .6115
-.5963 -1.1741  .0347 -.1352  .3572 -.9242  .4638  .6238
-.6008 -1.162  .0391 -.1  .2647 -.9591  .4583  .6405
-.6069 -1.1459  .0436 -.0895  .2348 -.9679  .451  .6629
-.6141 -1.1271  .0488 -.094  .2469 -.9645  .4424  .6891
-.6217 -1.1069  .055 -.1094  .289 -.9511  .4333  .7172
-.6294 -1.0868  .0626 -.1369  .3621 -.9221  .4241  .7453
-.6365 -1.0679  .0721 -.1793  .4736 -.8623  .4155  .7715
-.6426 -1.0518  .084 -.2199  .581 -.7836  .4082  .7939
-.6475 -1.039  .0962 -.2413  .6367 -.7324  .4023  .8118
-.6514 -1.0287  .1068 -.2531  .6676 -.7002  .3977  .8261
-.6544 -1.0206  .116 -.2661  .702 -.6606  .394  .8374
-.6568 -1.0142  .1242 -.2792  .7368 -.6157  .3911  .8463
-.6588 -1.0091  .1316 -.2908  .7674 -.5715  .3887  .8534
-.6604 -1.0049  .1385 -.2985  .7882 -.5381  .3868  .8593
-.6618 -1.001  .1451 -.0674  .178  .9817  .3851  .8646
-.6605 -1.0045  .1458 -.0619  .1651  .9843  .3866  .8598
-.6591 -1.0081  .1464 -.0468  .1242  .9912  .3883  .8548
-.6576 -1.0122  .1469 -.0249  .0672  .9974  .3902  .849
-.6558 -1.017  .147 -.0026  .0067  1  .3923  .8424
-.6536 -1.0227  .1469  .0191 -.0509  .9985  .3949  .8345
-.6511 -1.0294  .1462  .0376 -.0992  .9944  .398  .8251
-.648 -1.0375  .1451  .0715 -.1893  .9793  .4017  .8138
-.6428 -1.0512  .1406  .1155 -.3058  .9451  .4079  .7948
-.6347 -1.0726  .1315  .134 -.3542  .9255  .4176  .7651
-.6247 -1.0989  .1196  .1368 -.3603  .9228  .4296  .7283
-.6139 -1.1276  .1069  .1315 -.3465  .9288  .4426  .6885
-.6032 -1.1557  .0955  .1171 -.3096  .9436  .4554  .6493
-.5938 -1.1806  .0872  .0838 -.2218  .9715  .4667  .6147
-.5867 -1.1995  .084  .0326 -.086  .9958  .4753  .5884
-.5814 -1.2132  .0839  .0048 -.0127  .9999  .4816  .5692
-.5771 -1.2248  .0836  .0107 -.0282  .9995  .4869  .5531
-.5733 -1.2346  .0832  .0176 -.0462  .9988  .4913  .5395
-.5702 -1.243  .0826  .0243 -.0651  .9976  .4951  .5278
-.5674 -1.2502  .082  .0303 -.0829  .9961  .4984  .5177
-.5649 -1.2568  .0813  .0352 -.097  .9947  .5014  .5086
-.5985 -1.2268 -.0128  0  0 -1  .4573  .5518
-.6016 -1.2237 -.0048 -.6108  .6159 -.4976  .4533  .5563
-.6048 -1.2204  .003 -.5935  .5986 -.5381  .449  .561
-.6084 -1.2167  .0105 -.5622  .5669 -.6021  .4443  .5662
-.6125 -1.2126  .0176 -.5136  .5181 -.6839  .4389  .5721
-.6173 -1.2078  .0241 -.4466  .4506 -.773  .4327  .579
-.6229 -1.2021  .0299 -.3636  .3669 -.8563  .4253  .5871
-.6295 -1.1954  .0347 -.2689  .2716 -.9241  .4167  .5967
-.6386 -1.1863  .0391 -.199  .2011 -.9591  .4048  .6098
-.6507 -1.1741  .0436 -.1768  .1785 -.9679  .389  .6273
-.6649 -1.1598  .0488 -.1857  .1879 -.9645  .3704  .6478
-.6801 -1.1445  .055 -.2177  .2192 -.9511  .3506  .6697
-.6953 -1.1291  .0626 -.2727  .2748 -.922  .3307  .6917
-.7094 -1.1148  .0721 -.3565  .3595 -.8624  .3121  .7121
-.7215 -1.1026  .084 -.4375  .4411 -.7836  .2963  .7297
-.7312 -1.0929  .0962 -.4795  .4835 -.7324  .2836  .7436
-.739 -1.0851  .1068 -.5028  .507 -.7002  .2735  .7548
-.7451 -1.0789  .116 -.5284  .5332 -.6606  .2655  .7636
-.7499 -1.074  .1242 -.5546  .5598 -.6156  .2592  .7706
-.7537 -1.0702  .1316 -.5777  .5829 -.5714  .2542  .7762
-.7569 -1.0669  .1385 -.5935  .5986 -.538  .25  .7808
-.7598 -1.064  .1451 -.1339  .1356  .9817  .2463  .7849
-.7572 -1.0667  .1458 -.1237  .1251  .9844  .2496  .7812
-.7544 -1.0694  .1464 -.0934  .0941  .9912  .2532  .7772
-.7514 -1.0726  .1469 -.051  .0515  .9974  .2573  .7727
-.7478 -1.0762  .147 -.0048  .0049  1  .262  .7675
-.7435 -1.0805  .1469  .0377 -.0382  .9986  .2676  .7614
-.7384 -1.0856  .1462  .0747 -.0756  .9943  .2742  .754
-.7323 -1.0918  .1451  .1425 -.1436  .9793  .2822  .7452
-.722 -1.1021  .1406  .2303 -.2321  .945  .2956  .7304
-.7059 -1.1184  .1315  .2669 -.2687  .9255  .3167  .7071
-.6861 -1.1384  .1196  .2711 -.2738  .9228  .3427  .6784
-.6645 -1.1601  .1069  .2608 -.2633  .9288  .3709  .6473
-.6434 -1.1815  .0955  .2333 -.2349  .9436  .3986  .6167
-.6246 -1.2004  .0872  .1672 -.1689  .9714  .4231  .5896
-.6104 -1.2147  .084  .0647 -.0653  .9958  .4417  .5691
-.6 -1.2252  .0839  .0096 -.0096  .9999  .4552  .5541
-.5913 -1.234  .0836  .0214 -.0215  .9995  .4667  .5415
-.5839 -1.2414  .0832  .0347 -.0351  .9988  .4763  .5308
-.5777 -1.2478  .0826  .049 -.0501  .9975  .4845  .5217
-.5722 -1.2533  .082  .0628 -.062  .9961  .4917  .5138
-.5673 -1.2583  .0813  .0736 -.0724  .9947  .4981  .5067
-.6101 -1.2445 -.0128  0  0 -1  .4402  .5284
-.6142 -1.2429 -.0048 -.8085  .3142 -.4977  .4346  .5308
-.6185 -1.2412  .003 -.7856  .3055 -.5381  .4288  .5334
-.6233 -1.2394  .0105 -.744  .2895 -.6022  .4224  .5362
-.6287 -1.2372  .0176 -.68  .2643 -.6839  .415  .5395
-.635 -1.2348  .0241 -.5913  .2301 -.7729  .4065  .5433
-.6424 -1.2319  .0299 -.4814  .1873 -.8562  .3965  .5477
-.6512 -1.2285  .0347 -.356  .1386 -.9241  .3847  .5529
-.6632 -1.2238  .0391 -.2636  .1028 -.9591  .3685  .5601
-.6792 -1.2176  .0436 -.2344  .0904 -.9679  .3469  .5697
-.698 -1.2103  .0488 -.2464  .0954 -.9645  .3216  .5809
-.7181 -1.2025  .055 -.2881  .1119 -.951  .2944  .5929
-.7382 -1.1947  .0626 -.3607  .1406 -.922  .2673  .6049
-.757 -1.1874  .0721 -.4719  .1837 -.8623  .242  .6161
-.773 -1.1811  .084 -.579  .225 -.7837  .2203  .6257
-.7858 -1.1761  .0962 -.6345  .2469 -.7324  .2031  .6334
-.7961 -1.1722  .1068 -.6654  .259 -.7001  .1892  .6395
-.8041 -1.169  .116 -.6996  .2722 -.6607  .1783  .6443
-.8105 -1.1665  .1242 -.7343  .2858 -.6157  .1697  .6481
-.8156 -1.1646  .1316 -.7649  .2974 -.5714  .1629  .6511
-.8198 -1.1629  .1385 -.7857  .3053 -.5381  .1572  .6537
-.8236 -1.1614  .1451 -.1775  .0684  .9817  .152  .6559
-.8202 -1.1628  .1458 -.164  .063  .9845  .1567  .6539
-.8166 -1.1642  .1464 -.124  .0483  .9911  .1616  .6517
-.8125 -1.1658  .1469 -.0667  .0264  .9974  .1671  .6493
-.8077 -1.1676  .147 -.0063  .0024  1  .1735  .6464
-.8021 -1.1698  .1469  .05 -.0193  .9986  .1811  .6431
-.7953 -1.1725  .1462  .099 -.0384  .9943  .1902  .639
-.7873 -1.1756  .1451  .189 -.0736  .9792  .2011  .6342
-.7737 -1.1809  .1406  .3049 -.1189  .9449  .2195  .6261
-.7524 -1.1892  .1315  .3529 -.1373  .9255  .2482  .6134
-.7261 -1.1994  .1196  .3592 -.1395  .9228  .2837  .5977
-.6975 -1.2105  .1069  .3455 -.1339  .9288  .3222  .5806
-.6695 -1.2214  .0955  .3085 -.1203  .9436  .36  .5639
-.6447 -1.231  .0872  .2212 -.086  .9714  .3934  .549
-.6259 -1.2383  .084  .0857 -.0333  .9958  .4188  .5378
-.6122 -1.2437  .0839  .0127 -.0049  .9999  .4373  .5296
-.6006 -1.2482  .0836  .0281 -.011  .9995  .4529  .5227
-.5909 -1.252  .0832  .046 -.0178  .9988  .4661  .5169
-.5825 -1.2552  .0826  .0655 -.0249  .9975  .4773  .5119
-.5753 -1.258  .082  .082 -.0328  .9961  .4871  .5076
-.5688 -1.2606  .0813  .0958 -.0387  .9947  .4959  .5037
-1.0556 -.7262 -.0128  0  0 -1  .457  .4478
-1.0685 -.743 -.0128  0  0 -1  .4824  .4332
-.5549 -1.3133 -.0128  .1333 -.8653 -.4833  .5115  .4307
-.5351 -1.3058 -.0128  .4736 -.7363 -.4833  .5393  .4396
-.6191 -.3055 -.0128  .3314 -.8103 -.4833  .4824  .5668
-.6016 -.2935 -.0128  .6324 -.6053 -.4834  .457  .5522
-.8765 -.1109  .1451 -.1615  .1007  .9817  .8185  .2729
-.9159 -.2206  .1451 -.1887  .0251  .9817  .8842  .4197
-.6081 -1.2859 -.0128 -.7818 -.3941 -.4831  .4402  .4716
-.5948 -1.3024 -.0128 -.5539 -.6781 -.4831  .4573  .4482
-.9806 -.7357 -.0128  0  0 -1  .457  .5522
-.996 -.7212 -.0128  0  0 -1  .4397  .5286
-.5718  .0137  .1451  .2022  .8261 -.5261  .3842  .1326
-.6882  .0173  .1451 -.1514  .8369 -.526  .5449  .1158
-.6474 -.2082 -.0128  0  0 -1  .5116  .4301
-.667 -.2162 -.0128  0  0 -1  .5396  .4392
-.5935 -.2342 -.0128  0  0 -1  .4397  .4714
-.6072 -.2181 -.0128  0  0 -1  .457  .4478
-.5123 -1.2711 -.0128  .8641 -.1405 -.4834  .5728  .4855
-.5134 -1.25 -.0128  .8466  .223 -.4833  .5728  .5145
-.9819 -.7956 -.0128  0  0 -1  .5396  .5608
-.9728 -.7764 -.0128  0  0 -1  .5116  .5699
-.6363 -1.5332  .1451 -.0507 -.1833  .9817  .3851  .1354
-.52 -1.5398  .1451  .0287 -.188  .9818  .5445  .1187
 .0833 -.6424  .1451  .7784  .3426 -.5261  .697  .168
 .0153 -.5478  .1451  .5717  .6296 -.5261  .8161  .2746
-.2228 -.7444 -.0128 -.8555  .1858 -.4833  .5115  .5693
-.2229 -.7655 -.0128 -.8571 -.1784 -.4833  .4826  .5663
-.359 -.2376  .1451  .1898  .0147  .9817  .1158  .5
-.3916 -.1258  .1451  .1673  .0907  .9817  .1494  .3429
-.5393 -1.2177 -.0128  .4011  .7784 -.483  .5393  .5604
-.5597 -1.2121 -.0128  .0499  .8743 -.4828  .5115  .5693
-.4468 -.6957  .1451 -.1862  .0398  .9817  .5445  .8813
-.4473 -.8122  .1451 -.1862 -.0395  .9817  .3851  .8646
-.7923 -.6051  .1451  .6988  .4846 -.5261  .2443  .7871
-.8771 -.5253  .1451  .4409  .7272 -.5261  .1494  .6571
-.3284 -1.4165  .1451  .1595 -.1043  .9817  .8161  .2746
-.2862 -1.308  .1451  .188 -.0304  .9817  .8813  .4203
-.1782 -.7045 -.0128 -.0876  .871 -.4833  .5728  .5145
-.1983 -.711 -.0128 -.4346  .76 -.4833  .5609  .541
-.5229 -1.2311 -.0128  0  0 -1  .5609  .541
-1.2052 -.5526  .1451 -.5551  .6446 -.5258  .2443  .2129
-1.2757 -.6453  .1451 -.7692  .3626 -.5261  .3842  .1326
-.7994 -.9343  .1451  .6771 -.5146 -.5261  .6985  .8346
-.7498 -.829  .1451  .8277 -.1951 -.5262  .5449  .8842
-.5806 -1.2153 -.0128 -.3101  .8188 -.4831  .4826  .5663
-.5985 -1.2268 -.0128 -.6165  .6215 -.4834  .4573  .5518
-1.0392 -.8128 -.0128 -.2886 -.8264 -.4834  .5733  .4854
-1.0182 -.8155 -.0128  0  0 -1  .5733  .5146
-1.1031 -.4966  .1451 -.0547  .1823  .9817  .1494  .3429
-.6618 -1.001  .1451 -.3012  .7953 -.5261  .3851  .8646
-.7598 -1.064  .1451 -.5988  .6039 -.526  .2463  .7849
-.9979 -.8094 -.0128  .4209 -.7676 -.4834  .5614  .5413
-.1388 -.7175 -.0128  0  0 -1  .5609  .459
-.1571 -.7068 -.0128  0  0 -1  .5728  .4855
-1.3024 -.7587  .1451 -.8502  .0186 -.5261  .5449  .1158
-1.2807 -.8731  .1451 -.7846 -.3291 -.5254  .6985  .1654
-.6101 -1.2445 -.0128 -.8158  .3173 -.4835  .4402  .5284
-1.1147 -1.0292  .1451 -.2805 -.8027 -.5262  .8842  .4197
-.9992 -1.0439  .1451  .0707 -.8475 -.5261  .8842  .5803
-.8424 -1.2764  .1451 -.8495 -.0406 -.5261  .1187  .5
-.8127 -1.389  .1451 -.7594 -.3828 -.526  .152  .3441
-1.0694 -.7845 -.0128  0  0 -1  .5396  .4392
-1.0573 -.8019 -.0128  0  0 -1  .5614  .4587
-.4111 -1.4985  .1451  .4601 -.7154 -.5258  .697  .168
-.2918 -1.1916  .1451  .8224  .2166 -.5261  .8813  .5797
-.2144 -.7849 -.0128 -.7104 -.5116 -.4833  .4573  .5518
-.6605 -.3042 -.0128  0  0 -1  .5396  .5608
-.6399 -.3092 -.0128  0  0 -1  .5116  .5699
-.9724 -.7553 -.0128  0  0 -1  .4824  .5668
 .0135 -.9641  .1451  .5664 -.6344 -.526  .2463  .2151
 .0823 -.8702  .1451  .7753 -.3494 -.5261  .3851  .1354
-.2141 -.7251 -.0128 -.7061  .5175 -.4833  .5393  .5604
-.6135 -1.2654 -.0128  0  0 -1  .4341  .5
-.6888 -.2515 -.0128  0  0 -1  .5733  .4854
-.6872 -.2726 -.0128  0  0 -1  .5733  .5146
-.5876 -.2545 -.0128  0  0 -1  .4336  .5
 .107 -.7564  .1451  .8504 -.0038 -.5261  .5445  .1187
-.7398 -1.4798  .1451 -.5382 -.6589 -.5255  .2463  .2151
-.6262 -.2089 -.0128  0  0 -1  .4824  .4332
-.2035 -1.0336  .1451 -.0924 -.8454 -.5261  .1187  .5
-.0877 -1.0219  .1451  .2592 -.8103 -.5256  .152  .3441
-.6772 -.2912 -.0128  0  0 -1  .5614  .5413
-.6816 -.2315 -.0128  0  0 -1  .5614  .4587
-1.016 -.7143 -.0128  0  0 -1  .4336  .5
-.5904 -.2755 -.0128  0  0 -1  .4397  .5286
-.8236 -1.1614  .1451 -.7925  .3083 -.5263  .152  .6559
-.436 -.452  .1451  .6145 -.5879 -.5261  .2443  .7871
-.3747 -.353  .1451  .8004 -.2872 -.5262  .1494  .6571
-.987 -.4869  .1451  .1071  .8437 -.526  .1158  .5
-.4004 -.9188  .1451 -.6903 -.4968 -.5261  .2463  .7849
-.4669 -.0369  .1451  .5207  .6724 -.5261  .2443  .2129
-.4344 -1.014  .1451  .3895  .756 -.5261  .697  .832
-.5467 -.9833  .1451  .0482  .8491 -.5261  .5445  .8813
-.3442 -1.0876  .1451  .6633  .5322 -.5261  .8161  .7254
-.1786 -.8058 -.0128  0  0 -1  .4341  .5
-.1987 -.7992 -.0128  0  0 -1  .4402  .5284
-1.0733 -.7637 -.0128  0  0 -1  .5116  .4301
-.52 -1.2909 -.0128  0  0 -1  .5609  .459
-.0853 -.4892  .1451  .2662  .8077 -.526  .8813  .4203
-.2011 -.4765  .1451 -.0854  .8462 -.526  .8813  .5797
-.7472 -.7125  .1451  .8355  .1587 -.5261  .3842  .8674
-.1221 -.7554 -.0128  .8754 -.0039 -.4833  .5115  .4307
-.1264 -.7347 -.0128  .8012  .3528 -.4833  .5393  .4396
-.312 -.512  .1451 -.4219  .7385 -.526  .8161  .7254
-.3989 -.5896  .1451 -.686  .5028 -.526  .697  .832
-.8877 -1.0103  .1451  .4089 -.7457 -.5261  .8185  .7271
-1.0371 -.716 -.0128  0  0 -1  .4397  .4714
-1.2143 -.9688  .1451 -.583 -.6196 -.5256  .8185  .2729
-.1575 -.8037 -.0128  0  0 -1  .4402  .4716
-.1391 -.7932 -.0128  0  0 -1  .4573  .4482
-.9072 -.3367  .1451 -.8165 -.238 -.526  .8842  .5803
-.8521 -.4393  .1451 -.649 -.5495 -.5261  .8185  .7271
-.576 -1.3121 -.0128  0  0 -1  .4826  .4337
-.6469 -.5383  .1451 -.026 -.85 -.5261  .5449  .8842
-.5323 -.5175  .1451  .3219 -.7872 -.5261  .3842  .8674
-.3141 -.9971  .1451 -.4285 -.7346 -.5261  .152  .6559
-.1266 -.7761 -.0128  0  0 -1  .4826  .4337
-.796 -.0268  .1451 -.4787  .7029 -.5261  .6985  .1654
-.76 -.5106  .1451 -.3693 -.766 -.5261  .6985  .8346
-.6317 -.2578  .0813 -.1025 -.0065  .9947  .4951  .5
-.6255 -.2629  .082 -.0844  .0291  .996  .487  .5076
-.6255 -.2629  .082 -.0843  .0291  .996  .487  .5076
-.6321 -.2606  .0813 -.0976  .0337  .9947  .4959  .5037
-.6255 -.2629  .082 -.0834  .0289  .9961  .487  .5076
-.6321 -.2606  .0813 -.0976  .0337  .9947  .4959  .5037
-.6325 -.2552  .0813 -.091 -.0475  .9947  .4959  .4963
-.1606 -.7608  .082 -.0809  .0354  .9961  .4984  .4823
-.164 -.7653  .082 -.058  .0665  .9961  .4917  .4862
-.164 -.7653  .082 -.058  .0665  .9961  .4917  .4862
-.6343 -.2531  .0813 -.0637 -.0805  .9947  .4981  .4932
-.359 -.2376  .1451  .1899  .0134  .9817  .1158  .5
-.359 -.2376  .1451  .1899  .0134  .9817  .1158  .5
-.3627 -.2378  .1458  .1753  .0124  .9844  .1209  .5
-.6368 -.2519  .0813 -.0255 -.0994  .9947  .5014  .4913
-.3782 -.3517  .1458  .1656 -.0588  .9844  .154  .6551
-.3747 -.353  .1451  .1794 -.0636  .9817  .1494  .6571
-.436 -.452  .1451  .137 -.1322  .9817  .2443  .7871
-.436 -.452  .1451  .137 -.1322  .9817  .2443  .7871
-.3782 -.3517  .1458  .1656 -.0588  .9844  .154  .6551
-.167 -.7579  .0813 -.0936  .0436  .9947  .5014  .4914
-.1688 -.7422  .082 -.0268 -.0851  .996  .5225  .4961
-.1688 -.7422  .082 -.0268 -.0851  .996  .5225  .4961
-.6385 -.2649  .0813  .0018  .1032  .9947  .5052  .5091
-.6388 -.2719  .082  .0018  .0883  .9961  .5062  .5187
-.6385 -.2649  .0813  .0018  .1032  .9947  .5052  .5091
-.6395 -.2518  .0813  .0171 -.1012  .9947  .5052  .4909
-.8125 -1.1658  .1469 -.0683  .0264  .9973  .1671  .6493
-.6443 -.2706  .082  .0376  .0809  .996  .5137  .5163
-.6476 -.2776  .0826  .0298  .0627  .9976  .5191  .5255
-.6443 -.2706  .082  .0376  .0809  .996  .5137  .5163
-.6412 -.2643  .0813  .0437  .0935  .9947  .5088  .5079
-.6443 -.2706  .082  .0374  .0799  .9961  .5137  .5163
-.6412 -.2643  .0813  .0437  .0935  .9947  .5088  .5079
-.6421 -.2529  .0813  .0568 -.0855  .9947  .5088  .4921
-.6743 -1.3193  .0436 -.2246 -.1125 -.9679  .3469  .4303
-.7012 -.3887  .1069  .1603  .3336  .929  .6046  .6729
-.6547 -.2721  .0826  .0531  .0456  .9975  .5282  .5173
-.6547 -.2721  .0826  .0531  .0456  .9975  .5282  .5173
-.644 -.2548  .0813  .0867 -.055  .9947  .5117  .4946
-.6449 -.2574  .0813  .1015 -.015  .9947  .5132  .4981
-.4415 -.4468  .1464  .096 -.0911  .9912  .2513  .7793
-.4415 -.4468  .1464  .096 -.0911  .9912  .2513  .7793
-.644 -.2548  .0813  .0871 -.0554  .9947  .5117  .4946
-.6447 -.2602  .0813  .0989  .0276  .9947  .5132  .5019
-.6434 -.2626  .0813  .0776  .0672  .9947  .5117  .5054
-.9072 -.3367  .1451 -.1826 -.0538  .9817  .8842  .5803
-.9159 -.2206  .1451 -.1886  .0262  .9817  .8842  .4197
-.9159 -.2206  .1451 -.1886  .0262  .9817  .8842  .4197
-.1594 -.7552  .082 -.0892  .0015  .996  .5062  .4815
-.6412 -.2643  .0813  .0436  .093  .9947  .5088  .5079
-.6868  .0098  .1464 -.0241  .1302  .9912  .5438  .1262
-.6875  .0137  .1458 -.0319  .1734  .9843  .5443  .1208
-.5726  .0102  .1458  .0424  .1711  .9843  .3858  .1374
-.5726  .0102  .1458  .0424  .1711  .9843  .3858  .1374
-.6868  .0098  .1464 -.0241  .1302  .9912  .5438  .1262
-.6385 -.2649  .0813  .002  .1026  .9947  .5052  .5091
-.274 -.6812  .0436 -.2031  .148 -.9679  .5903  .6483
-.6875  .0137  .1458 -.0318  .1728  .9844  .5443  .1208
-.6882  .0173  .1451 -.0346  .1872  .9817  .5449  .1158
-.5718  .0137  .1451  .0458  .1848  .9817  .3842  .1326
-.5718  .0137  .1451  .0458  .1848  .9817  .3842  .1326
-.5726  .0102  .1458  .0423  .1706  .9844  .3858  .1374
-.6875  .0137  .1458 -.0318  .1728  .9844  .5443  .1208
 .0764 -.6454  .1464  .1209  .0538  .9912  .6917  .177
 .0994 -.7564  .1464  .1324 -.0011  .9912  .5434  .129
 .0764 -.6454  .1464  .121  .0538  .9912  .6917  .177
-.1639 -.7451  .082 -.0586 -.066  .9961  .5194  .489
-.1606 -.7497  .082 -.0812 -.0346  .9961  .5136  .4839
-.1606 -.7497  .082 -.0812 -.0346  .9961  .5136  .4839
-.8521 -.4393  .1451 -.1457 -.1225  .9817  .8185  .7271
-.8521 -.4393  .1451 -.1457 -.1225  .9817  .8185  .7271
-.6868  .0098  .1464 -.023  .1304  .9912  .5438  .1262
-.7917 -.0331  .1464 -.0747  .1105  .9911  .6932  .1745
-.7917 -.0331  .1464 -.0747  .1105  .9911  .6932  .1745
-.6518 -.2565  .082  .0882 -.0131  .996  .5227  .4961
-.6351 -.2451  .082 -.0201 -.0869  .996  .4984  .4821
-.6351 -.2451  .082 -.0201 -.0869  .996  .4984  .4821
-.6351 -.2451  .082 -.0201 -.086  .9961  .4984  .4821
-.6343 -.2531  .0813 -.0642 -.0809  .9947  .4981  .4932
-.6358 -.2644  .0813 -.0378  .0954  .9947  .5014  .5087
-.6336 -.2629  .0813 -.075  .0701  .9947  .4981  .5068
-.4669 -.0369  .1451  .1159  .151  .9817  .2443  .2129
-.3916 -.1258  .1451  .168  .0895  .9817  .1494  .3429
-.3916 -.1258  .1451  .168  .0895  .9817  .1494  .3429
-.3949 -.1275  .1458  .1551  .0826  .9844  .154  .3449
 .0994 -.7564  .1464  .1324  0  .9912  .5434  .129
 .0994 -.7564  .1464  .1323  0  .9912  .5434  .129
-.5605 -1.2764  .082 -.0143  .0871  .9961  .5062  .4815
-.6518 -.2565  .082  .0874 -.0128  .9961  .5227  .4961
-.6518 -.2565  .082  .0874 -.0128  .9961  .5227  .4961
-.6449 -.2574  .0813  .1021 -.0152  .9947  .5132  .4981
-.6321 -.2606  .0813 -.097  .0336  .9947  .4959  .5037
 .107 -.7564  .1451  .1904 -.0003  .9817  .5445  .1187
-1.0317 -.7747  .082  .0612  .0636  .9961  .5195  .489
-1.0317 -.7747  .082  .0612  .0636  .9961  .5195  .489
-.1277 -.6177  .1069 -.1164 -.3518  .9288  .6991  .4588
-.4393 -.6973  .1464 -.1292  .0286  .9912  .5434  .871
-.4398 -.8107  .1464 -.1305 -.0276  .9911  .3883  .8548
-.2003 -.484  .1464 -.0138  .1316  .9912  .8711  .5776
-.2003 -.484  .1464 -.0138  .1316  .9912  .8711  .5776
-.5616 -1.2695  .0813 -.0142  .1022  .9947  .5052  .491
-1.0243 -.7584  .0813  .0306 -.098  .9947  .4959  .4963
-.3819 -.3504  .1464  .1243 -.0453  .9912  .159  .6529
-.1277 -.6177  .1069 -.1164 -.3519  .9288  .6991  .4588
-.1277 -.6177  .1069 -.1164 -.3519  .9288  .6991  .4588
-.6487 -.2671  .082  .0673  .0586  .996  .5195  .511
-.6514 -.2621  .082  .086  .0239  .996  .5227  .5039
-.6487 -.2671  .082  .0673  .0586  .996  .5195  .511
-.4691 -.0398  .1458  .1075  .1397  .9843  .2477  .2167
-.3949 -.1275  .1458  .1556  .0828  .9843  .154  .3449
-.3949 -.1275  .1458  .1556  .0828  .9843  .154  .3449
-.5674 -1.2502  .082  .0304 -.0839  .996  .4984  .5177
-1.0267 -.7598  .0813  .0663 -.0785  .9947  .4981  .4932
-.4432 -.6965  .1458 -.1719  .0367  .9844  .544  .8763
-.4432 -.6965  .1458 -.1719  .0367  .9844  .544  .8763
-.184 -.7471  .082  .0717 -.0514  .9961  .5136  .5161
-1.0284 -.7619  .0813  .0924 -.0448  .9947  .5014  .4913
-.0585 -.7048  .0436  .2297  .1017 -.9679  .5903  .3517
-.0585 -.7048  .0436  .2297  .1017 -.9679  .5903  .3517
-.8236 -1.1614  .1451 -.177  .0695  .9817  .152  .6559
-.8236 -1.1614  .1451 -.177  .0696  .9817  .152  .6559
-.8202 -1.1628  .1458 -.1634  .0643  .9845  .1567  .6539
-.6336 -.2629  .0813 -.0755  .0704  .9947  .4981  .5068
-.6285 -.2677  .082 -.0644  .0603  .9961  .4916  .514
-.6332 -.2709  .082 -.0325  .082  .9961  .4984  .5179
-.6332 -.2709  .082 -.0325  .082  .9961  .4984  .5179
-.6358 -.2644  .0813 -.038  .096  .9947  .5014  .5087
-.6336 -.2629  .0813 -.0755  .0704  .9947  .4981  .5068
-.3974 -.9167  .1458 -.1427 -.1036  .9843  .2496  .7812
-.4437 -.8115  .1458 -.1727 -.0353  .9843  .3866  .8598
-.4437 -.8115  .1458 -.1727 -.0353  .9843  .3866  .8598
-.4398 -.8107  .1464 -.1297 -.0264  .9912  .3883  .8548
-.1665 -.7755  .0826 -.0218  .0665  .9975  .4773  .4881
-.1665 -.7755  .0826 -.0218  .0666  .9975  .4773  .4881
-1.029 -.7646  .0813  .1027 -.0033  .9947  .5052  .4909
-.6876 -1.269  .0436 -.2509 -.0127 -.9679  .332  .5
-.6792 -1.2176  .0436 -.2339  .0917 -.9679  .3469  .5697
-.6792 -1.2176  .0436 -.2339  .0917 -.9679  .3469  .5697
-.4483 -1.041  .1462 -.0478 -.0941  .9944  .6761  .796
-1.0286 -.7443  .0826  .0207 -.0669  .9975  .4772  .488
-1.0286 -.7443  .0826  .0207 -.0669  .9975  .4772  .488
-.5662 -1.2761  .082  .0223  .0864  .996  .4984  .4823
-.5662 -1.2761  .082  .0223  .0864  .996  .4984  .4823
-.1798 -.7433  .082  .0453 -.0769  .996  .5194  .5109
-.1744 -.7416  .082  .0077 -.0889  .996  .5225  .5039
-.1798 -.7433  .082  .0453 -.0769  .996  .5194  .5109
-1.0269 -.7776  .082  .03  .083  .9961  .5227  .4961
-1.0269 -.7776  .082  .03  .083  .9961  .5227  .4961
-1.0246 -.771  .0813  .0351  .097  .9947  .5132  .4981
-1.0285 -.7673  .0813  .0951  .0389  .9947  .5088  .4921
-1.0269 -.7696  .0813  .0696  .0756  .9947  .5117  .4946
-.8424 -1.2764  .1451 -.1902 -.0084  .9817  .1187  .5
-.8424 -1.2764  .1451 -.1902 -.0084  .9817  .1187  .5
-1.0263 -.7517  .082  .0268 -.0851  .996  .487  .4924
-1.0207 -.7513  .082 -.0125 -.0884  .996  .4854  .5
-1.0263 -.7517  .082  .0268 -.0851  .996  .487  .4924
-.5736  .0064  .1464  .031  .1287  .9912  .3875  .1425
-.5736  .0064  .1464  .031  .1287  .9912  .3875  .1425
-.184 -.7471  .082  .0726 -.0518  .996  .5136  .5161
-.1837 -.7366  .0826  .0341 -.0605  .9976  .528  .5172
-.1837 -.7366  .0826  .0341 -.0605  .9976  .528  .5172
-.184 -.7471  .082  .0726 -.0518  .996  .5136  .5161
-.8127 -1.389  .1451 -.1705 -.085  .9817  .152  .3441
-.8127 -1.389  .1451 -.1705 -.085  .9817  .152  .3441
-1.009 -.7622  .082 -.088 -.0152  .996  .4984  .5179
-.6499 -.2512  .082  .0765 -.0459  .996  .5195  .489
-.6504 -.2407  .0826  .0388 -.0576  .9976  .5191  .4745
-.6504 -.2407  .0826  .0388 -.0576  .9976  .5191  .4745
-.6499 -.2512  .082  .0765 -.0459  .996  .5195  .489
-.5492 -1.2651  .082 -.0882  .0132  .996  .5225  .4961
-.5492 -1.2651  .082 -.0882  .0132  .996  .5225  .4961
-1.0246 -.771  .0813  .0349  .0966  .9947  .5132  .4981
-.1864 -.7579  .082  .0871  .0193  .996  .4984  .5177
-.1863 -.7523  .082  .0869 -.02  .996  .5062  .5185
-.1864 -.7579  .082  .0871  .0193  .996  .4984  .5177
-.5574 -1.2588  .0813 -.0798 -.0655  .9947  .5116  .5053
-.552 -1.2544  .082 -.0682 -.056  .9961  .5194  .5109
-.5494 -1.2595  .082 -.0856 -.0216  .9961  .5225  .5039
-.5494 -1.2595  .082 -.0856 -.0216  .9961  .5225  .5039
-.5562 -1.2613  .0813 -.1001 -.0251  .9947  .5131  .5019
-.5574 -1.2588  .0813 -.0798 -.0655  .9947  .5116  .5053
-.1763 -.7494  .0813  .0524 -.0889  .9947  .5116  .5053
-.1798 -.7433  .082  .0446 -.0762  .9961  .5194  .5109
-.1744 -.7416  .082  .0079 -.0879  .9961  .5225  .5039
-.1744 -.7416  .082  .0079 -.0879  .9961  .5225  .5039
-.1737 -.7486  .0813  .0091 -.1028  .9947  .5131  .5019
-.1763 -.7494  .0813  .0524 -.0889  .9947  .5116  .5053
-1.0218 -.7714  .0813 -.0073  .1024  .9947  .5132  .5019
-1.0192 -.7706  .0813 -.0504  .0894  .9947  .5117  .5054
-.5352 -.5105  .1464  .0508 -.1233  .9911  .3875  .8575
-.5674 -1.2502  .082  .0327 -.083  .996  .4984  .5177
-.5674 -1.2502  .082  .0328 -.083  .996  .4984  .5177
-.4497 -1.1723  .1069 -.2883 -.232  .929  .6654  .6165
-.5605 -1.2764  .082 -.0147  .088  .996  .5062  .4815
-.5605 -1.2764  .082 -.0147  .088  .996  .5062  .4815
-.5649 -1.2568  .0813  .0377 -.0961  .9947  .5014  .5086
-.5674 -1.2502  .082  .0322 -.0822  .9961  .4984  .5177
-.5618 -1.2494  .082 -.0061 -.088  .9961  .5062  .5185
-.5618 -1.2494  .082 -.0061 -.088  .9961  .5062  .5185
-.5649 -1.2568  .0813  .0377 -.0961  .9947  .5014  .5086
-.6876 -1.269  .0436 -.2509 -.0127 -.9679  .332  .5
-.6792 -1.2176  .0436 -.2339  .0916 -.9679  .3469  .5697
-.6876 -1.269  .0436 -.2509 -.0127 -.9679  .332  .5
-.1867 -.8795  .0436 -.028 -.2497 -.9679  .332  .5
-.1867 -.8795  .0436 -.028 -.2497 -.9679  .332  .5
-.8055 -.9297  .1464  .1057 -.0797  .9912  .6932  .8255
-.8055 -.9297  .1464  .1057 -.0797  .9912  .6932  .8255
-1.0153 -.7531  .082 -.0452 -.077  .996  .487  .5076
-1.0112 -.757  .082 -.0741 -.0498  .996  .4916  .514
-1.0153 -.7531  .082 -.0452 -.0769  .996  .487  .5076
-.1838 -.7736  .0826  .0346  .0602  .9976  .4773  .5119
-.1841 -.7631  .082  .0731  .0512  .996  .4917  .5138
-1.0192 -.7706  .0813 -.0508  .0899  .9947  .5117  .5054
-1.0158 -.7767  .082 -.0433  .077  .9961  .5195  .511
-1.0213 -.7783  .082 -.0064  .0881  .9961  .5227  .5039
-1.0213 -.7783  .082 -.0064  .0881  .9961  .5227  .5039
-1.0218 -.7714  .0813 -.0072  .103  .9947  .5132  .5019
-1.0192 -.7706  .0813 -.0508  .0899  .9947  .5117  .5054
-.4398 -1.0246  .1469  .0333  .0635  .9974  .6887  .8178
-1.0091 -.7679  .082 -.0871  .0194  .996  .5062  .5187
-1.0116 -.773  .082 -.0703  .055  .996  .5137  .5163
-1.0091 -.7679  .082 -.0871  .0193  .996  .5062  .5187
-1.009 -.7622  .082 -.0868 -.0153  .9961  .4984  .5179
-1.009 -.7622  .082 -.0868 -.0153  .9961  .4984  .5179
-1.016 -.7663  .0813 -.0997  .0245  .9947  .5052  .5091
-1.0159 -.7635  .0813 -.1006 -.0203  .9947  .5014  .5087
-.1686 -.7601  .0813 -.0697  .0761  .9947  .4981  .4933
-.1689 -.7681  .082 -.026  .0843  .9961  .4871  .4924
-.1689 -.7681  .082 -.026  .0843  .9961  .4871  .4924
-.1686 -.7601  .0813 -.0697  .0761  .9947  .4981  .4933
-.5712 -1.2735  .082  .0555  .0698  .996  .4917  .4862
-.5712 -1.2735  .082  .0555  .0698  .996  .4917  .4862
-1.0159 -.7635  .0813 -.1011 -.0206  .9947  .5014  .5087
-1.009 -.7622  .082 -.0864 -.0175  .9961  .4984  .5179
-1.016 -.7663  .0813 -.1003  .0248  .9946  .5052  .5091
-1.0159 -.7635  .0813 -.1011 -.0206  .9947  .5014  .5087
-1.0347 -.759  .082  .0803 -.0369  .9961  .4984  .4821
-1.0313 -.7545  .082  .0569 -.0675  .9961  .4916  .486
-1.0313 -.7545  .082  .0569 -.0675  .9961  .4916  .486
-1.0267 -.7598  .0813  .0665 -.0789  .9947  .4981  .4932
-1.1356 -.7114  .0436 -.2274  .1066 -.9679  .4506  .3358
-1.1356 -.7114  .0436 -.2275  .1066 -.9679  .4506  .3358
-.2035 -1.0336  .1451 -.0214 -.1891  .9817  .1187  .5
-.2035 -1.0336  .1451 -.0214 -.1891  .9817  .1187  .5
-1.0066 -.6406  .0436  .0323  .2492 -.9679  .3307  .5
-1.0066 -.6406  .0436  .0323  .2492 -.9679  .3307  .5
-.8894 -1.0071  .1458  .0854 -.1542  .9843  .8144  .7241
-.2991 -1.1936  .1464  .1289  .0343  .9911  .8711  .5776
-1.0121 -.7835  .0826 -.0331  .0611  .9976  .5282  .5173
-.1799 -.7669  .082  .0453  .0758  .9961  .4871  .5076
-.1799 -.7669  .082  .0453  .0758  .9961  .4871  .5076
-1.019 -.7591  .0813 -.0542 -.0872  .9947  .4959  .5037
-1.0216 -.7582  .0813 -.0118 -.102  .9947  .4951  .5
-1.1021 -.5001  .1458 -.0512  .1681  .9844  .154  .3449
-1.1021 -.5001  .1458 -.0512  .168  .9844  .154  .3449
-.6576 -1.0122  .1469 -.0258  .0685  .9973  .3902  .849
-.6576 -1.0122  .1469 -.0258  .0685  .9973  .3902  .849
-.5512 -1.2704  .082 -.0753  .0479  .996  .5194  .489
-.551 -1.2809  .0826 -.0372  .0586  .9976  .5189  .4747
-.551 -1.2809  .0826 -.0372  .0586  .9976  .5189  .4747
-.5552 -1.2744  .082 -.0473  .0757  .996  .5136  .4839
-.5512 -1.2704  .082 -.0753  .0479  .996  .5194  .489
-.1738 -.7617  .0813  .0123  .1019  .9947  .4951  .5
-.171 -.7615  .0813 -.0324  .0974  .9947  .4959  .4963
-.0865 -.4927  .1458  .0546  .1671  .9844  .8763  .4213
-.0865 -.4927  .1458  .0546  .1671  .9844  .8763  .4213
-.6434 -.2626  .0813  .0779  .0677  .9947  .5117  .5054
-.6487 -.2671  .082  .0667  .0578  .9961  .5195  .511
-.6514 -.2621  .082  .085  .0238  .9961  .5227  .5039
-.6514 -.2621  .082  .085  .0238  .9961  .5227  .5039
-.6447 -.2602  .0813  .0995  .0277  .9947  .5132  .5019
-.6434 -.2626  .0813  .078  .0676  .9947  .5117  .5054
-.1686 -.7601  .0813 -.0692  .0758  .9947  .4981  .4933
-.5323 -.5175  .1451  .0727 -.1759  .9817  .3842  .8674
-.8999 -.3346  .1464 -.1273 -.0366  .9912  .8739  .5781
-.6368 -.2519  .0813 -.0258 -.1  .9947  .5014  .4913
-.5467 -.9833  .1451  .0102  .1901  .9817  .5445  .8813
-.4715 -.0429  .1464  .082  .1052  .9911  .2513  .2207
-.4715 -.0429  .1464  .082  .1052  .9911  .2513  .2207
-.4483 -1.041  .1462 -.0488 -.0936  .9944  .6761  .796
-.4483 -1.041  .1462 -.0488 -.0936  .9944  .6761  .796
-.584 -1.264  .0826  .07  .0028  .9975  .4748  .5
-.0877 -.4964  .1464  .0414  .1268  .9911  .8711  .4224
-.167 -.7579  .0813 -.0931  .0432  .9947  .5014  .4914
-.8894 -1.0071  .1458  .0851 -.1537  .9844  .8144  .7241
-.8894 -1.0071  .1458  .0851 -.1537  .9844  .8144  .7241
-.6605 -1.0045  .1458 -.063  .1646  .9843  .3866  .8598
-.7547 -.7139  .1464  .131  .0253  .9911  .3875  .8575
-.8701 -.1149  .1464 -.1128  .0692  .9912  .81  .2791
-.7939 -.0299  .1458 -.0987  .146  .9843  .6959  .1698
-.7939 -.0299  .1458 -.0987  .146  .9843  .6959  .1698
-.8701 -.1149  .1464 -.1128  .0692  .9912  .81  .2791
-.1664 -.7552  .0813 -.1027  .0016  .9947  .5052  .491
-.167 -.7525  .0813 -.0935 -.0424  .9947  .5088  .4922
-.274 -.6812  .0436 -.203  .1479 -.9679  .5903  .6483
-.274 -.6812  .0436 -.203  .1479 -.9679  .5903  .6483
-.0853 -.4892  .1451  .0602  .1806  .9817  .8813  .4203
-.0853 -.4892  .1451  .0602  .1806  .9817  .8813  .4203
-.6343 -1.5258  .1464 -.0353 -.1276  .9912  .3883  .1453
-.4398 -1.0246  .1469  .0324  .064  .9974  .6887  .8178
-.4398 -1.0246  .1469  .0324  .064  .9974  .6887  .8178
-.5618 -1.2494  .082 -.0038 -.0892  .996  .5062  .5185
-.5564 -1.2509  .082 -.0419 -.0788  .996  .5136  .5161
-.5618 -1.2494  .082 -.0038 -.0892  .996  .5062  .5185
-.552 -1.2544  .082 -.0688 -.0568  .996  .5194  .5109
-.5494 -1.2595  .082 -.0866 -.0216  .996  .5225  .5039
-.552 -1.2544  .082 -.0688 -.0568  .996  .5194  .5109
-.4468 -.6957  .1451 -.1859  .0409  .9817  .5445  .8813
-.4468 -.6957  .1451 -.1859  .0409  .9817  .5445  .8813
-.3928 -.594  .1464 -.1071  .078  .9912  .6917  .823
-.3083 -.5186  .1464 -.0652  .1152  .9912  .8076  .7192
-.3928 -.594  .1464 -.1071  .0779  .9912  .6917  .823
-1.0269 -.7776  .082  .0306  .0838  .996  .5227  .4961
-.1764 -.7609  .0813  .0509  .0898  .9947  .4959  .5037
-.1841 -.7631  .082  .0722  .0508  .9961  .4917  .5138
-.1841 -.7631  .082  .0722  .0508  .9961  .4917  .5138
-.1784 -.759  .0813  .0846  .0592  .9947  .4981  .5067
-.1764 -.7609  .0813  .0509  .0898  .9947  .4959  .5037
-.1686 -.7503  .0813 -.0698 -.0753  .9947  .5116  .4947
-.171 -.7489  .0813 -.0311 -.0979  .9947  .5131  .4981
-1.0066 -.6406  .0436  .0323  .2491 -.9679  .3307  .5
-.4398 -.8107  .1464 -.1307 -.0268  .9911  .3883  .8548
-.4398 -.8107  .1464 -.1307 -.0268  .9911  .3883  .8548
-.1606 -.7608  .082 -.0818  .0356  .996  .4984  .4823
-.164 -.7653  .082 -.0585  .0674  .996  .4917  .4862
-.1606 -.7608  .082 -.0818  .0356  .996  .4984  .4823
-.7994 -.9343  .1451  .1511 -.1157  .9817  .6985  .8346
-.7994 -.9343  .1451  .1511 -.1157  .9817  .6985  .8346
-.3627 -.2378  .1458  .1758  .0124  .9843  .1209  .5
-.3627 -.2378  .1458  .1758  .0124  .9843  .1209  .5
-.3666 -.2381  .1464  .132  .0092  .9912  .1263  .5
-.9122 -.221  .1458 -.1746  .0243  .9843  .8792  .4207
-.9122 -.221  .1458 -.1746  .0243  .9843  .8792  .4207
-.9083 -.2216  .1464 -.1311  .0183  .9912  .8739  .4219
-.5748 -1.2691  .082  .0784  .0406  .9961  .4871  .4924
-.5762 -1.2636  .082  .0882  .0032  .9961  .4855  .5
-.5762 -1.2636  .082  .0882  .0032  .9961  .4855  .5
-.5692 -1.2633  .0813  .1032  .0037  .9947  .4951  .5
-.63 -.2476  .082 -.0537 -.0712  .996  .4916  .486
-.6253 -.2414  .0826 -.0422 -.0551  .9976  .4844  .4781
-.63 -.2476  .082 -.0537 -.0713  .996  .4916  .486
-.167 -.7525  .0813 -.0939 -.0428  .9947  .5088  .4922
-.1594 -.7552  .082 -.0883  .0013  .9961  .5062  .4815
-.1594 -.7552  .082 -.0883  .0013  .9961  .5062  .4815
-.1664 -.7552  .0813 -.1032  .0017  .9947  .5052  .491
-.167 -.7525  .0813 -.0939 -.0427  .9947  .5088  .4922
-.1737 -.7486  .0813  .0091 -.1023  .9947  .5131  .5019
-.1763 -.7494  .0813  .0519 -.0885  .9947  .5116  .5053
-.3983 -.1293  .1464  .1173  .0635  .9911  .159  .3471
-.3666 -.2381  .1464  .133  .0095  .9911  .1263  .5
-.3666 -.2381  .1464  .133  .0095  .9911  .1263  .5
-.1799 -.7669  .082  .046  .0765  .996  .4871  .5076
-.6576 -1.0122  .1469 -.0261  .0684  .9973  .3902  .849
-1.0421 -.773  .0826  .0644  .0276  .9975  .5191  .4745
-1.0438 -.7643  .0826  .07 -.0021  .9975  .5073  .4707
-1.0421 -.773  .0826  .0644  .0276  .9975  .5191  .4745
-.3666 -.2381  .1464  .133  .0103  .9911  .1263  .5
-.4152 -1.4921  .1464  .0721 -.111  .9912  .6917  .177
-.5212 -1.5323  .1464  .0196 -.1309  .9912  .5434  .129
-.4152 -1.4921  .1464  .0721 -.1109  .9912  .6917  .177
-.7567 -.5038  .1464 -.0571 -.1195  .9912  .6932  .8255
-.8493 -.4369  .1458 -.1349 -.1134  .9843  .8144  .7241
-.8493 -.4369  .1458 -.1349 -.1134  .9843  .8144  .7241
-.7567 -.5038  .1464 -.0571 -.1195  .9912  .6932  .8255
-.6285 -.2677  .082 -.0652  .0609  .996  .4916  .514
-.6229 -.2731  .0826 -.0504  .0477  .9976  .4844  .5219
-.6332 -.2709  .082 -.0326  .0831  .996  .4984  .5179
-.6285 -.2677  .082 -.0652  .0609  .996  .4916  .514
-1.0243 -.7584  .0813  .0309 -.0985  .9947  .4959  .4963
-1.0263 -.7517  .082  .0263 -.0843  .9961  .487  .4924
-1.0207 -.7513  .082 -.0121 -.0874  .9961  .4854  .5
-1.0207 -.7513  .082 -.0121 -.0874  .9961  .4854  .5
-1.0243 -.7584  .0813  .0309 -.0985  .9947  .4959  .4963
-.1784 -.7513  .0813  .0821 -.0616  .9947  .5088  .5078
-.6086 -.1368  .0436  .0591  .2442 -.9679  .4506  .3358
-.3989 -.5896  .1451 -.1539  .112  .9817  .697  .832
-.312 -.512  .1451 -.0939  .1656  .9817  .8161  .7254
-.312 -.512  .1451 -.0939  .1656  .9817  .8161  .7254
-.171 -.7489  .0813 -.0312 -.0984  .9947  .5131  .4981
-.1688 -.7422  .082 -.0267 -.0841  .9961  .5225  .4961
-.1686 -.7503  .0813 -.0703 -.0756  .9947  .5116  .4947
-.171 -.7489  .0813 -.0312 -.0984  .9947  .5131  .4981
-.1795 -.7538  .0813  .1001 -.0229  .9947  .5052  .509
-.1795 -.7565  .0813  .1003  .0219  .9947  .5014  .5086
-.5555 -1.138  .0436  .0137  .2508 -.9679  .5222  .6703
-.5053 -1.1517  .0436  .1156  .223 -.9679  .5903  .6483
-.5555 -1.138  .0436  .0137  .2508 -.9679  .5222  .6703
-.9875 -.4906  .1458  .0217  .1749  .9843  .1209  .5
-.881 -.5318  .1464  .0691  .1129  .9912  .159  .6529
-.1795 -.7565  .0813  .1008  .0221  .9947  .5014  .5086
-.1864 -.7579  .082  .0862  .0189  .9961  .4984  .5177
-.1863 -.7523  .082  .0861 -.0196  .9961  .5062  .5185
-.1863 -.7523  .082  .0861 -.0196  .9961  .5062  .5185
-.1795 -.7538  .0813  .1006 -.0231  .9947  .5052  .509
-.1795 -.7565  .0813  .1008  .0222  .9947  .5014  .5086
 .0833 -.6424  .1451  .1745  .0761  .9817  .697  .168
 .0833 -.6424  .1451  .1745  .0761  .9817  .697  .168
 .011 -.9614  .1458  .1178 -.1311  .9843  .2496  .2188
-.5748 -1.2691  .082  .0792  .0412  .996  .4871  .4924
-.5762 -1.2636  .082  .0892  .003  .996  .4855  .5
-.5748 -1.2691  .082  .0792  .0412  .996  .4871  .4924
-.7584 -.5073  .1458 -.077 -.1585  .9843  .6959  .8302
-.7584 -.5073  .1458 -.077 -.1585  .9843  .6959  .8302
-1.0363 -.7486  .0826  .0453 -.0534  .9975  .4844  .4781
-.1689 -.7681  .082 -.0283  .0846  .996  .4871  .4924
-.1745 -.7687  .082  .0108  .0886  .996  .4855  .5
-.1689 -.7681  .082 -.0284  .0846  .996  .4871  .4924
-1.0091 -.7679  .082 -.0862  .0194  .9961  .5062  .5187
-1.0116 -.773  .082 -.0696  .0542  .9961  .5137  .5163
-1.0116 -.773  .082 -.0696  .0542  .9961  .5137  .5163
-.1784 -.759  .0813  .084  .0589  .9947  .4981  .5067
-.1764 -.7609  .0813  .0508  .0892  .9947  .4959  .5037
-.7508 -.7132  .1458  .1726  .0333  .9844  .3858  .8626
-.7472 -.7125  .1451  .1869  .0361  .9817  .3842  .8674
-.7498 -.829  .1451  .1851 -.0443  .9817  .5449  .8842
-.7498 -.829  .1451  .1851 -.0443  .9817  .5449  .8842
-.7533 -.8281  .1458  .171 -.0408  .9844  .5443  .8792
-.3679 -1.1067  .1462 -.0829 -.0675  .9943  .7823  .7009
-.3679 -1.1067  .1462 -.0829 -.0675  .9943  .7823  .7009
-.7572 -.8272  .1464  .1289 -.0298  .9912  .5438  .8738
-.8024 -.9321  .1458  .14 -.1071  .9843  .6959  .8302
-.8024 -.9321  .1458  .14 -.1071  .9843  .6959  .8302
-.7572 -.8272  .1464  .1289 -.0298  .9912  .5438  .8738
-1.0349 -.77  .082  .0818  .0355  .996  .5137  .4837
-1.036 -.7645  .082  .0892 -.003  .996  .5062  .4813
-1.0349 -.77  .082  .0818  .0355  .996  .5137  .4837
-.1784 -.7513  .0813  .0825 -.0621  .9947  .5088  .5078
-1.0269 -.7776  .082  .0283  .0846  .996  .5227  .4961
-1.0317 -.7747  .082  .062  .0642  .996  .5195  .489
-1.0269 -.7776  .082  .0283  .0846  .996  .5227  .4961
-.6363 -1.5332  .1451 -.0493 -.1837  .9817  .3851  .1354
-.646 -.2471  .082  .0504 -.0725  .9961  .5137  .4837
-.6408 -.2449  .082  .0147 -.087  .9961  .5062  .4813
-.6408 -.2449  .082  .0147 -.087  .9961  .5062  .4813
-.6395 -.2518  .0813  .0171 -.1018  .9947  .5052  .4909
-.5692 -1.2633  .0813  .1026  .0038  .9947  .4951  .5
-.6086 -.1368  .0436  .0591  .2441 -.9679  .4506  .3358
-.6086 -.1368  .0436  .0591  .2441 -.9679  .4506  .3358
-.3974 -.9167  .1458 -.1422 -.1032  .9844  .2496  .7812
-.4473 -.8122  .1451 -.1865 -.038  .9817  .3851  .8646
-.4473 -.8122  .1451 -.1865 -.038  .9817  .3851  .8646
-.4437 -.8115  .1458 -.1722 -.0352  .9844  .3866  .8598
-.3974 -.9167  .1458 -.1422 -.1032  .9844  .2496  .7812
-.5685 -1.2659  .0813  .0922  .0451  .9947  .4959  .4963
-.5337 -.5141  .1458  .0672 -.1629  .9843  .3858  .8626
-.6467 -.5307  .1464 -.0046 -.1323  .9912  .5438  .8738
-.5712 -1.2735  .082  .0551  .0689  .9961  .4917  .4862
-.5685 -1.2659  .0813  .0927  .0452  .9947  .4959  .4963
-1.0067 -.7389  .0832 -.0251 -.0445  .9987  .4658  .517
-.9975 -.7475  .0832 -.0429 -.0277  .9987  .4761  .5311
-1.0067 -.7389  .0832 -.0251 -.0445  .9987  .4658  .517
-1.1009 -.5038  .1464 -.0388  .1276  .9911  .159  .3471
-.9995 -1.0402  .1458  .0153 -.1756  .9843  .8792  .5793
-.5668 -1.2681  .0813  .0658  .0787  .9947  .4981  .4933
-.5643 -1.2693  .0813  .026  .0994  .9947  .5014  .4914
-.0585 -.7048  .0436  .2297  .1018 -.9679  .5903  .3517
-.4483 -1.041  .1462 -.0483 -.0954  .9943  .6761  .796
-.3679 -1.1067  .1462 -.0839 -.0663  .9943  .7823  .7009
-.4483 -1.041  .1462 -.0483 -.0954  .9943  .6761  .796
 .0102 -.5535  .1464  .0894  .0976  .9912  .8076  .2808
-.5643 -1.2693  .0813  .026  .0999  .9947  .5014  .4914
-.5662 -1.2761  .082  .0223  .0854  .9961  .4984  .4823
-.5668 -1.2681  .0813  .0664  .0793  .9946  .4981  .4933
-.5643 -1.2693  .0813  .026  .0999  .9947  .5014  .4914
-1.0269 -.7696  .0813  .0698  .076  .9947  .5117  .4946
-1.0285 -.7673  .0813  .0957  .039  .9946  .5088  .4921
-1.0269 -.7696  .0813  .0698  .076  .9947  .5117  .4946
-.6264 -.2519  .082 -.0781 -.0432  .996  .487  .4924
-.6248 -.2573  .082 -.0891 -.0055  .996  .4854  .5
-.6264 -.2519  .082 -.0781 -.0432  .996  .487  .4924
-.6343 -1.5258  .1464 -.0342 -.1278  .9912  .3883  .1453
-.7375 -1.477  .1458 -.1121 -.1363  .9843  .2496  .2188
-.7375 -1.477  .1458 -.1121 -.1363  .9843  .2496  .2188
-.6343 -1.5258  .1464 -.0343 -.1278  .9912  .3883  .1453
-1.0158 -.7767  .082 -.0439  .0777  .996  .5195  .511
-1.0213 -.7783  .082 -.0062  .089  .996  .5227  .5039
-1.0158 -.7767  .082 -.0439  .0777  .996  .5195  .511
-.5616 -1.2695  .0813 -.0143  .1016  .9947  .5052  .491
-.5955 -1.3837  .0436 -.0667 -.2422 -.9679  .451  .3371
-.6743 -1.3193  .0436 -.2246 -.1126 -.9679  .3469  .4303
-.6743 -1.3193  .0436 -.2247 -.1125 -.9679  .3469  .4303
-.8387 -1.2762  .1458 -.176 -.009  .9843  .1238  .5
-.8202 -1.1628  .1458 -.1641  .0646  .9843  .1567  .6539
-.8202 -1.1628  .1458 -.1641  .0646  .9843  .1567  .6539
-.8059 -1.3856  .1464 -.1192 -.0597  .9911  .1616  .3483
-.8059 -1.3856  .1464 -.1193 -.0597  .9911  .1616  .3483
-.63 -.2476  .082 -.0533 -.0704  .9961  .4916  .486
-.6325 -.2552  .0813 -.0916 -.0477  .9947  .4959  .4963
-.5561 -1.264  .0813 -.1021  .0153  .9947  .5131  .4981
-.5492 -1.2651  .082 -.0873  .0133  .9961  .5225  .4961
-.5561 -1.264  .0813 -.1021  .0153  .9947  .5131  .4981
-.2003 -.484  .1464 -.0127  .1317  .9912  .8711  .5776
-.6388 -.2719  .082  .0016  .0892  .996  .5062  .5187
-.6388 -.2719  .082  .0016  .0892  .996  .5062  .5187
-.559 -1.2685  .0813 -.0544  .087  .9947  .5088  .4922
-.9995 -1.0402  .1458  .0153 -.175  .9844  .8792  .5793
-.9995 -1.0402  .1458  .0153 -.175  .9844  .8792  .5793
-.7547 -.7139  .1464  .13  .0252  .9912  .3875  .8575
-.7508 -.7132  .1458  .1731  .0334  .9843  .3858  .8626
-.7533 -.8281  .1458  .1714 -.0409  .9843  .5443  .8792
-.7533 -.8281  .1458  .1714 -.0409  .9843  .5443  .8792
-.7572 -.8272  .1464  .1287 -.0309  .9912  .5438  .8738
-.7547 -.7139  .1464  .1299  .0252  .9912  .3875  .8575
-1.0347 -.759  .082  .0811 -.0371  .996  .4984  .4821
-1.0313 -.7545  .082  .0573 -.0684  .996  .4916  .486
-1.0347 -.759  .082  .0811 -.0371  .996  .4984  .4821
-.5497 -.1439  .1069 -.2262 -.2929  .929  .3699  .3516
-.5688 -1.2606  .0813  .0967 -.0361  .9947  .4959  .5037
-.5753 -1.258  .082  .0826 -.0312  .9961  .4871  .5076
-.5722 -1.2533  .082  .0614 -.0634  .9961  .4917  .5138
-.5722 -1.2533  .082  .0614 -.0634  .9961  .4917  .5138
-.5673 -1.2583  .0813  .0717 -.0743  .9947  .4981  .5067
-.5688 -1.2606  .0813  .0967 -.0361  .9947  .4959  .5037
-.5561 -1.264  .0813 -.1015  .0154  .9947  .5131  .4981
-1.1147 -1.0292  .1451 -.0619 -.1796  .9818  .8842  .4197
-1.2091 -.9632  .1464 -.0904 -.0969  .9912  .81  .2791
-1.2737 -.8701  .1464 -.1223 -.0507  .9912  .6932  .1745
-1.2091 -.9632  .1464 -.0904 -.0969  .9912  .81  .2791
-.4387 -.4495  .1458  .1269 -.1223  .9843  .2477  .7833
-.4387 -.4495  .1458  .1269 -.1223  .9843  .2477  .7833
-1.0067 -.7389  .0832 -.0239 -.0419  .9988  .4658  .517
-.9975 -.7475  .0832 -.0403 -.0264  .9988  .4761  .5311
-.9975 -.7475  .0832 -.0403 -.0264  .9988  .4761  .5311
-1.0048 -.7526  .0826 -.0578 -.0395  .9975  .4844  .5219
-.5528 -1.2439  .0826 -.0325 -.062  .9975  .5189  .5253
-.1639 -.7451  .082 -.0591 -.0668  .996  .5194  .489
-.1606 -.7497  .082 -.0822 -.0348  .996  .5136  .4839
-.1639 -.7451  .082 -.0591 -.0669  .996  .5194  .489
-.6469 -.5383  .1451 -.0051 -.1903  .9817  .5449  .8842
-.76 -.5106  .1451 -.0834 -.1711  .9817  .6985  .8346
-.76 -.5106  .1451 -.0834 -.1711  .9817  .6985  .8346
-1.1009 -.5038  .1464 -.0386  .1266  .9912  .159  .3471
-1.1021 -.5001  .1458 -.0514  .1686  .9843  .154  .3449
-1.1009 -.5038  .1464 -.0386  .1266  .9912  .159  .3471
-.9975 -.7475  .0832 -.0389 -.0285  .9988  .4761  .5311
-.171 -.7615  .0813 -.0327  .0979  .9947  .4959  .4963
-.1689 -.7681  .082 -.0278  .0837  .9961  .4871  .4924
-.1745 -.7687  .082  .0105  .0877  .9961  .4855  .5
-.1745 -.7687  .082  .0105  .0877  .9961  .4855  .5
-.1738 -.7617  .0813  .0125  .1025  .9947  .4951  .5
-.171 -.7615  .0813 -.0327  .0979  .9947  .4959  .4963
-1.0284 -.7619  .0813  .0928 -.0451  .9947  .5014  .4913
-.5562 -1.2613  .0813 -.0996 -.0251  .9947  .5131  .5019
-.5574 -1.2588  .0813 -.0794 -.0651  .9947  .5116  .5053
-.9875 -.4906  .1458  .0217  .1744  .9844  .1209  .5
-.9875 -.4906  .1458  .0217  .1744  .9844  .1209  .5
-1.0153 -.7531  .082 -.0449 -.0759  .9961  .487  .5076
-1.0112 -.757  .082 -.0731 -.0493  .9961  .4916  .514
-1.0112 -.757  .082 -.0731 -.0493  .9961  .4916  .514
-.2991 -1.1936  .1464  .1279  .0342  .9912  .8711  .5776
-.2937 -1.3068  .1464  .1305 -.0218  .9912  .8711  .4224
-.2991 -1.1936  .1464  .1279  .0342  .9912  .8711  .5776
-.1867 -.8795  .0436 -.0279 -.2496 -.9679  .332  .5
-.5955 -1.3837  .0436 -.0667 -.2423 -.9679  .451  .3371
-.5955 -1.3837  .0436 -.0667 -.2423 -.9679  .451  .3371
-.8765 -.1109  .1451 -.1622  .0996  .9817  .8185  .2729
-.796 -.0268  .1451 -.1065  .1577  .9817  .6985  .1654
-.796 -.0268  .1451 -.1065  .1577  .9817  .6985  .1654
-.4432 -.6965  .1458 -.1724  .0368  .9843  .544  .8763
-.6264 -.2519  .082 -.0774 -.0426  .9961  .487  .4924
-.6248 -.2573  .082 -.0881 -.0056  .9961  .4854  .5
-.6248 -.2573  .082 -.0881 -.0056  .9961  .4854  .5
-.6317 -.2578  .0813 -.103 -.0064  .9947  .4951  .5
-.646 -.2471  .082  .0511 -.0731  .996  .5137  .4837
-.6408 -.2449  .082  .0146 -.088  .996  .5062  .4813
-.646 -.2471  .082  .0511 -.0731  .996  .5137  .4837
-.5753 -1.258  .082  .0835 -.0313  .996  .4871  .5076
-.5722 -1.2533  .082  .0619 -.0642  .996  .4917  .5138
-.5753 -1.258  .082  .0835 -.0313  .996  .4871  .5076
-1.0349 -.77  .082  .0811  .035  .9961  .5137  .4837
-1.036 -.7645  .082  .0883 -.0028  .9961  .5062  .4813
-1.036 -.7645  .082  .0883 -.0028  .9961  .5062  .4813
-1.029 -.7646  .0813  .1032 -.0034  .9947  .5052  .4909
-1.0067 -.7389  .0832 -.0261 -.0405  .9988  .4658  .517
-1.0067 -.7389  .0832 -.0261 -.0405  .9988  .4658  .517
-.5596 -1.2571  .0813 -.048 -.0907  .9947  .5088  .5078
-.5622 -1.2564  .0813 -.005 -.1027  .9947  .5052  .509
-1.1378 -.8132  .0436 -.2315 -.0977 -.9679  .591  .3505
-.0877 -1.0219  .1451  .0573 -.1815  .9817  .152  .3441
-.0877 -1.0219  .1451  .0573 -.1815  .9817  .152  .3441
-.2937 -1.3068  .1464  .1307 -.0206  .9912  .8711  .4224
-.2937 -1.3068  .1464  .1307 -.0206  .9912  .8711  .4224
-.6499 -.2512  .082  .0756 -.0456  .9961  .5195  .489
-.6421 -.2529  .0813  .057 -.0861  .9947  .5088  .4921
-.5649 -1.2568  .0813  .0374 -.0956  .9947  .5014  .5086
-.5512 -1.2704  .082 -.0743  .0475  .9961  .5194  .489
-.5552 -1.2744  .082 -.0469  .0748  .9961  .5136  .4839
-.5552 -1.2744  .082 -.0469  .0748  .9961  .5136  .4839
-.559 -1.2685  .0813 -.0546  .0875  .9947  .5088  .4922
-1.1356 -.7114  .0436 -.2275  .1066 -.9679  .4506  .3358
-.5555 -1.138  .0436  .0137  .2509 -.9679  .5222  .6703
-.5053 -1.1517  .0436  .1156  .2231 -.9679  .5903  .6483
-.5053 -1.1517  .0436  .1156  .2231 -.9679  .5903  .6483
-.2918 -1.1916  .1451  .1839  .049  .9817  .8813  .5797
-.8125 -1.1658  .1469 -.0682  .0267  .9973  .1671  .6493
-.8125 -1.1658  .1469 -.0682  .0267  .9973  .1671  .6493
-.8463 -.4344  .1464 -.1021 -.0859  .9911  .81  .7209
-.8463 -.4344  .1464 -.1021 -.0859  .9911  .81  .7209
-1.0216 -.7582  .0813 -.0118 -.1025  .9947  .4951  .5
-1.0207 -.7513  .082 -.0101 -.0876  .9961  .4854  .5
-1.019 -.7591  .0813 -.0546 -.0876  .9947  .4959  .5037
-1.0216 -.7582  .0813 -.0118 -.1025  .9947  .4951  .5
-.5673 -1.2583  .0813  .0713 -.0738  .9947  .4981  .5067
-.5688 -1.2606  .0813  .0961 -.036  .9947  .4959  .5037
-1.1378 -.8132  .0436 -.2314 -.0977 -.9679  .591  .3505
-1.1378 -.8132  .0436 -.2314 -.0977 -.9679  .591  .3505
-.436 -1.0172  .1458  .0801  .1565  .9844  .6944  .8277
-.4344 -1.014  .1451  .0866  .1695  .9817  .697  .832
-.436 -1.0172  .1458  .0801  .1565  .9844  .6944  .8277
-.5622 -1.2564  .0813 -.0049 -.1031  .9947  .5052  .509
-.5618 -1.2494  .082 -.004 -.0881  .9961  .5062  .5185
-.5564 -1.2509  .082 -.0413 -.078  .9961  .5136  .5161
-.5564 -1.2509  .082 -.0413 -.078  .9961  .5136  .5161
-.5596 -1.2571  .0813 -.0484 -.0914  .9946  .5088  .5078
-.5622 -1.2564  .0813 -.0049 -.1031  .9947  .5052  .509
 0  2544  2604
 2  590  1
 590  2  591
 1688  1645  1687
 1645  1688  1646
 889  846  888
 846  889  847
 1480  1437  1479
 1437  1480  1438
 2029  1986  2028
 1986  2029  1987
 7  595  6
 595  7  596
 1399  1356  1398
 1356  1399  1357
 9  597  8
 597  9  598
 515  472  514
 472  515  473
 1780  1737  1779
 1737  1780  1738
 1655  1612  1654
 1612  1655  1613
 13  601  12
 601  13  602
 14  602  13
 602  14  603
 184  141  183
 141  184  142
 1785  1742  1784
 1742  1785  1743
 1534  1491  1533
 1491  1534  1492
 481  438  480
 438  481  439
 1198  1155  1197
 1155  1198  1156
 2379  2336  2378
 2336  2379  2337
 21  609  20
 609  21  610
 2541  148  190
 148  2541  2540
 23  611  2556
 611  23  612
 837  794  836
 794  837  795
 1458  1415  1457
 1415  1458  1416
 1544  1501  1543
 1501  1544  1502
 1174  1131  1173
 1131  1174  1132
 1629  1586  1628
 1586  1629  1587
 1840  1797  1839
 1797  1840  1798
 199  156  198
 156  199  157
 1380  1337  1379
 1337  1380  1338
 1633  1590  1632
 1590  1633  1591
 33  621  32
 621  33  622
 1341  1297  1340
 1297  1341  1298
 35  623  34
 623  35  624
 36  624  35
 624  36  625
 37  625  36
 625  37  626
 27  615  26
 615  27  616
 2440  2397  2439
 2397  2440  2398
 1921  2509  1920
 2509  1921  2510
 1474  1431  1473
 1431  1474  1432
 42  630  41
 630  42  631
 2648  85  43
 0  2545  2544
 1477  2630  2631
 2630  1477  1435
 1814  1771  1813
 1771  1814  1772
 551  508  550
 508  551  509
 594  551  593
 551  594  552
 891  848  890
 848  891  849
 596  553  595
 553  596  554
 597  554  596
 554  597  555
 1736  1693  1735
 1693  1736  1694
 1949  1905  1948
 1905  1949  1906
 600  557  599
 557  600  558
 1403  1360  1402
 1360  1403  1361
 602  559  601
 559  602  560
 1615  1572  1614
 1572  1615  1573
 226  183  225
 183  226  184
 1111  1068  1110
 1068  1111  1069
 1744  1701  1743
 1701  1744  1702
 903  860  902
 860  903  861
 272  229  271
 229  272  230
 1453  1410  1452
 1410  1453  1411
 64  20  63
 20  64  21
 2552  1454  1496
 1454  2552  2605
 402  359  401
 359  402  360
 711  667  710
 667  711  668
 2485  2442  2484
 2442  2485  2443
 2275  2232  2274
 2232  2275  2233
 448  405  447
 405  448  406
 1642  1599  1641
 1599  1642  1600
 2094  2051  2093
 2051  2094  2052
 1379  1336  1378
 1336  1379  1337
 1674  1631  1673
 1631  1674  1632
 1465  1422  1464
 1422  1465  1423
 1844  1801  1843
 1801  1844  1802
 623  580  622
 580  623  581
 1510  1467  1509
 1467  1510  1468
 1385  1342  1384
 1342  1385  1343
 290  247  289
 247  290  248
 627  584  626
 584  627  585
 628  585  627
 585  628  586
 629  586  628
 586  629  587
 2649  587  629
 587  2650  588
 2651  588  2652
 588  2653  589
 2654  127  43
 0  2607  2545
 2445  2573  2574
 2573  2445  2403
 382  339  381
 339  382  340
 89  46  88
 46  89  47
 552  509  551
 509  552  510
 1775  1732  1774
 1732  1775  1733
 2324  2281  2323
 2281  2324  2282
 429  386  428
 386  429  387
 430  387  429
 387  430  388
 1653  1610  1652
 1610  1653  1611
 1360  1317  1359
 1317  1360  1318
 181  138  180
 138  181  139
 560  517  559
 517  560  518
 1699  1656  1698
 1656  1699  1657
 2374  2331  2373
 2331  2374  2332
 563  520  562
 520  563  521
 2124  2081  2123
 2081  2124  2082
 1451  1408  1450
 1408  1451  1409
 1536  1493  1535
 1493  1536  1494
 105  62  104
 62  105  63
 1580  1537  1579
 1537  1580  1538
 2615  526  568
 526  2615  2643
 570  527  569
 527  570  528
 1963  1919  1962
 1919  1963  1920
 1752  1709  1751
 1709  1752  1710
 573  530  572
 530  573  531
 1334  1290  1333
 1290  1334  1291
 1713  1670  1712
 1670  1713  1671
 282  239  281
 239  282  240
 1799  1756  1798
 1756  1799  1757
 242  199  241
 199  242  200
 1339  1295  1338
 1295  1339  1296
 1170  1127  1169
 1127  1170  1128
 961  918  960
 918  961  919
 582  539  581
 539  582  540
 583  540  582
 540  583  541
 912  869  911
 869  912  870
 2049  2006  2048
 2006  2049  2007
 1501  1458  1500
 1458  1501  1459
 40  628  39
 628  40  629
 1390  1347  1389
 1347  1390  1348
 1433  2656  2655
 2657  1433  1391
 2658  169  43
 0  2542  2607
 549  2532  2533
 2532  549  507
 508  465  507
 465  508  466
 509  466  508
 466  509  467
 510  467  509
 467  510  468
 6  594  5
 594  6  595
 1524  1481  1523
 1481  1524  1482
 345  302  344
 302  345  303
 1568  1525  1567
 1525  1568  1526
 347  304  346
 304  347  305
 516  473  515
 473  516  474
 517  474  516
 474  517  475
 518  475  517
 475  518  476
 1321  1277  1320
 1277  1321  1278
 1826  1783  1825
 1783  1826  1784
 521  478  520
 478  521  479
 1324  1280  1323
 1280  1324  1281
 945  902  944
 902  945  903
 1452  1409  1451
 1409  1452  1410
 525  482  524
 482  525  483
 400  357  399
 357  400  358
 2579  2422  2464
 2422  2579  2578
 66  2659  2557
 2660  66  2661
 1553  1510  1552
 1510  1553  1511
 614  571  613
 571  614  572
 1502  1459  1501
 1459  1502  1460
 1639  1596  1638
 1596  1639  1597
 71  27  70
 27  71  28
 830  787  829
 787  830  788
 1125  1082  1124
 1082  1125  1083
 536  493  535
 493  536  494
 537  494  536
 494  537  495
 76  32  75
 32  76  33
 1719  1676  1718
 1676  1719  1677
 1426  1383  1425
 1383  1426  1384
 373  330  372
 330  373  331
 584  541  583
 541  584  542
 543  500  542
 500  543  501
 39  627  38
 627  39  628
 251  208  250
 208  251  209
 113  70  112
 70  113  71
 547  504  546
 504  547  505
 2662  211  43
 0  2543  2542
 2151  2531  2150
 2531  2151  2109
 466  423  465
 423  466  424
 131  88  130
 88  131  89
 1606  1563  1605
 1563  1606  1564
 343  300  342
 300  343  301
 470  427  469
 427  470  428
 1861  1818  1860
 1818  1861  1819
 1484  1441  1483
 1441  1484  1442
 10  598  9
 598  10  599
 474  431  473
 431  474  432
 559  516  558
 516  559  517
 476  433  475
 433  476  434
 773  730  772
 730  773  731
 942  899  941
 899  942  900
 1955  1911  1954
 1911  1955  1912
 102  59  101
 59  102  60
 1535  1492  1534
 1492  1535  1493
 482  439  481
 439  482  440
 1831  1788  1830
 1788  1831  1789
 2338  2295  2337
 2295  2338  2296
 2171  2128  2170
 2128  2171  2592
 2663  2665  2664
 2666  2667  570
 1595  1552  1594
 1552  1595  1553
 1475  1432  1474
 1432  1475  2668
 153  110  152
 110  153  111
 1376  1333  1375
 1333  1376  1334
 926  883  925
 883  926  884
 492  449  491
 449  492  450
 1463  1420  1462
 1420  1463  1421
 1338  1294  1337
 1294  1338  1295
 1253  1210  1252
 1210  1253  1211
 202  159  201
 159  202  160
 497  454  496
 454  497  455
 2268  2225  2267
 2225  2268  2226
 1877  1834  1876
 1834  1877  1835
 1764  1721  1763
 1721  1764  1722
 501  458  500
 458  501  459
 502  459  501
 459  502  460
 503  460  502
 460  503  461
 2669  1557  1599
 1557  2670  1558
 2671  462  2672
 462  2673  463
 2674  253  43
 0  2611  2543
 1055  2580  1054
 2580  1055  1013
 424  381  423
 381  424  382
 341  298  340
 298  341  299
 2112  2069  2111
 2069  2112  2070
 427  384  426
 384  427  385
 428  385  427
 385  428  386
 1483  1440  1482
 1440  1483  1441
 1400  1357  1399
 1357  1400  1358
 389  346  388
 346  389  347
 432  389  431
 389  432  390
 1445  1402  1444
 1402  1445  1403
 1320  1276  1319
 1276  1320  1277
 2373  2330  2372
 2330  2373  2331
 436  393  435
 393  436  394
 59  15  58
 15  59  16
 438  395  437
 395  438  396
 1871  1828  1870
 1828  1871  1829
 440  397  439
 397  440  398
 441  398  440
 398  441  399
 1874  1831  1873
 1831  1874  1832
 2605  1412  1454
 1412  2605  2599
 150  107  149
 107  150  108
 1089  1046  1088
 1046  1089  1047
 194  151  193
 151  194  152
 924  881  923
 881  924  882
 1163  1120  1162
 1120  1163  1121
 997  954  996
 954  997  955
 450  407  449
 407  450  408
 1841  1798  1840
 1798  1841  1799
 452  409  451
 409  452  410
 2097  2054  2096
 2054  2097  2055
 370  327  369
 327  370  328
 1593  1550  1592
 1550  1593  1551
 330  287  329
 287  330  288
 1288  1876  1287
 1876  1288  1877
 458  415  457
 415  458  416
 459  416  458
 416  459  417
 1050  1007  1049
 1007  1050  1008
 2511  2468  2675
 2468  2511  2469
 2676  419  2677
 419  2678  420
 2679  420  2680
 420  2681  421
 2682  295  43
 0  2602  2611
 1983  2536  2537
 2536  1983  1941
 340  297  339
 297  340  298
 1647  1604  1646
 1604  1647  1605
 384  341  383
 341  384  342
 1397  1354  1396
 1354  1397  1355
 1734  1691  1733
 1691  1734  1692
 1567  1524  1566
 1524  1567  1525
 388  345  387
 345  388  346
 1991  1948  1990
 1948  1991  2683
 1864  1821  1863
 1821  1864  1822
 475  432  474
 432  475  433
 140  97  139
 97  140  98
 1447  1404  1446
 1404  1447  1405
 1194  1151  1193
 1151  1194  1152
 101  58  100
 58  101  59
 1408  1365  1407
 1365  1408  1366
 1745  1702  1744
 1702  1745  1703
 104  61  103
 61  104  62
 1369  1326  1368
 1326  1369  1327
 190  147  189
 147  190  148
 2640  358  400
 358  2640  2639
 1876  1833  1875
 1833  1876  1834
 1721  1678  1720
 1678  1721  1679
 1853  1810  1852
 1810  1853  1811
 154  111  153
 111  154  112
 1218  1175  1217
 1175  1218  1176
 28  616  27
 616  28  617
 1588  1545  1587
 1545  1588  1546
 409  366  408
 366  409  367
 1168  1125  1167
 1125  1168  1126
 117  74  116
 74  117  75
 412  369  411
 369  412  370
 455  412  2684
 412  455  413
 414  371  413
 371  414  372
 541  498  540
 498  541  499
 1848  1805  1847
 1805  1848  1806
 417  374  416
 374  417  375
 418  375  417
 375  418  376
 2685  376  418
 376  2686  377
 1051  1008  1050
 1008  1051  1009
 1668  1625  1667
 1625  1668  1626
 2687  337  43
 0  2603  2602
 1771  2554  2555
 2554  1771  1729
 1098  1055  1097
 1055  1098  1056
 1815  1772  1814
 1772  1815  1773
 5  593  4
 593  5  594
 1565  1522  1564
 1522  1565  1523
 1903  2491  1902
 2491  1903  2492
 1819  1776  1818
 1776  1819  1777
 262  219  261
 219  262  220
 1021  978  1020
 978  1021  979
 1402  1359  1401
 1359  1402  1360
 433  390  432
 390  433  391
 1656  1613  1655
 1613  1656  1614
 2457  2414  2456
 2414  2457  2415
 1026  983  1025
 983  1026  984
 1069  1026  1068
 1026  1069  1027
 1702  1659  1701
 1659  1702  1660
 1703  1660  1702
 1660  1703  1661
 2042  1999  2041
 1999  2042  2000
 273  230  272
 230  273  231
 1538  1495  1537
 1495  1538  1496
 2571  1032  1074
 1032  2571  2634
 1498  1455  1497
 1455  1498  1456
 2017  1974  2016
 1974  2017  1975
 701  657  700
 657  701  658
 195  152  194
 152  195  153
 2396  2353  2395
 2353  2396  2354
 1207  1164  1206
 1164  1207  1165
 618  575  617
 575  618  576
 1547  1504  1546
 1504  1547  1505
 2474  2431  2473
 2431  2474  2432
 453  410  452
 410  453  411
 496  453  495
 453  496  454
 413  370  412
 370  413  371
 162  119  161
 119  162  120
 2521  2478  2520
 2478  2521  2479
 839  796  838
 796  839  797
 2134  2091  2133
 2091  2134  2092
 2344  2301  2343
 2301  2344  2302
 2272  2229  2271
 2229  2272  2230
 1335  1291  1334
 1291  1335  1292
 320  277  319
 277  320  278
 2688  379  43
 0  2610  2603
 297  254  296
 254  297  255
 298  255  297
 255  298  256
 299  256  298
 256  299  257
 1774  1731  1773
 1731  1774  1732
 301  258  300
 258  301  259
 302  259  301
 259  302  260
 303  260  302
 260  303  261
 1820  1777  1819
 1777  1820  1778
 1779  1736  1778
 1736  1779  1737
 2496  2453  2495
 2453  2496  2454
 2245  2202  2244
 2202  2245  2203
 1108  1065  1107
 1065  1108  1066
 1235  1192  1234
 1192  1235  1193
 310  267  309
 267  310  268
 1659  1616  1658
 1616  1659  1617
 312  269  311
 269  312  270
 313  270  312
 270  313  271
 1326  1282  1325
 1282  1326  1283
 315  272  314
 272  315  273
 1242  1199  1241
 1199  1242  1200
 2553  1496  1538
 1496  2553  2552
 318  2534  2535
 2534  318  276
 2689  528  570
 528  2690  529
 673  1261  672
 1261  673  1262
 615  572  614
 572  615  573
 2522  2479  2521
 2479  2522  2480
 2021  1978  2020
 1978  2021  1979
 1798  1755  1797
 1755  1798  1756
 1209  1166  1208
 1166  1209  1167
 2138  2095  2137
 2095  2138  2096
 495  452  494
 452  495  453
 286  243  285
 243  286  244
 329  286  328
 286  329  287
 1299  1887  1298
 1887  1299  1888
 331  288  330
 288  331  289
 332  289  331
 289  332  290
 1723  1680  1722
 1680  1723  1681
 237  194  236
 194  237  195
 2147  2104  2146
 2104  2147  2105
 336  293  335
 293  336  294
 337  294  336
 294  337  2691
 2692  2693  43
 0  2595  2610
 255  212  254
 212  255  213
 214  171  213
 171  214  172
 257  214  256
 214  257  215
 258  215  257
 215  258  216
 385  342  384
 342  385  343
 554  511  553
 511  554  512
 2367  2324  2366
 2324  2367  2325
 346  303  345
 303  346  304
 1737  1694  1736
 1694  1737  1695
 1275  1863  1274
 1863  1275  1864
 265  222  264
 222  265  223
 350  307  349
 307  350  308
 1953  1909  1952
 1909  1953  1910
 858  815  857
 815  858  816
 1365  1322  1364
 1322  1365  1323
 1618  1575  1617
 1575  1618  1576
 1239  1196  1238
 1196  1239  1197
 1494  1451  1493
 1451  1494  1452
 1284  1872  1283
 1872  1284  1873
 2422  2379  2421
 2379  2422  2380
 2608  1874  1285
 1874  2608  2644
 360  2695  2694
 2696  360  318
 1847  1804  1846
 1804  1847  1805
 1542  1499  1541
 1499  1542  1500
 1796  1753  1795
 1753  1796  1754
 616  573  615
 573  616  574
 1516  1473  1515
 1473  1516  2697
 576  533  575
 533  576  534
 283  240  282
 240  283  241
 1800  1757  1799
 1757  1800  1758
 1211  1168  1210
 1168  1211  1169
 1676  1633  1675
 1633  1676  1634
 1298  1886  1297
 1886  1298  1887
 1552  1509  1551
 1509  1552  1510
 1679  1636  1678
 1636  1679  1637
 80  36  79
 36  80  37
 1513  1470  1512
 1470  1513  1471
 292  249  291
 249  292  250
 293  250  292
 250  293  251
 1165  1122  1164
 1122  1165  1123
 1416  1373  1415
 1373  1416  1374
 421  2698  43
 0  2596  2595
 213  170  212
 170  213  171
 1604  1561  1603
 1561  1604  1562
 215  172  214
 172  215  173
 216  173  215
 173  216  174
 217  174  216
 174  217  175
 1818  1775  1817
 1775  1818  1776
 1525  1482  1524
 1482  1525  1483
 220  177  219
 177  220  178
 431  388  430
 388  431  389
 1654  1611  1653
 1611  1654  1612
 223  180  222
 180  223  181
 1614  1571  1613
 1571  1614  1572
 225  182  224
 182  225  183
 352  309  351
 309  352  310
 227  184  226
 184  227  185
 228  185  227
 185  228  186
 229  186  228
 186  229  187
 1830  1787  1829
 1787  1830  1788
 1873  1830  1872
 1830  1873  1831
 1496  1453  1495
 1453  1496  1454
 2578  2380  2422
 2380  2578  2621
 234  191  233
 191  234  192
 1469  1426  1468
 1426  1469  1427
 1643  1600  1642
 1600  1643  1601
 1217  1174  1216
 1174  1217  1175
 238  195  237
 195  238  196
 2148  2105  2147
 2105  2148  2106
 914  871  913
 871  914  872
 241  198  240
 198  241  199
 158  115  157
 115  158  116
 1507  1464  1506
 1464  1507  1465
 1340  1296  1339
 1296  1340  1297
 2351  2308  2350
 2308  2351  2309
 1468  1425  1467
 1425  1468  1426
 2699  2701  2700
 2702  2703  151
 827  784  826
 784  827  785
 2438  2395  2437
 2395  2438  2396
 869  826  868
 826  869  827
 1683  1640  1682
 1640  1683  1641
 2387  2344  2386
 2344  2387  2345
 1120  1077  1119
 1077  1120  1078
 463  2704  43
 0  506  2596
 171  128  170
 128  171  129
 2446  2403  2445
 2403  2446  2404
 1437  1394  1436
 1394  1437  1395
 1269  1857  1268
 1857  1269  1858
 1733  1690  1732
 1690  1733  1691
 176  133  175
 133  176  134
 1609  1566  1608
 1566  1609  1567
 1610  1567  1609
 1567  1610  1568
 1821  1778  1820
 1778  1821  1779
 1696  1653  2705
 1653  1696  1654
 1823  1780  1822
 1780  1823  1781
 224  181  223
 181  224  182
 183  140  182
 140  183  141
 142  99  141
 99  142  100
 1869  1826  1868
 1826  1869  1827
 1450  1407  1449
 1407  1450  1408
 1409  1366  1408
 1366  1409  1367
 19  607  18
 607  19  608
 1579  1536  1578
 1536  1579  1537
 1832  1789  1831
 1789  1832  1790
 2598  1328  1370
 1328  2598  2609
 2706  2708  2707
 2709  2711  2710
 2712  1456  1498
 1456  2714  2713
 868  825  867
 825  868  826
 363  320  362
 320  363  321
 490  447  489
 447  490  448
 759  716  758
 716  759  717
 198  155  197
 155  198  156
 1715  1672  1714
 1672  1715  1673
 790  747  789
 747  790  748
 1381  1338  1380
 1338  1381  1339
 1592  1549  1591
 1549  1592  1550
 1677  1634  1676
 1634  1677  1635
 2058  2015  2057
 2015  2058  2016
 205  162  204
 162  205  163
 206  163  205
 163  206  164
 532  489  531
 489  532  490
 208  165  207
 165  208  166
 1304  1892  1303
 1892  1304  1893
 210  167  209
 167  210  168
 1559  2716  2715
 2717  1559  1517
 505  547  43
 0  548  506
 129  86  128
 86  129  87
 130  87  129
 87  130  88
 593  550  592
 550  593  551
 2028  1985  2027
 1985  2028  1986
 133  90  132
 90  133  91
 218  175  217
 175  218  176
 135  92  134
 92  135  93
 136  93  135
 93  136  94
 1863  1820  1862
 1820  1863  1821
 1190  1147  1189
 1147  1190  1148
 139  96  138
 96  139  97
 392  349  391
 349  392  350
 899  856  898
 856  899  857
 604  561  603
 561  604  562
 1153  1110  1152
 1110  1153  1111
 1281  1869  1280
 1869  1281  1870
 145  102  144
 102  145  103
 146  103  145
 103  146  104
 2253  2210  2252
 2210  2253  2211
 1032  989  1031
 989  1032  990
 2621  2338  2380
 2338  2621  2620
 444  2718  443
 2719  444  402
 235  192  234
 192  235  2720
 278  2721  277
 2722  278  236
 1795  1752  1794
 1752  1795  1753
 1891  1848  1890
 1848  1891  1849
 378  335  377
 335  378  2723
 1672  1629  1671
 1629  1672  1630
 157  114  156
 114  157  115
 1632  1589  1631
 1589  1632  1590
 75  31  74
 31  75  32
 708  664  707
 664  708  665
 2057  2014  2056
 2014  2057  2015
 1636  1593  1635
 1593  1636  1594
 1427  1384  1426
 1384  1427  1385
 164  121  163
 121  164  122
 165  122  164
 122  165  123
 166  123  165
 123  166  124
 167  124  166
 124  167  125
 2724  125  167
 125  2725  126
 169  126  2726
 126  169  2727
 2728  2729  43
 0  2613  548
 87  44  86
 44  87  45
 88  45  87
 45  88  46
 1857  1814  1856
 1814  1857  1815
 1732  1689  1731
 1689  1732  1690
 91  48  90
 48  91  49
 2282  2239  2281
 2239  2282  2240
 1693  1650  1692
 1650  1693  1651
 1273  1861  1272
 1861  1273  1862
 95  52  94
 52  95  53
 1822  1779  1821
 1779  1822  1780
 97  54  96
 54  97  55
 1866  1823  1865
 1823  1866  1824
 1741  1698  1740
 1698  1741  1699
 100  57  99
 57  100  58
 775  732  774
 732  775  733
 649  1237  648
 1237  649  1238
 650  1238  649
 1238  650  1239
 1156  1113  1155
 1113  1156  1114
 779  736  778
 736  779  737
 1664  1621  1663
 1621  1664  1622
 317  274  316
 274  317  275
 108  2731  2730
 2732  108  2733
 2734  1414  1456
 1414  2735  1415
 2107  2064  2736
 2064  2107  2065
 1724  1681  1723
 1681  1724  1682
 1669  1626  1668
 1626  1669  1627
 952  909  951
 909  952  910
 1546  1503  1545
 1503  1546  1504
 2473  2430  2472
 2430  2473  2431
 1716  1673  1715
 1673  1716  1674
 1843  1800  1842
 1800  1843  1801
 2350  2307  2349
 2307  2350  2308
 2015  1972  2014
 1972  2015  1973
 540  497  539
 497  540  498
 1343  1299  1342
 1299  1343  1300
 122  79  121
 79  122  80
 1512  1469  1511
 1469  1512  1470
 376  333  375
 333  376  334
 841  798  840
 798  841  799
 1768  1725  1767
 1725  1768  1726
 379  2737  378
 2738  379  2739
 589  2740  43
 0  2604  2613
 1645  2566  2567
 2566  1645  1603
 2236  2193  2235
 2193  2236  2194
 47  3  46
 3  47  4
 48  4  47
 4  48  5
 49  5  48
 5  49  6
 512  469  511
 469  512  470
 51  7  50
 7  51  8
 1694  1651  1693
 1651  1694  1652
 53  9  52
 9  53  10
 54  10  53
 10  54  11
 1571  1528  1570
 1528  1571  1529
 98  55  97
 55  98  56
 1109  1066  1108
 1066  1109  1067
 1448  1405  1447
 1405  1448  1406
 1491  1448  1490
 1448  1491  1449
 60  16  59
 16  60  17
 2419  2376  2418
 2376  2419  2377
 188  145  187
 145  188  146
 63  19  62
 19  63  20
 780  737  779
 737  780  738
 2599  1370  1412
 1370  2599  2598
 1456  1413  2741
 1413  1456  1414
 2185  2142  2184
 2142  2185  2143
 969  2742  968
 2743  969  927
 1880  1837  1879
 1837  1880  1838
 69  25  68
 25  69  26
 2261  2218  2260
 2218  2261  2219
 1504  1461  1503
 1461  1504  1462
 577  534  576
 534  577  535
 116  73  115
 73  116  74
 1127  1084  1126
 1084  1127  1085
 1634  1591  1633
 1591  1634  2744
 77  33  76
 33  77  34
 2478  2435  2477
 2435  2478  2436
 1793  1750  1792
 1750  1793  2745
 2133  2090  2132
 2090  2133  2091
 1459  1416  1458
 1416  1459  1417
 82  38  81
 38  82  39
 83  39  82
 39  83  40
 1178  1135  1177
 1135  1178  1136
 1794  1751  2746
 1751  1794  1752
 631  42  43
 632  2635  2612
 1687  2567  2600
 2567  1687  1645
 2194  2151  2193
 2151  2194  2152
 2195  2152  2194
 2152  2195  2153
 1142  1099  1141
 1099  1142  1100
 860  817  859
 817  860  818
 1144  1101  1143
 1101  1144  1102
 2199  2156  2198
 2156  2199  2157
 726  683  725
 683  726  684
 2159  2116  2158
 2116  2159  2117
 895  852  894
 852  895  853
 937  894  936
 894  937  895
 940  897  939
 897  940  898
 1910  2498  1909
 2498  1910  2499
 2458  2415  2457
 2415  2458  2416
 2207  2164  2206
 2164  2207  2165
 776  733  775
 733  776  734
 271  228  270
 228  271  229
 2378  2335  2377
 2335  2378  2336
 1115  1072  1114
 1072  1115  1073
 2296  2253  2295
 2253  2296  2254
 2609  1285  1328
 1285  2609  2608
 1076  1033  1075
 1033  1076  1034
 788  745  787
 745  788  746
 1091  1048  1090
 1048  1091  1049
 2513  2470  2512
 2470  2513  2471
 2312  2269  2311
 2269  2312  2270
 1797  1754  1796
 1754  1797  1755
 956  913  955
 913  956  914
 2221  2178  2220
 2178  2221  2179
 2432  2389  2431
 2389  2432  2390
 2223  2180  2222
 2180  2223  2181
 1802  1759  1801
 1759  1802  1760
 1087  1044  1086
 1044  1087  1045
 920  877  919
 877  920  878
 2747  1582  1624
 1582  2748  1583
 1134  1091  1133
 1091  1134  1092
 658  1246  657
 1246  658  1247
 1419  1376  1418
 1376  1419  1377
 1628  1585  1627
 1585  1628  1586
 1967  1923  1966
 1923  1967  1924
 2149  2106  2148
 2106  2149  2749
 674  2750  675
 632  2528  2635
 971  2575  970
 2575  971  929
 2278  2235  2277
 2235  2278  2236
 2363  2320  2362
 2320  2363  2321
 2238  2195  2237
 2195  2238  2196
 2197  2154  2196
 2154  2197  2155
 2240  2197  2239
 2197  2240  2198
 2031  1988  2030
 1988  2031  1989
 1062  1019  1061
 1019  1062  1020
 2285  2242  2284
 2242  2285  2243
 740  2577  739
 2577  740  698
 2203  2160  2202
 2160  2203  2161
 2456  2413  2455
 2413  2456  2414
 1025  982  1024
 982  1025  983
 2290  2247  2289
 2247  2290  2248
 1060  1017  1059
 1017  1060  1018
 2166  2123  2165
 2123  2166  2124
 1999  1956  1998
 1956  1999  1957
 2210  2167  2209
 2167  2210  2168
 2169  2126  2168
 2126  2169  2127
 2506  2463  2505
 2463  2506  2464
 2593  2212  2254
 2212  2593  2213
 2508  2465  2507
 2465  2508  2466
 24  612  23
 612  24  2751
 2090  2047  2089
 2047  2090  2048
 2260  2217  2259
 2217  2260  2218
 798  755  797
 755  798  756
 746  703  745
 703  746  704
 1039  996  1038
 996  1039  997
 2179  2136  2178
 2136  2179  2137
 578  535  577
 535  578  536
 917  874  916
 874  917  875
 1086  1043  1085
 1043  1086  1044
 1635  2752  1634
 2753  1635  1593
 962  919  961
 919  962  920
 1805  1762  1804
 1762  1805  1763
 2470  2427  2469
 2427  2470  2428
 1247  1204  1246
 1204  1247  1205
 996  953  995
 953  996  954
 2093  2050  2092
 2050  2093  2051
 2754  377  419
 377  2756  2755
 197  154  196
 154  197  155
 717  759  675
 632  2529  2528
 1013  970  2580
 970  1013  971
 2110  2067  2109
 2067  2110  2068
 1015  972  1014
 972  1015  973
 174  131  173
 131  174  132
 1185  1142  1184
 1142  1185  1143
 2030  1987  2029
 1987  2030  1988
 2325  2282  2324
 2282  2325  2283
 641  1229  640
 1229  641  1230
 1569  1526  1568
 1526  1569  1527
 2160  2117  2159
 2117  2160  2118
 939  896  938
 896  939  897
 2372  2329  2371
 2329  2372  2330
 1531  1488  1530
 1488  1531  1489
 2416  2373  2415
 2373  2416  2374
 2291  2248  2290
 2248  2291  2249
 2250  2207  2249
 2207  2250  2208
 397  354  396
 354  397  355
 694  650  693
 650  694  651
 20  608  19
 608  20  609
 1370  1327  1369
 1327  1370  1328
 2587  948  990
 948  2587  2586
 2172  2129  2564
 2129  2172  2130
 457  414  456
 414  457  415
 2525  2482  2524
 2482  2525  2483
 660  1248  659
 1248  660  1249
 2480  2437  2479
 2437  2480  2438
 2105  2062  2104
 2062  2105  2063
 1925  2513  1924
 2513  1925  2514
 2053  2010  2052
 2010  2053  2011
 410  367  409
 367  410  368
 1591  1548  1590
 1548  1591  1549
 876  833  875
 833  876  834
 709  665  708
 665  709  666
 2352  2309  2351
 2309  2352  2310
 109  2758  2757
 2759  109  67
 1092  1049  1091
 1049  1092  1050
 1333  1289  1332
 1289  1333  1290
 207  164  206
 164  207  165
 461  418  460
 418  461  419
 2484  2441  2483
 2441  2484  2760
 533  490  532
 490  533  491
 2761  801  675
 632  2625  2529
 2193  2150  2546
 2150  2193  2151
 1182  1139  1181
 1139  1182  1140
 2069  2026  2068
 2026  2069  2027
 2280  2237  2279
 2237  2280  2238
 765  722  764
 722  765  723
 934  891  933
 891  934  892
 1777  1734  1776
 1734  1777  1735
 2158  2115  2157
 2115  2158  2116
 642  1230  641
 1230  642  1231
 1528  1485  1527
 1485  1528  1486
 897  854  896
 854  897  855
 1024  981  1023
 981  1024  982
 2121  2078  2120
 2078  2121  2079
 2164  2121  2163
 2121  2164  2122
 2123  2080  2122
 2080  2123  2081
 2418  2375  2417
 2375  2418  2376
 2041  1998  2040
 1998  2041  1999
 736  693  735
 693  736  694
 2421  2378  2420
 2378  2421  2379
 2044  2001  2043
 2001  2044  2002
 2620  2296  2338
 2296  2620  2622
 2762  1707  2560
 1707  2763  1708
 867  824  866
 824  867  825
 1727  1684  2764
 1684  1727  1685
 248  205  247
 205  248  206
 2050  2007  2049
 2007  2050  2008
 871  828  870
 828  871  829
 156  113  155
 113  156  114
 789  746  788
 746  789  747
 74  30  73
 30  74  31
 2013  1970  2012
 1970  2013  1971
 1212  1169  1211
 1169  1212  1170
 371  328  370
 328  371  329
 2263  2220  2262
 2220  2263  2221
 963  920  962
 920  963  921
 2397  2354  2396
 2354  2397  2355
 838  795  837
 795  838  796
 2270  2227  2269
 2227  2270  2228
 1893  1850  1892
 1850  1893  1851
 2175  2132  2174
 2132  2175  2133
 1095  1052  1094
 1052  1095  1053
 2765  843  675
 632  2590  2625
 2403  2559  2573
 2559  2403  2361
 2362  2319  2361
 2319  2362  2320
 1353  1310  1352
 1310  1353  1311
 680  636  679
 636  680  637
 553  510  552
 510  553  511
 1018  975  1017
 975  1018  976
 1651  1608  1650
 1608  1651  1609
 2368  2325  2367
 2325  2368  2326
 2766  1442  1484
 1442  2767  1443
 2244  2201  2243
 2201  2244  2202
 1781  1738  1780
 1738  1781  1739
 1446  1403  1445
 1403  1446  1404
 815  772  814
 772  815  773
 1742  1699  1741
 1699  1742  1700
 2417  2374  2416
 2374  2417  2375
 2082  2039  2081
 2039  2082  2040
 1661  1618  1660
 1618  1661  1619
 356  313  355
 313  356  314
 737  694  736
 694  737  695
 906  863  905
 863  906  864
 2570  738  780
 738  2570  2569
 1919  2768  1918
 2769  1919  2770
 1005  962  1004
 962  1005  963
 2771  2773  2772
 2774  2776  2775
 1753  1710  1752
 1710  1753  1711
 1806  1763  1805
 1763  1806  1764
 758  715  757
 715  758  716
 1938  2526  1937
 2526  1938  2527
 1673  1630  1672
 1630  1673  1631
 706  662  705
 662  706  663
 2307  2264  2306
 2264  2307  2265
 2434  2391  2433
 2391  2434  2392
 2435  2392  2434
 2392  2435  2393
 1931  2519  1930
 2519  1931  2520
 1835  2778  2777
 2779  1835  2780
 1375  1332  1374
 1332  1375  1333
 626  583  625
 583  626  584
 322  279  321
 279  322  280
 2781  1303  1346
 1303  2782  1304
 1249  1206  1248
 1206  1249  1207
 2174  2131  2173
 2131  2174  2132
 2783  885  675
 632  2591  2590
 719  676  718
 676  719  677
 2569  696  738
 696  2569  697
 425  382  424
 382  425  383
 764  721  763
 721  764  722
 1355  1312  1354
 1312  1355  1313
 2492  2449  2491
 2449  2492  2450
 2115  2072  2114
 2072  2115  2073
 2200  2157  2199
 2157  2200  2158
 1907  2785  2784
 2786  1907  2496
 348  305  347
 305  348  306
 1993  1950  1992
 1950  1993  1951
 730  687  729
 687  730  688
 141  98  140
 98  141  99
 268  225  267
 225  268  226
 605  562  604
 562  605  563
 1017  974  1016
 974  1017  975
 187  144  186
 144  187  145
 2084  2041  2083
 2041  2084  2042
 357  314  356
 314  357  315
 822  779  821
 779  822  780
 2589  1917  1960
 1917  2589  2588
 1287  1875  1286
 1875  1287  1876
 1040  997  1039
 997  1040  998
 2346  2303  2787
 2303  2346  2304
 2788  671  714
 671  2789  672
 2355  2312  2354
 2312  2355  2313
 2790  2021  2063
 2021  2791  2022
 1378  1335  1377
 1335  1378  1336
 831  788  830
 788  831  789
 663  1251  662
 1251  663  1252
 1085  1042  1084
 1042  1085  1043
 2518  2475  2517
 2475  2518  2476
 2288  2245  2287
 2245  2288  2246
 1046  1003  1045
 1003  1046  1004
 2383  2340  2382
 2340  2383  2341
 1808  1765  1807
 1765  1808  1766
 2102  2059  2101
 2059  2102  2060
 2061  2018  2060
 2018  2061  2019
 2398  2355  2397
 2355  2398  2356
 2792  1641  1683
 1641  2794  2793
 1011  2795  1010
 2796  1011  2797
 2798  2799  675
 632  928  2591
 803  760  802
 760  803  761
 1224  1181  1223
 1181  1224  1182
 1521  1478  1520
 1478  1521  1479
 1184  1141  1183
 1141  1184  1142
 638  1226  637
 1226  638  1227
 2366  2323  2365
 2323  2366  2324
 1735  1692  1734
 1692  1735  1693
 1905  2493  1904
 2493  1905  2494
 727  684  726
 684  727  685
 2286  2243  2285
 2243  2286  2244
 1951  1907  1950
 1907  1951  1908
 814  771  813
 771  814  772
 2289  2246  2288
 2246  2289  2247
 2038  1995  2037
 1995  2038  1996
 1195  1152  1194
 1152  1195  1153
 734  691  733
 691  734  692
 2377  2334  2376
 2334  2377  2335
 1915  2503  1914
 2503  1915  2504
 2085  2042  2084
 2042  2085  2043
 2086  2043  2085
 2043  2086  2044
 2606  1960  2002
 1960  2606  2589
 1962  2800  1961
 2801  1962  1919
 2341  2298  2340
 2298  2341  2299
 1755  1712  1754
 1712  1755  1713
 1978  1934  1977
 1934  1978  1935
 2802  672  715
 672  2804  2803
 250  207  249
 207  250  208
 2052  2009  2051
 2009  2052  2010
 1926  2514  1925
 2514  1926  2515
 1548  1505  1547
 1505  1548  1506
 1928  2516  1927
 2516  1928  2517
 2476  2433  2475
 2433  2476  2434
 2393  2350  2392
 2350  2393  2351
 2436  2393  2435
 2393  2436  2394
 2805  108  150
 108  2806  109
 671  1259  670
 1259  671  1260
 2439  2396  2438
 2396  2439  2397
 1809  1766  1808
 1766  1809  1767
 2358  2315  2357
 2315  2358  2316
 2807  2808  1725
 2809  2810  1684
 995  952  994
 952  995  953
 927  969  675
 632  2576  928
 2067  2024  2530
 2024  2067  2025
 2488  2445  2487
 2445  2488  2446
 2279  2236  2278
 2236  2279  2237
 722  679  721
 679  722  680
 1987  1944  1986
 1944  1987  1945
 724  681  723
 681  724  682
 2157  2114  2156
 2114  2157  2115
 1990  1947  1989
 1947  1990  1948
 811  768  810
 768  811  769
 1612  1569  1611
 1569  1612  1570
 1233  1190  1232
 1190  1233  1191
 2246  2203  2245
 2203  2246  2204
 689  645  688
 645  689  646
 774  731  773
 731  774  732
 1407  1364  1406
 1364  1407  1365
 1998  1955  1997
 1955  1998  1956
 819  776  818
 776  819  777
 1958  1914  1957
 1914  1958  1915
 1916  2504  1915
 2504  1916  2505
 232  189  231
 189  232  190
 2592  2086  2128
 2086  2592  2087
 2004  2811  2003
 2812  2004  1962
 661  1249  660
 1249  661  1250
 1220  1177  1219
 1177  1220  2813
 2177  2134  2176
 2134  2177  2135
 953  910  952
 910  953  911
 2814  2815  293
 2816  2817  252
 2220  2177  2219
 2177  2220  2178
 1589  1546  1588
 1546  1589  1547
 1042  999  1041
 999  1042  1000
 749  706  748
 706  749  707
 750  707  749
 707  750  708
 2267  2224  2266
 2224  2267  2225
 747  704  746
 704  747  705
 2467  2424  2466
 2424  2467  2425
 1976  1932  1975
 1932  1976  1933
 1850  1807  1849
 1807  1850  1808
 1344  1300  1343
 1300  1344  1301
 840  797  839
 797  840  798
 2818  2189  2231
 2189  2819  2190
 2468  2425  2467
 2425  2468  2426
 2820  1011  675
 632  1012  2576
 2361  2558  2559
 2558  2361  2319
 720  677  719
 677  720  678
 2321  2278  2320
 2278  2321  2279
 974  931  973
 931  974  932
 1607  1564  1606
 1564  1607  1565
 682  638  681
 638  682  639
 1103  1060  1102
 1060  1103  1061
 2494  2451  2493
 2451  2494  2452
 1527  1484  1526
 1484  1527  1485
 728  685  727
 685  728  686
 1107  1064  1106
 1064  1107  1065
 2120  2077  2119
 2077  2120  2078
 941  898  940
 898  941  899
 1532  1489  1531
 1489  1532  1490
 437  394  436
 394  437  395
 944  901  943
 901  944  902
 735  692  734
 692  735  693
 1240  1197  1239
 1197  1240  1198
 1959  1915  1958
 1915  1959  1916
 316  273  315
 273  316  274
 2586  906  948
 906  2586  2636
 2214  2564  2565
 2564  2214  2172
 2466  2423  2465
 2423  2466  2424
 745  702  744
 702  745  703
 2019  1976  2018
 1976  2019  1977
 1923  2511  1922
 2511  1923  2512
 362  319  361
 319  362  320
 2359  2316  2358
 2316  2359  2317
 2347  2304  2346
 2304  2347  2305
 2012  1969  2011
 1969  2012  1970
 707  663  706
 663  707  664
 1927  2515  1926
 2515  1927  2516
 161  118  160
 118  161  119
 2310  2267  2309
 2267  2310  2268
 2479  2436  2478
 2436  2479  2437
 1837  1794  1836
 1794  1837  1795
 2271  2228  2270
 2228  2271  2229
 124  81  123
 81  124  82
 2821  1767  1809
 1767  2823  2822
 2824  2826  2825
 2827  2829  2828
 2830  2832  2831
 2833  2835  2834
 2836  2837  675
 632  2548  1012
 1309  1265  1308
 1265  1309  1266
 888  845  887
 845  888  846
 1395  1352  1394
 1352  1395  1353
 651  1239  650
 1239  651  1240
 1143  1100  1142
 1100  1143  1101
 976  933  975
 933  976  934
 2247  2204  2246
 2204  2247  2205
 2242  2199  2241
 2199  2242  2200
 979  936  978
 936  979  937
 980  937  979
 937  980  938
 1149  1106  1148
 1106  1149  1107
 1572  1529  1571
 1529  1572  1530
 99  56  98
 56  99  57
 394  351  393
 351  394  352
 1280  1868  1279
 1868  1280  1869
 1828  1785  1827
 1785  1828  1786
 2083  2040  2082
 2040  2083  2041
 2504  2461  2503
 2461  2504  2462
 567  524  566
 524  567  525
 274  231  273
 231  274  232
 2647  400  442
 400  2647  2640
 2130  2551  2129
 2551  2130  2088
 1173  1130  1172
 1130  1173  1131
 530  487  2838
 487  530  488
 2301  2258  2300
 2258  2301  2259
 447  404  446
 404  447  405
 2839  2399  2441
 2399  2840  2400
 2299  2256  2298
 2256  2299  2257
 1421  1378  1420
 1378  1421  1379
 2390  2347  2389
 2347  2390  2348
 2014  1971  2013
 1971  2014  1972
 1254  1211  1253
 1211  1254  1212
 2309  2266  2841
 2266  2309  2267
 2226  2183  2225
 2183  2226  2184
 289  246  288
 246  289  247
 1965  1921  1964
 1921  1965  1922
 2842  2063  2105
 2063  2843  2064
 1936  2524  1935
 2524  1936  2525
 1977  1933  1976
 1933  1977  1934
 842  799  841
 799  842  800
 2844  2846  2845
 2847  2848  2401
 1053  1095  675
 632  2549  2548
 2109  2530  2531
 2530  2109  2067
 930  887  929
 887  930  888
 1225  1182  1224
 1182  1225  1183
 2154  2111  2153
 2111  2154  2112
 2239  2196  2238
 2196  2239  2197
 1946  1902  1945
 1902  1946  1903
 893  850  892
 850  893  851
 2452  2409  2451
 2409  2452  2410
 2849  2494  1905
 2494  2851  2850
 1318  2852  1317
 2853  1318  1275
 1739  1696  1738
 1696  1739  1697
 1530  1487  1529
 1487  1530  1488
 1783  1740  1782
 1740  1783  1741
 1279  1867  1278
 1867  1279  1868
 1449  1406  1448
 1406  1449  1407
 1786  1743  1785
 1743  1786  1744
 1914  2502  1913
 2502  1914  2503
 862  819  861
 819  862  820
 1199  1156  1198
 1156  1199  1157
 1454  1411  1453
 1411  1454  1412
 2588  2506  1917
 2506  2588  2614
 1414  1371  1413
 1371  1414  1372
 2854  1034  1076
 1034  2855  1035
 1246  1203  1245
 1203  1246  1204
 1346  1302  1345
 1302  1346  1303
 2018  1975  2017
 1975  2018  1976
 1081  1038  1080
 1038  1081  1039
 1082  1039  1081
 1039  1082  1040
 535  492  534
 492  535  493
 31  619  30
 619  31  620
 621  578  620
 578  621  579
 2098  2055  2097
 2055  2098  2056
 1467  1424  1466
 1424  1467  1425
 498  455  497
 455  498  456
 795  752  794
 752  795  753
 1248  1205  1247
 1205  1248  1206
 2092  2049  2091
 2049  2092  2050
 2856  1219  1261
 1219  2858  2857
 2343  2300  2342
 2300  2343  2301
 1894  1851  2859
 1851  1894  2860
 2861  2863  2862
 2864  2866  2865
 1095  1137  675
 632  2597  2549
 887  844  886
 844  887  845
 1899  2487  1898
 2487  1899  2488
 805  762  804
 762  805  763
 1944  1900  1943
 1900  1944  1901
 723  680  722
 680  723  681
 732  689  731
 689  732  690
 977  934  976
 934  977  935
 472  429  471
 429  472  430
 1359  1316  1358
 1316  1359  1317
 306  263  305
 263  306  264
 1613  1570  1612
 1570  1613  1571
 1362  1319  1361
 1319  1362  1320
 1067  1024  1066
 1024  1067  1025
 1236  1193  1235
 1193  1236  1194
 1027  984  1026
 984  1027  985
 2460  2417  2459
 2417  2460  2418
 565  522  564
 522  565  523
 314  271  313
 271  314  272
 905  862  904
 862  905  863
 1412  1369  1411
 1369  1412  1370
 2540  106  148
 106  2540  2619
 824  781  823
 781  824  782
 741  698  740
 698  741  699
 2384  2341  2383
 2341  2384  2867
 112  69  111
 69  112  70
 2386  2343  2385
 2343  2386  2344
 323  280  322
 280  323  281
 1250  1207  1249
 1207  1250  1208
 367  324  366
 324  367  325
 1590  1547  1589
 1547  1590  1548
 327  284  326
 284  327  285
 580  537  579
 537  580  538
 203  160  202
 160  203  161
 1342  1298  1341
 1298  1342  1299
 921  878  920
 878  921  879
 880  837  879
 837  880  838
 923  880  922
 880  923  881
 1712  1669  1711
 1669  1712  1670
 2273  2230  2272
 2230  2273  2231
 2868  1093  1135
 1093  2870  2869
 1221  2871  1220
 2872  1221  1179
 2873  2874  675
 632  2538  2597
 1729  2600  2554
 2600  1729  1687
 1394  1351  1393
 1351  1394  1352
 1605  1562  1604
 1562  1605  1563
 806  763  805
 763  806  764
 2491  2448  2490
 2448  2491  2449
 2450  2407  2449
 2407  2450  2408
 1229  1186  1228
 1186  1229  1187
 1862  1819  1861
 1819  1862  1820
 1274  1862  1273
 1862  1274  1863
 2118  2075  2117
 2075  2118  2076
 349  306  348
 306  349  307
 1488  1445  1487
 1445  1488  1446
 393  350  392
 350  393  351
 1784  1741  1783
 1741  1784  1742
 479  436  478
 436  479  437
 270  227  269
 227  270  228
 1155  1112  1154
 1112  1155  1113
 566  523  565
 523  566  524
 483  440  482
 440  483  441
 568  525  567
 525  568  526
 2213  2170  2212
 2170  2213  2171
 2424  2381  2423
 2381  2424  2382
 1932  2520  1931
 2520  1932  2521
 2875  2876  1390
 2877  2878  1349
 870  827  869
 827  870  828
 1387  1344  1386
 1344  1387  1345
 1292  1880  1291
 1880  1292  1881
 1293  1881  1292
 1881  1293  1882
 2389  2346  2388
 2346  2389  2347
 1422  1379  1421
 1379  1422  1380
 201  158  200
 158  201  159
 1550  1507  1549
 1507  1550  1508
 539  496  538
 496  539  497
 1720  1677  1719
 1677  1720  1678
 1131  1088  1130
 1088  1131  1089
 2144  2101  2143
 2101  2144  2102
 280  237  279
 237  280  238
 2146  2103  2145
 2103  2146  2104
 2879  1979  2021
 1979  2880  1980
 2881  1136  2882
 1136  2884  2883
 801  2886  2885
 2887  801  2888
 1179  1221  675
 632  2539  2538
 1014  971  1013
 971  1014  972
 1772  1729  1771
 1729  1772  1730
 2237  2194  2236
 2194  2237  2195
 890  847  889
 847  890  848
 975  932  974
 932  975  933
 50  6  49
 6  50  7
 1145  1102  1144
 1102  1145  1103
 2032  1989  2031
 1989  2032  1990
 2889  726  768
 726  2890  727
 2034  1991  2033
 1991  2034  1992
 644  1232  643
 1232  644  1233
 1782  1739  1781
 1739  1782  1740
 519  476  518
 476  519  477
 1364  1321  1363
 1321  1364  1322
 311  268  310
 268  311  269
 2040  1997  2039
 1997  2040  1998
 1619  1576  1618
 1576  1619  1577
 1704  1661  1703
 1661  1704  1662
 189  146  188
 146  189  147
 1706  1663  1705
 1663  1706  1664
 2629  1116  1158
 1116  2629  2572
 1330  2891  1329
 2892  1330  1287
 879  836  878
 836  879  837
 1289  1877  1288
 1877  1289  1878
 1892  1849  1891
 1849  1892  1850
 334  291  333
 291  334  292
 1852  1809  1851
 1809  1852  1810
 1756  1713  1755
 1713  1756  1714
 619  576  618
 576  619  577
 200  157  199
 157  200  158
 1717  1674  1716
 1674  1717  1675
 918  875  917
 875  918  876
 919  876  918
 876  919  877
 667  1255  666
 1255  667  1256
 2311  2268  2310
 2268  2311  2269
 964  921  963
 921  964  922
 1627  1584  1626
 1584  1627  1585
 1303  1891  1302
 1891  1303  1892
 2229  2186  2228
 2186  2229  2187
 659  1247  658
 1247  659  1248
 1036  993  1035
 993  1036  994
 1221  1263  675
 632  2612  2539
 1435  1392  2630
 1392  1435  1393
 1646  1603  1645
 1603  1646  1604
 1311  1267  1310
 1267  1311  1268
 932  889  931
 889  932  890
 2281  2238  2280
 2238  2281  2239
 1398  1355  1397
 1355  1398  1356
 1904  2492  1903
 2492  1904  2493
 936  893  935
 893  936  894
 686  2893  685
 2894  686  643
 938  895  937
 895  938  896
 2035  1992  2034
 1992  2035  1993
 898  855  897
 855  898  856
 2415  2372  2414
 2372  2415  2373
 2248  2205  2247
 2205  2248  2206
 1617  1574  1616
 1574  1617  1575
 522  479  521
 479  522  480
 861  818  860
 818  861  819
 2252  2209  2251
 2209  2252  2210
 2505  2462  2504
 2462  2505  2463
 1917  2505  1916
 2505  1917  2506
 2622  2254  2296
 2254  2622  2593
 1035  992  2895
 992  1035  993
 1203  1160  1202
 1160  1203  1161
 2258  2215  2896
 2215  2258  2216
 743  700  742
 700  743  701
 377  334  376
 334  377  335
 1094  2897  1093
 1051  1094  1052
 2262  2219  2261
 2219  2262  2220
 1041  998  1040
 998  1041  999
 2222  2179  2221
 2179  2222  2180
 2433  2390  2432
 2390  2433  2391
 2224  2181  2223
 2181  2224  2182
 1003  960  1002
 960  1003  961
 2184  2141  2183
 2141  2184  2142
 2437  2394  2436
 2394  2437  2395
 1471  1428  1470
 1428  1471  1429
 375  332  374
 332  375  333
 1038  995  1037
 995  1038  996
 785  742  784
 742  785  743
 994  951  993
 951  994  952
 1306  2898  1305
 2899  1306  1895
 2900  2901  675
 1264  2637  2623
 2235  2546  2547
 2546  2235  2193
 1436  1393  1435
 1393  1436  1394
 1731  1688  1730
 1688  1731  1689
 2364  2321  2363
 2321  2364  2322
 511  468  510
 468  511  469
 1988  1945  1987
 1945  1988  1946
 851  808  850
 808  851  809
 1652  1609  1651
 1609  1652  1610
 2117  2074  2116
 2074  2117  2075
 11  599  10
 599  11  600
 1487  1444  1486
 1444  1487  1445
 1192  1149  1191
 1149  1192  1150
 1151  1108  1150
 1108  1151  1109
 1996  1953  1995
 1953  1996  1954
 985  942  984
 942  985  943
 564  521  563
 521  564  522
 1197  1154  1196
 1154  1197  1155
 608  565  607
 565  608  566
 1705  1662  1704
 1662  1705  1663
 738  695  737
 695  738  696
 2584  822  864
 822  2584  2583
 2902  654  2577
 654  2903  655
 668  1256  667
 1256  668  1257
 236  193  235
 193  236  194
 111  68  110
 68  111  69
 2483  2440  2482
 2440  2483  2441
 155  112  154
 112  155  113
 2430  2387  2429
 2387  2430  2388
 1083  1040  1082
 1040  1083  1041
 2096  2053  2095
 2053  2096  2054
 1675  1632  1674
 1632  1675  1633
 1128  1085  1127
 1085  1128  1086
 1129  1086  1128
 1086  1129  1087
 2142  2099  2141
 2099  2142  2100
 121  78  120
 78  121  79
 333  290  332
 290  333  291
 2469  2904  2468
 2905  2469  2427
 2357  2314  2356
 2314  2357  2315
 545  502  544
 502  545  503
 2906  2907  2189
 2908  2910  2909
 826  783  825
 783  826  784
 2911  2912  1307
 1264  2638  2637
 381  338  380
 338  381  339
 1856  1813  1855
 1813  1856  1814
 1900  2488  1899
 2488  1900  2489
 90  47  89
 47  90  48
 2407  2364  2406
 2364  2407  2365
 1692  1649  1691
 1649  1692  1650
 513  470  512
 470  513  471
 852  809  851
 809  852  810
 473  430  472
 430  473  431
 222  179  221
 179  222  180
 1319  1275  1318
 1275  1319  1276
 856  813  855
 813  856  814
 57  13  56
 13  57  14
 15  603  14
 603  15  604
 185  142  184
 142  185  143
 606  563  605
 563  606  564
 523  480  522
 480  523  481
 904  861  903
 861  904  862
 1073  1030  1072
 1030  1073  1031
 1790  1747  1789
 1747  1790  1748
 2572  1074  1116
 1074  2572  2571
 2913  1539  1581
 1539  2914  1540
 1415  1372  1414
 1372  1415  1373
 742  699  741
 699  742  700
 1597  1554  1596
 1554  1597  1555
 196  153  195
 153  196  154
 2429  2386  2428
 2386  2429  2387
 408  365  407
 365  408  366
 73  29  72
 29  73  30
 494  451  493
 451  494  452
 579  536  578
 536  579  537
 1297  1885  1296
 1885  1297  1886
 245  202  244
 202  245  203
 204  161  203
 161  204  162
 2227  2184  2226
 2184  2227  2185
 965  922  964
 922  965  923
 321  278  320
 278  321  279
 882  839  881
 839  882  840
 2188  2145  2187
 2145  2188  2146
 546  503  545
 503  546  504
 2915  2917  2916
 2918  2920  2919
 1349  2921  1307
 1264  2645  2638
 1813  2555  2594
 2555  1813  1771
 2320  2277  2319
 2277  2320  2278
 636  1224  635
 1224  636  1225
 1858  1815  1857
 1815  1858  1816
 1859  1816  1858
 1816  1859  1817
 2114  2071  2113
 2071  2114  2072
 177  134  176
 134  177  135
 52  8  51
 8  52  9
 221  178  220
 178  221  179
 264  221  263
 221  264  222
 2119  2076  2118
 2076  2119  2077
 308  265  307
 265  308  266
 2331  2288  2330
 2288  2331  2289
 1616  1573  1615
 1573  1616  1574
 1237  1194  1236
 1194  1237  1195
 186  143  185
 143  186  144
 103  60  102
 60  103  61
 1788  1745  1787
 1745  1788  1746
 1495  1452  1494
 1452  1495  1453
 2128  2085  2127
 2085  2128  2086
 2627  1538  1580
 1538  2627  2553
 528  485  2922
 485  528  486
 2059  2016  2058
 2016  2059  2017
 110  67  109
 67  110  68
 2313  2270  2312
 2270  2313  2271
 2104  2061  2103
 2061  2104  2062
 2510  2467  2509
 2467  2510  2468
 2514  2471  2513
 2471  2514  2472
 115  72  114
 72  115  73
 1758  1715  1757
 1715  1758  1716
 285  242  284
 242  285  243
 538  495  537
 495  538  496
 2225  2182  2224
 2182  2225  2183
 1678  1635  1677
 1635  1678  1636
 403  360  402
 360  403  2923
 364  321  363
 321  364  322
 574  531  573
 531  574  532
 1586  1543  1585
 1543  1586  1544
 1641  1598  1640
 1598  1641  1599
 2274  2231  2273
 2231  2274  2232
 211  168  210
 168  211  2924
 1391  1433  1307
 1264  1434  2645
 507  464  2532
 464  507  465
 172  129  171
 129  172  130
 467  424  466
 424  467  425
 132  89  131
 89  132  90
 595  552  594
 552  595  553
 386  343  385
 343  386  344
 261  218  260
 218  261  219
 1778  1735  1777
 1735  1778  1736
 2327  2284  2326
 2284  2327  2285
 96  53  95
 53  96  54
 1865  1822  1864
 1822  1865  1823
 1277  1865  1276
 1865  1277  1866
 1193  1150  1192
 1150  1193  1151
 58  14  57
 14  58  15
 395  352  394
 352  395  353
 1956  1912  1955
 1912  1956  1913
 1282  1870  1281
 1870  1282  1871
 398  355  397
 355  398  356
 399  356  398
 356  399  357
 1748  1705  1747
 1705  1748  1706
 2563  1200  1242
 1200  2563  2562
 2382  2339  2925
 2339  2382  2340
 2353  2310  2352
 2310  2353  2311
 152  2926  151
 2927  152  110
 81  37  80
 37  81  38
 2354  2311  2353
 2311  2354  2312
 2216  2173  2215
 2173  2216  2174
 2388  2928  2387
 2929  2388  2346
 1505  1462  1504
 1462  1505  1463
 1252  1209  1251
 1209  1252  1210
 1801  1758  1800
 1758  1801  1759
 1382  1339  1381
 1339  1382  1340
 1213  1170  1212
 1170  1213  1171
 246  203  245
 203  246  204
 1331  1287  1330
 1287  1331  1288
 1638  1595  1637
 1595  1638  1596
 1765  1722  1764
 1722  1765  1723
 1682  1639  1681
 1639  1682  1640
 1979  1935  1978
 1935  1979  2930
 41  629  40
 629  41  630
 1584  1541  2931
 1541  1584  1542
 2932  1475  1307
 1264  1476  1434
 2319  2276  2558
 2276  2319  2277
 550  507  549
 507  550  508
 1183  1140  1182
 1140  1183  1141
 1648  1605  1647
 1605  1648  1606
 1270  1858  1269
 1858  1270  1859
 2156  2113  2155
 2113  2156  2114
 555  512  554
 512  555  513
 1188  1145  1187
 1145  1188  1146
 2033  1990  2032
 1990  2033  1991
 2412  2369  2411
 2369  2412  2370
 307  264  306
 264  307  265
 2204  2161  2203
 2161  2204  2162
 309  266  308
 266  309  267
 2500  2457  2499
 2457  2500  2458
 1575  1532  1574
 1532  1575  1533
 1945  1901  1944
 1901  1945  1902
 607  564  606
 564  607  565
 1030  987  1029
 987  1030  988
 609  566  608
 566  609  567
 442  399  441
 399  442  400
 2616  568  610
 568  2616  2615
 2933  991  1033
 991  2934  992
 2425  2382  2935
 2382  2425  2383
 1162  1119  2936
 1119  1162  1120
 755  712  754
 712  755  713
 1879  1836  1878
 1836  1879  1837
 2009  1966  2008
 1966  2009  1967
 2010  1967  2009
 1967  2010  1968
 30  618  29
 618  30  619
 1464  1421  1463
 1421  1464  1422
 159  116  158
 116  159  117
 244  201  243
 201  244  202
 287  244  286
 244  287  245
 624  581  623
 581  624  582
 2937  2938  276
 2939  2940  235
 2145  2102  2144
 2102  2145  2103
 1008  965  1007
 965  1008  966
 1430  1387  1429
 1387  1430  1388
 2315  2272  2314
 2272  2315  2273
 281  238  280
 238  281  239
 488  445  487
 445  488  446
 2941  2942  1307
 1264  2581  1476
 423  380  422
 380  423  381
 804  761  803
 761  804  762
 4  592  3
 592  4  593
 468  425  467
 425  468  426
 1313  1269  1312
 1269  1313  1270
 639  1227  638
 1227  639  1228
 1357  1314  1356
 1314  1357  1315
 514  471  513
 471  514  472
 2943  1652  1694
 1652  2944  1653
 180  137  179
 137  180  138
 1697  1654  1696
 1654  1697  1655
 2036  1993  2035
 1993  2036  1994
 1363  1320  1362
 1320  1363  1321
 1954  1910  1953
 1910  1954  1911
 1323  1279  1322
 1279  1323  1280
 818  775  817
 775  818  776
 18  606  17
 606  18  607
 524  481  523
 481  524  482
 147  104  146
 104  147  105
 1285  1873  1284
 1873  1285  1874
 2639  316  358
 316  2639  317
 1624  2945  1623
 2946  1624  1582
 2089  2046  2088
 2046  2089  2947
 2948  2299  2341
 2299  2949  2300
 1164  1121  1163
 1121  1164  1122
 2228  2185  2227
 2185  2228  2186
 2950  2357  2399
 2357  2952  2951
 1420  1377  1419
 1377  1420  1378
 999  956  998
 956  999  957
 832  789  831
 789  832  790
 2139  2096  2138
 2096  2139  2097
 328  285  327
 285  328  286
 1761  1718  1760
 1718  1761  1719
 78  34  77
 34  78  35
 625  582  624
 582  625  583
 416  373  415
 373  416  374
 291  248  290
 248  291  249
 279  236  278
 236  279  237
 1767  1724  1766
 1724  1767  1725
 2135  2092  2134
 2092  2135  2093
 2953  2273  2315
 2273  2955  2954
 1517  1559  1307
 1264  2582  2581
 845  802  844
 802  845  803
 256  213  255
 213  256  214
 1689  1646  1688
 1646  1689  1647
 342  299  341
 299  342  300
 1439  1396  1438
 1396  1439  1397
 1860  1817  1859
 1817  1860  1818
 93  50  92
 50  93  51
 1146  1103  1145
 1103  1146  1104
 1189  1146  1188
 1146  1189  1147
 1738  1695  1737
 1695  1738  1696
 1065  1022  1064
 1022  1065  1023
 434  391  433
 391  434  392
 1489  1446  1488
 1446  1489  1447
 816  773  815
 773  816  774
 648  1236  647
 1236  648  1237
 1660  1617  1659
 1617  1660  1618
 1071  1028  1070
 1028  1071  1029
 230  187  229
 187  230  188
 695  651  694
 651  695  652
 990  947  989
 947  990  948
 65  21  64
 21  65  22
 1792  2956  2561
 2957  1792  1750
 319  276  318
 276  319  277
 1078  1035  1077
 1035  1078  1036
 38  626  37
 626  38  627
 1640  1597  1639
 1597  1640  1598
 954  911  953
 911  954  912
 1124  1081  1123
 1081  1124  1082
 1251  1208  1250
 1208  1251  1209
 1842  1799  1841
 1799  1842  1800
 1296  1884  1295
 1884  1296  1885
 1508  1465  1507
 1465  1508  1466
 1425  1382  1424
 1382  1425  1383
 1846  1803  1845
 1803  1846  1804
 2958  1666  1708
 1666  2960  2959
 1428  1385  1427
 1385  1428  1386
 1290  1878  1289
 1878  1290  1879
 405  362  404
 362  405  363
 1010  967  1009
 967  1010  2961
 829  786  828
 786  829  787
 2962  2963  1894
 2964  2966  2965
 2967  2968  1307
 1264  1602  2582
 465  422  464
 422  465  423
 592  549  591
 549  592  550
 1773  1730  1772
 1730  1773  1731
 426  383  425
 383  426  384
 849  806  848
 806  849  807
 1228  1185  1227
 1185  1228  1186
 8  596  7
 596  8  597
 304  261  303
 261  304  262
 685  641  684
 641  685  2969
 1444  1401  1443
 1401  1444  1402
 2497  2454  2496
 2454  2497  2455
 1150  1107  1149
 1107  1150  1108
 603  560  602
 560  603  561
 1490  1447  1489
 1447  1490  1448
 2375  2332  2374
 2332  2375  2333
 17  605  16
 605  17  606
 1493  1450  1492
 1450  1493  1451
 1746  1703  1745
 1703  1746  1704
 1537  1494  1536
 1494  1537  1495
 610  567  609
 567  610  568
 2646  190  232
 190  2646  2541
 1202  1159  1201
 1159  1202  1160
 1245  1202  1244
 1202  1245  1203
 1836  2970  1835
 2971  1836  1794
 797  754  796
 754  797  755
 2007  1964  2006
 1964  2007  1965
 714  670  713
 670  714  671
 1336  1292  1335
 1292  1336  1293
 1883  1840  1882
 1840  1883  1841
 1210  1167  1209
 1167  1210  1168
 1885  1842  1884
 1842  1885  1843
 1886  1843  1885
 1843  1886  1844
 581  538  580
 538  581  539
 878  835  877
 835  878  836
 415  372  414
 372  415  373
 542  499  541
 499  542  500
 1206  1163  1205
 1163  1206  1164
 922  879  921
 879  922  880
 712  668  711
 668  712  669
 2972  1389  1431
 1389  2974  2973
 1332  1288  1331
 1288  1332  1289
 1601  1643  1307
 1264  1644  1602
 1097  1054  1096
 1054  1097  1055
 1984  1941  1983
 1941  1984  1942
 173  130  172
 130  173  131
 1816  1773  1815
 1773  1816  1774
 2071  2028  2070
 2028  2071  2029
 1271  1859  1270
 1859  1271  1860
 767  724  766
 724  767  725
 556  513  555
 513  556  514
 557  514  556
 514  557  515
 1570  1527  1569
 1527  1570  1528
 12  600  11
 600  12  601
 266  223  265
 223  266  224
 1867  1824  1866
 1824  1867  1825
 1322  1278  1321
 1278  1322  1279
 1743  1700  1742
 1700  1743  1701
 2334  2291  2333
 2291  2334  2292
 2461  2418  2460
 2418  2461  2419
 1072  1029  1071
 1029  1072  1030
 1241  1198  1240
 1198  1241  1199
 2380  2337  2379
 2337  2380  2338
 2633  1664  1706
 1664  2633  2632
 1118  2975  1117
 2976  1118  1076
 67  2977  66
 2978  67  2979
 1626  1583  1625
 1583  1626  1584
 1670  1627  1669
 1627  1670  1628
 1418  1375  1417
 1375  1418  1376
 1377  1334  1376
 1334  1377  1335
 1882  1839  1881
 1839  1882  1840
 2515  2472  2514
 2472  2515  2473
 1506  1463  1505
 1463  1506  1464
 32  620  31
 620  32  621
 1929  2517  1928
 2517  1929  2518
 1171  1128  1170
 1128  1171  1129
 456  413  455
 413  456  414
 361  2980  360
 2981  361  2982
 123  80  122
 80  123  81
 1291  1879  1290
 1879  1291  1880
 1514  1471  1513
 1471  1514  1472
 1981  2984  2983
 2985  1981  2986
 2987  83  2988
 83  2989  84
 2990  2991  1516
 2992  2994  2993
 2995  2996  1307
 1264  1686  1644
 929  886  2575
 886  929  887
 3  591  2
 591  3  592
 1268  1856  1267
 1856  1268  1857
 2406  2363  2405
 2363  2406  2364
 1817  1774  1816
 1774  1817  1775
 1650  1607  1649
 1607  1650  1608
 809  766  808
 766  809  767
 810  767  809
 767  810  768
 599  556  598
 556  599  557
 2328  2285  2327
 2285  2328  2286
 855  812  854
 812  855  813
 1740  1697  1739
 1697  1740  1698
 1405  1362  1404
 1362  1405  1363
 1110  1067  1109
 1067  1110  1068
 353  310  352
 310  353  311
 2292  2249  2291
 2249  2292  2250
 61  17  60
 17  61  18
 2462  2419  2461
 2419  2462  2420
 2463  2420  2462
 2420  2463  2421
 1074  1031  1073
 1031  1074  1032
 2628  1580  1622
 1580  2628  2627
 908  865  907
 865  908  866
 1889  1846  1888
 1846  1889  1847
 68  2998  2997
 2999  68  25
 249  206  248
 206  249  207
 26  614  25
 614  26  615
 1305  1893  1304
 1893  1305  3000
 29  617  28
 617  29  618
 1757  1714  1756
 1714  1757  1715
 1295  1883  1294
 1883  1295  1884
 411  368  410
 368  411  369
 1424  1381  1423
 1381  1424  1382
 1551  1508  1550
 1508  1551  1509
 1130  1087  1129
 1087  1130  1088
 163  120  162
 120  163  121
 786  743  785
 743  786  744
 2427  2384  3001
 2384  2427  2385
 406  363  405
 363  406  364
 3002  840  882
 840  3004  3003
 1461  1418  1460
 1418  1461  1419
 25  613  3005
 613  25  614
 1685  1727  1307
 1264  1728  1686
 1393  1350  1392
 1350  1393  1351
 1310  1266  1309
 1266  1310  1267
 1943  1899  1942
 1899  1943  1900
 1690  1647  1689
 1647  1690  1648
 175  132  174
 132  175  133
 1566  1523  1565
 1523  1566  1524
 219  176  218
 176  219  177
 598  555  597
 555  598  556
 1401  1358  1400
 1358  1401  1359
 1950  1906  1949
 1906  1950  1907
 1276  1864  1275
 1864  1276  1865
 182  139  181
 139  182  140
 435  392  434
 392  435  393
 1658  1615  1657
 1615  1658  1616
 943  900  942
 900  943  901
 1870  1827  1869
 1827  1870  1828
 1367  1324  1366
 1324  1367  1325
 1662  1619  1661
 1619  1662  1620
 1327  1283  1326
 1283  1327  1284
 1200  1157  1199
 1157  1200  1158
 2643  484  526
 484  2643  2642
 1666  1623  1665
 1623  1666  1624
 3006  2088  2130
 2088  3008  3007
 1878  1835  1877
 1835  1878  1836
 1472  1429  1471
 1429  1472  1430
 1933  2521  1932
 2521  1933  2522
 1881  1838  1880
 1838  1881  1839
 366  323  365
 323  366  324
 493  450  492
 450  493  451
 958  915  957
 915  958  916
 2391  2348  2390
 2348  2391  2349
 834  791  833
 791  834  792
 1887  1844  1886
 1844  1887  1845
 1384  1341  1383
 1341  1384  1342
 3009  3010  444
 3011  3012  403
 1345  1301  1344
 1301  1345  1302
 1302  1890  1301
 1890  1302  1891
 1556  1513  1555
 1513  1556  1514
 1473  1430  1472
 1430  1473  1431
 3013  545  3014
 545  3016  3015
 3017  3019  3018
 3020  3021  674
 3022  1769  1307
 1264  1770  1728
 1181  1138  1180
 1138  1181  1139
 2152  2109  2151
 2109  2152  2110
 847  804  846
 804  847  805
 1522  1479  1521
 1479  1522  1480
 2365  2322  2364
 2322  2365  2323
 134  91  133
 91  134  92
 1272  1860  1271
 1860  1272  1861
 1316  1272  1315
 1272  1316  1273
 305  262  304
 262  305  263
 138  95  3023
 95  138  96
 601  558  600
 558  601  559
 1824  1781  1823
 1781  1824  1782
 561  518  560
 518  561  519
 1406  1363  1405
 1363  1406  1364
 1827  1784  1826
 1784  1827  1785
 1238  1195  1237
 1195  1238  1196
 1829  1786  1828
 1786  1829  1787
 2126  2083  2125
 2083  2126  2084
 1411  1368  1410
 1368  1411  1369
 358  315  357
 315  358  316
 2632  1622  1664
 1622  2632  2628
 1708  3025  3024
 3026  1708  1666
 1763  1720  1762
 1720  1763  1721
 3027  1558  3028
 1558  3030  3029
 489  446  488
 446  489  447
 2481  2438  2480
 2438  2481  2439
 617  574  616
 574  617  575
 1208  1165  1207
 1165  1208  1166
 325  282  324
 282  325  283
 1126  1083  1125
 1083  1126  1084
 243  200  242
 200  243  201
 454  411  453
 411  454  412
 835  792  834
 792  835  793
 1762  1719  1761
 1719  1762  1720
 499  456  498
 456  499  457
 881  838  880
 838  881  839
 1849  1806  1848
 1806  1849  1807
 586  543  585
 543  586  544
 209  166  208
 166  209  167
 2219  2176  2218
 2176  2219  2177
 1500  1457  1499
 1457  1500  1458
 3031  3032  1307
 1264  1812  1770
 1855  2594  1854
 2594  1855  1813
 46  2  45
 2  46  3
 383  340  382
 340  383  341
 1354  1311  1353
 1311  1354  1312
 1481  1438  1480
 1438  1481  1439
 1776  1733  1775
 1733  1776  1734
 387  344  386
 344  387  345
 94  51  93
 51  94  52
 3033  2326  2368
 2326  3035  3034
 812  769  811
 769  812  770
 55  11  54
 11  55  12
 2162  2119  2161
 2119  2162  2120
 2037  1994  2036
 1994  2037  1995
 520  477  519
 477  520  478
 16  604  15
 604  16  605
 1492  1449  1491
 1449  1492  1450
 1325  1281  1324
 1281  1325  1282
 62  18  61
 18  62  19
 1621  1578  1620
 1578  1621  1579
 1116  1073  1115
 1073  1116  1074
 22  610  21
 610  22  2616
 1244  1201  1243
 1201  1244  1202
 656  1244  3036
 1244  656  3037
 3038  3040  3039
 3041  3043  3042
 544  501  543
 501  544  502
 2103  2060  2102
 2060  2103  2061
 449  406  448
 406  449  407
 534  491  533
 491  534  492
 1294  1882  1293
 1882  1294  1883
 620  577  619
 577  620  578
 369  326  368
 326  369  327
 1760  1717  1759
 1717  1760  1718
 877  834  876
 834  877  835
 120  77  119
 77  120  78
 783  740  782
 740  783  741
 1890  1847  1889
 1847  1890  1848
 1555  1512  1554
 1512  1555  1513
 2020  1977  2019
 1977  2020  1978
 966  923  965
 923  966  924
 1671  1628  1670
 1628  1671  1629
 784  741  783
 741  784  742
 1811  1853  1307
 1264  2624  1812
 45  1  44
 1  45  2
 972  929  971
 929  972  930
 1563  1520  1562
 1520  1563  1521
 1100  1057  1099
 1057  1100  1058
 2113  2070  2112
 2070  2113  2071
 1608  1565  1607
 1565  1608  1566
 471  428  470
 428  471  429
 2326  2283  2325
 2283  2326  2284
 1147  1104  1146
 1104  1147  1105
 558  515  557
 515  558  516
 2077  2034  2076
 2034  2077  2035
 2414  2371  2413
 2371  2414  2372
 1573  1530  1572
 1530  1573  1531
 1068  1025  1067
 1025  1068  1026
 269  226  268
 226  269  227
 1112  1069  1111
 1069  1112  1070
 439  396  438
 396  439  397
 1578  1535  1577
 1535  1578  1536
 231  188  230
 188  231  189
 484  441  483
 441  484  442
 2583  780  822
 780  2583  2570
 1540  3044  1539
 3045  1540  1498
 1373  1330  3046
 1330  1373  1331
 3047  1936  1979
 1936  3049  3048
 1122  1079  1121
 1079  1122  1080
 1132  1089  1131
 1089  1132  1090
 1545  1502  1544
 1502  1545  1503
 1166  1123  1165
 1123  1166  1124
 915  872  914
 872  915  873
 2054  2011  2053
 2011  2054  2012
 1549  1506  1548
 1506  1549  1507
 1466  1423  1465
 1423  1466  1424
 1803  1760  1802
 1760  1803  1761
 1172  1129  1171
 1129  1172  1130
 487  3050  486
 3051  487  445
 374  331  373
 331  374  332
 1585  1542  1584
 1542  1585  1543
 1007  964  1006
 964  1007  965
 799  756  798
 756  799  3052
 3053  1304  1347
 1304  3055  3054
 1137  3057  3056
 3058  1137  1095
 3059  3060  1307
 1264  2623  2624
 1941  1897  2536
 1897  1941  1898
 1730  1687  1729
 1687  1730  1688
 1479  1436  1478
 1436  1479  1437
 1564  1521  1563
 1521  1564  1522
 469  426  468
 426  469  427
 260  217  259
 217  260  218
 1441  1398  1440
 1398  1441  1399
 178  135  177
 135  178  136
 263  220  262
 220  263  221
 1148  1105  1147
 1105  1148  1106
 1361  1318  1360
 1318  1361  1319
 1234  1191  1233
 1191  1234  1192
 1825  1782  1824
 1782  1825  1783
 1574  1531  1573
 1531  1574  1532
 901  858  900
 858  901  859
 1196  1153  1195
 1153  1196  1154
 1577  1534  1576
 1534  1577  1535
 1410  1367  1409
 1367  1410  1368
 1747  1704  1746
 1704  1747  1705
 148  105  147
 105  148  106
 275  232  274
 232  275  2646
 3061  3063  3062
 3064  1160  3065
 1300  1888  1299
 1888  1300  1889
 1204  1161  1203
 1161  1204  1162
 1807  1764  1806
 1764  1807  1765
 1680  1637  1679
 1637  1680  1638
 3066  2260  2302
 2260  3067  2261
 324  281  323
 281  324  282
 1167  1124  1166
 1124  1167  1125
 1970  1926  1969
 1926  1970  1927
 1169  1126  1168
 1126  1169  1127
 160  117  159
 117  160  118
 1845  1802  1844
 1802  1845  1803
 1594  1551  1593
 1551  1594  1552
 3068  3069  1118
 3070  3071  1077
 2385  2342  2384
 2342  2385  2343
 585  542  584
 542  585  543
 1417  1374  1416
 1374  1417  1375
 1851  1808  1850
 1808  1851  1809
 3072  841  883
 841  3074  3073
 1769  1726  1768
 1726  1769  3075
 1895  1306  1307
 1896  1940  2601
 1898  2585  1897
 2585  1898  2487
 1140  1097  1139
 1097  1140  1098
 931  888  930
 888  931  889
 637  1225  636
 1225  637  1226
 354  311  353
 311  354  312
 808  765  807
 765  808  766
 1061  1018  1060
 1018  1061  1019
 1230  1187  1229
 1187  1230  1188
 1611  1568  1610
 1568  1611  1569
 390  347  389
 347  390  348
 2287  2244  2286
 2244  2287  2245
 688  644  687
 644  688  645
 267  224  266
 224  267  225
 1700  1657  1699
 1657  1700  1658
 817  774  816
 774  817  775
 1154  1111  1153
 1111  1154  1112
 1029  986  1028
 986  1029  987
 946  903  945
 903  946  904
 2043  2000  2042
 2000  2043  2001
 696  652  695
 652  696  653
 2617  1242  653
 1242  2617  2563
 2088  2550  2551
 2550  2088  2046
 2143  2100  2142
 2100  2143  2101
 657  1245  656
 1245  657  1246
 2176  2133  2175
 2133  2176  2134
 1389  1346  1388
 1346  1389  1347
 3076  925  967
 925  3078  3077
 2178  2135  2177
 2135  2178  2136
 2431  2388  2430
 2388  2431  2389
 874  831  873
 831  874  832
 2349  2306  2348
 2306  2349  2307
 792  749  791
 749  792  750
 793  750  792
 750  793  751
 752  709  751
 709  752  710
 2046  2003  3079
 2003  2046  2004
 2314  2271  2313
 2271  2314  2272
 1177  1134  1176
 1134  1177  1135
 1090  1047  1089
 1047  1090  1048
 1966  1922  1965
 1922  1966  1923
 253  3081  3080
 3082  253  3083
 2482  2439  2481
 2439  2482  2440
 3084  1981  1939
 1896  1982  1940
 761  718  760
 718  761  719
 1562  1519  1561
 1519  1562  1520
 1057  1014  1056
 1014  1057  1015
 2196  2153  2195
 2153  2196  2154
 1902  2490  1901
 2490  1902  2491
 1440  1397  1439
 1397  1440  1398
 2241  2198  2240
 2198  2241  2199
 1104  1061  1103
 1061  1104  1062
 3085  94  136
 94  3086  95
 643  1231  642
 1231  643  1232
 771  728  770
 728  771  729
 1952  1908  1951
 1908  1952  1909
 857  814  856
 814  857  815
 1868  1825  1867
 1825  1868  1826
 1533  1490  1532
 1490  1533  1491
 933  890  932
 890  933  891
 2293  2250  2292
 2250  2293  2251
 2294  2251  2293
 2251  2294  2252
 652  1240  651
 1240  652  1241
 679  635  678
 635  679  636
 2087  2044  2086
 2044  2087  2045
 3087  3088  1833
 3089  3091  3090
 825  782  824
 782  825  783
 2051  2008  2050
 2008  2051  2009
 1175  1132  1174
 1132  1175  1133
 1557  1514  1556
 1514  1557  1515
 1937  2525  1936
 2525  1937  2526
 240  197  239
 197  240  198
 662  1250  661
 1250  662  1251
 2180  2137  2179
 2137  2180  2138
 2265  2222  2264
 2222  2265  2223
 2266  2223  2265
 2223  2266  2224
 1973  1929  1972
 1929  1973  1930
 1974  1930  1973
 1930  1974  1931
 1511  1468  1510
 1468  1511  1469
 1460  1417  1459
 1417  1460  1418
 2512  2469  2511
 2469  2512  2470
 1121  1078  1120
 1078  1121  1079
 1123  1080  1122
 1080  1123  1081
 1009  966  1008
 966  1009  967
 910  867  909
 867  910  868
 3092  2023  1939
 1896  2641  1982
 1223  1180  1222
 1180  1223  1181
 1520  1477  1519
 1477  1520  1478
 2153  2110  2152
 2110  2153  2111
 1986  1943  1985
 1943  1986  1944
 1691  1648  1690
 1648  1691  1649
 344  301  343
 301  344  302
 1947  1903  1946
 1903  1947  1904
 684  640  683
 640  684  641
 1231  1188  1230
 1188  1231  1189
 1022  979  1021
 979  1022  980
 391  348  390
 348  391  349
 772  729  771
 729  772  730
 1657  1614  1656
 1614  1657  1615
 478  435  477
 435  478  436
 1912  2500  1911
 2500  1912  2501
 1913  2501  1912
 2501  1913  2502
 2167  2124  2166
 2124  2167  2125
 1872  1829  1871
 1829  1872  1830
 1901  2489  1900
 2489  1901  2490
 1328  1284  1327
 1284  1328  1285
 1960  1916  1959
 1916  1960  1917
 529  486  3093
 486  529  3094
 2395  2352  2394
 2352  2395  2353
 2023  1980  3095
 1980  2023  3096
 2189  2146  2188
 2146  2189  2147
 3097  1217  1259
 1217  3099  3098
 700  656  3100
 656  700  657
 993  950  3101
 950  993  951
 2095  2052  2094
 2052  2095  2053
 916  873  915
 873  916  874
 2475  2432  2474
 2432  2475  2433
 665  1253  664
 1253  665  1254
 2183  2140  2182
 2140  2183  2141
 1804  1761  1803
 1761  1804  1762
 1637  1594  1636
 1594  1637  1595
 1049  1006  1048
 1006  1049  1007
 1079  1036  1078
 1036  1079  1037
 1515  1472  1514
 1472  1515  1473
 1135  1092  1134
 1092  1135  1093
 2218  2175  2217
 2175  2218  2176
 2471  2428  2470
 2428  2471  2429
 3102  3103  1939
 1896  2066  2641
 2277  2547  2276
 2547  2277  2235
 678  634  677
 634  678  635
 721  678  720
 678  721  679
 848  805  847
 805  848  806
 1101  1058  1100
 1058  1101  1059
 1102  1059  1101
 1059  1102  1060
 1019  976  1018
 976  1019  977
 2116  2073  2115
 2073  2116  2074
 1443  1400  1442
 1400  1443  1401
 1486  1443  3104
 1443  1486  1444
 2455  2412  2454
 2412  2455  2413
 982  939  981
 939  982  940
 646  1234  645
 1234  646  1235
 647  1235  646
 1235  647  1236
 2039  1996  2038
 1996  2039  1997
 692  648  691
 648  692  649
 1113  1070  1112
 1070  1113  1071
 1620  1577  1619
 1577  1620  1578
 863  820  862
 820  863  821
 653  1241  652
 1241  653  1242
 2614  2464  2506
 2464  2614  2579
 2298  2255  2297
 2255  2298  2256
 1047  1004  1046
 1004  1047  1005
 572  529  571
 529  572  530
 1543  1500  1542
 1500  1543  1501
 2060  2017  2059
 2017  2060  2018
 3105  2302  2344
 2302  3107  3106
 1630  1587  1629
 1587  1630  1588
 2137  2094  2136
 2094  2137  2095
 284  241  283
 241  284  242
 2055  2012  2054
 2012  2055  2013
 1718  1675  1717
 1675  1718  1676
 2141  2098  2140
 2098  2141  2099
 1888  1845  1887
 1845  1888  1846
 1583  1540  1582
 1540  1583  3108
 1216  1173  1215
 1173  1216  1174
 1080  1037  1079
 1037  1080  1038
 2428  2385  2427
 2385  2428  2386
 335  292  334
 292  335  293
 3109  2022  3110
 2022  3112  3111
 3113  884  926
 884  3115  3114
 2065  2107  1939
 1896  2108  2066
 1603  1560  2566
 1560  1603  1561
 2026  1983  2025
 1983  2026  1984
 1141  1098  1140
 1098  1141  1099
 1396  1353  1395
 1353  1396  1354
 2449  2406  2448
 2406  2449  2407
 892  849  891
 849  892  850
 935  892  934
 892  935  893
 978  935  977
 935  978  936
 179  136  178
 136  179  137
 1106  1063  1105
 1063  1106  1064
 1191  1148  1190
 1148  1191  1149
 1066  1023  1065
 1023  1066  1024
 731  688  730
 688  731  689
 984  941  983
 941  984  942
 859  816  858
 816  859  817
 2376  2333  2375
 2333  2376  2334
 2209  2166  2208
 2166  2209  2167
 820  777  819
 777  820  778
 947  904  946
 904  947  905
 2464  2421  2463
 2421  2464  2422
 2045  2002  2044
 2002  2045  2606
 866  823  865
 823  866  824
 1541  1498  1540
 1498  1541  1499
 1374  1331  1373
 1331  1374  1332
 1554  1511  1553
 1511  1554  1512
 1838  1795  1837
 1795  1838  1796
 3116  40  83
 40  3118  3117
 998  955  997
 955  998  956
 957  914  956
 914  957  915
 326  283  325
 283  326  284
 1423  1380  1422
 1380  1423  1381
 1972  1928  1971
 1928  1972  1929
 2519  2476  2518
 2476  2519  2477
 372  329  371
 329  372  330
 3119  3120  2046
 3121  3122  2005
 754  711  753
 711  754  712
 2187  2144  2186
 2144  2187  2145
 1176  1133  1175
 1133  1176  1134
 1093  1050  1092
 1050  1093  1051
 239  196  238
 196  239  197
 3123  1009  1051
 1009  3125  3124
 3126  2149  1939
 1896  2626  2108
 634  1222  633
 1222  634  1223
 635  1223  634
 1223  635  1224
 763  720  762
 720  763  721
 1312  1268  1311
 1268  1312  1269
 259  216  258
 216  259  217
 92  49  91
 49  92  50
 2451  2408  2450
 2408  2451  2409
 1526  1483  1525
 1483  1526  1484
 2075  2032  2074
 2032  2075  3127
 1992  3128  1991
 3129  1992  1950
 687  643  686
 643  687  644
 1404  1361  1403
 1361  1404  1362
 351  308  350
 308  351  309
 690  646  689
 646  690  647
 733  690  732
 690  733  691
 2208  2165  2207
 2165  2208  2166
 2503  2460  2502
 2460  2503  2461
 1114  1071  1113
 1071  1114  1072
 1031  988  1030
 988  1031  989
 2002  1959  2001
 1959  2002  1960
 2562  1158  1200
 1158  2562  2629
 1920  3131  3130
 3132  1920  2509
 951  908  950
 908  951  909
 1503  1460  1502
 1460  1503  1461
 2006  3133  2005
 3134  2006  1964
 2230  2187  2229
 2187  2230  2188
 127  84  3135
 84  127  3136
 3137  2190  3138
 2190  3139  2191
 2011  1968  2010
 1968  2011  1969
 2348  2305  2347
 2305  2348  2306
 875  832  874
 832  875  833
 2308  2265  2307
 2265  2308  2266
 1045  1002  1044
 1002  1045  1003
 1004  961  1003
 961  1004  962
 1667  1624  1666
 1624  1667  3140
 702  658  701
 658  702  659
 1711  1668  1710
 1668  1711  1669
 587  544  586
 544  587  545
 1681  1638  1680
 1638  1681  1639
 3141  461  503
 461  3142  462
 913  870  912
 870  913  871
 3143  2191  1939
 1896  2192  2626
 591  2533  590
 2533  591  549
 1056  1013  1055
 1013  1056  1014
 973  930  972
 930  973  931
 2448  2405  2447
 2405  2448  2406
 1227  1184  1226
 1184  1227  1185
 1314  1270  1313
 1270  1314  1271
 725  682  724
 682  725  683
 2410  2367  2409
 2367  2410  2368
 1105  1062  1104
 1062  1105  1063
 1232  1189  1231
 1189  1232  1190
 1908  2496  1907
 2496  1908  2497
 56  12  55
 12  56  13
 1043  1000  1042
 1000  1043  1001
 900  857  899
 857  900  858
 2333  2290  2332
 2290  2333  2291
 2502  2459  2501
 2459  2502  2460
 987  944  986
 944  987  945
 988  945  987
 945  988  946
 2337  2294  2336
 2294  2337  2295
 526  483  525
 483  526  484
 2644  1832  1874
 1832  2644  2618
 3144  949  991
 949  3145  950
 3146  3148  3147
 3149  3151  3150
 3152  757  799
 757  3154  3153
 1037  994  1036
 994  1037  995
 2426  2383  2425
 2383  2426  2384
 1924  2512  1923
 2512  1924  2513
 1462  1419  1461
 1419  1462  1420
 2305  2262  2304
 2262  2305  2263
 368  325  367
 325  368  326
 959  916  958
 916  959  917
 1044  1001  1043
 1001  1044  1002
 119  76  3155
 76  119  77
 794  751  793
 751  794  752
 79  35  78
 35  79  36
 1754  1711  1753
 1711  1754  1712
 925  882  924
 882  925  883
 2217  2174  2216
 2174  2217  2175
 3156  3158  3157
 3159  3161  3160
 2302  2259  2301
 2259  2302  2260
 2048  2005  2047
 2005  2048  2006
 2191  3162  1939
 1896  2234  2192
 339  296  338
 296  339  297
 1267  1855  1266
 1855  1267  1856
 2111  2068  2110
 2068  2111  2069
 2490  2447  2489
 2447  2490  2448
 807  764  806
 764  807  765
 766  723  765
 723  766  724
 2073  2030  2072
 2030  2073  2031
 894  851  893
 851  894  852
 2411  2368  2410
 2368  2411  2369
 2454  2411  2453
 2411  2454  2412
 1023  980  1022
 980  1023  981
 1909  2497  1908
 2497  1909  2498
 983  940  982
 940  983  941
 2122  2079  2121
 2079  2122  2080
 2165  2122  2164
 2122  2165  2123
 986  943  985
 943  986  944
 1957  1913  1956
 1913  1957  1914
 2336  2293  2335
 2293  2336  2294
 821  778  820
 778  821  779
 948  905  947
 905  948  906
 2634  990  1032
 990  2634  2587
 950  907  3163
 907  950  908
 2304  2261  2303
 2261  2304  2262
 3164  866  908
 866  3166  3165
 955  912  954
 912  955  913
 407  364  406
 364  407  365
 2136  2093  2135
 2093  2136  2094
 1256  1213  1255
 1213  1256  1214
 2516  2473  2515
 2473  2516  2474
 664  1252  663
 1252  664  1253
 1002  959  1001
 959  1002  960
 2477  2434  2476
 2434  2477  2435
 2100  2057  2099
 2057  2100  2058
 613  3167  612
 3168  613  571
 1261  3170  3169
 3171  1261  3172
 796  753  795
 753  796  754
 2399  2356  2398
 2356  2399  3173
 2356  2313  2355
 2313  2356  2314
 3174  1515  1557
 1515  3176  3175
 828  785  827
 785  828  786
 2233  2275  1939
 1896  2568  2234
 2025  2537  2024
 2537  2025  1983
 1352  1309  1351
 1309  1352  1310
 1985  1942  1984
 1942  1985  1943
 1058  1015  1057
 1015  1058  1016
 902  859  901
 859  902  860
 1356  1313  1355
 1313  1356  1314
 2493  2450  2492
 2450  2493  2451
 2074  2031  2073
 2031  2074  2032
 2453  2410  2452
 2410  2453  2411
 1064  1021  1063
 1021  1064  1022
 2161  2118  2160
 2118  2161  2119
 2498  2455  2497
 2455  2498  2456
 2499  2456  2498
 2456  2499  2457
 1911  2499  1910
 2499  1911  2500
 143  100  142
 100  143  101
 144  101  143
 101  144  102
 355  312  354
 312  355  313
 2251  2208  2250
 2208  2251  2209
 2001  1958  2000
 1958  2001  1959
 2212  2169  2211
 2169  2212  2170
 697  653  696
 653  697  2617
 486  3178  3177
 3179  486  444
 114  71  113
 71  114  72
 1587  1544  1586
 1544  1587  1545
 1598  1555  1597
 1555  1598  1556
 967  924  966
 924  967  925
 1935  2523  1934
 2523  1935  2524
 3180  655  3181
 655  3182  656
 729  686  728
 686  729  687
 1084  1041  1083
 1041  1084  1042
 833  790  832
 790  833  791
 622  579  621
 579  622  580
 2099  2056  2098
 2056  2099  2057
 288  245  287
 245  288  246
 1975  1931  1974
 1931  1975  1932
 1934  2522  1933
 2522  1934  2523
 460  417  459
 417  460  418
 1133  1090  1132
 1090  1133  1091
 1219  1176  3183
 1176  1219  1177
 3184  3186  3185
 3187  3189  3188
 843  800  842
 800  843  3190
 3191  3192  1939
 1896  2318  2568
 2487  2574  2585
 2574  2487  2445
 1942  1898  1941
 1898  1942  1899
 989  946  988
 946  989  947
 1226  1183  1225
 1183  1226  1184
 1649  1606  1648
 1606  1649  1607
 2408  2365  2407
 2365  2408  2366
 2283  2240  2282
 2240  2283  2241
 1358  1315  1357
 1315  1358  1316
 2243  2200  2242
 2200  2243  2201
 896  853  895
 853  896  854
 981  938  980
 938  981  939
 645  1233  644
 1233  645  1234
 1278  1866  1277
 1866  1278  1867
 2080  2037  2079
 2037  2080  2038
 2501  2458  2500
 2458  2501  2459
 396  353  395
 353  396  354
 1028  985  1027
 985  1028  986
 2420  2377  2419
 2377  2420  2378
 2127  2084  2126
 2084  2127  2085
 1158  1115  1157
 1115  1158  1116
 2619  64  106
 64  2619  65
 3193  1243  654
 1243  3194  1244
 782  739  781
 739  782  740
 2132  2089  2131
 2089  2132  2090
 70  26  69
 26  70  27
 2259  2216  2258
 2216  2259  2217
 365  322  364
 322  365  323
 1263  3196  3195
 3197  1263  1221
 873  830  872
 830  873  831
 2264  2221  2263
 2221  2264  2222
 791  748  790
 748  791  749
 118  75  117
 75  118  76
 34  622  33
 622  34  623
 710  666  709
 666  710  667
 3198  2214  2256
 2214  3200  3199
 2523  2480  2522
 2480  2523  2481
 1596  1553  1595
 1553  1596  1554
 1599  1556  1598
 1556  1599  1557
 1766  1723  1765
 1723  1766  1724
 2008  1965  2007
 1965  2008  1966
 1968  1924  1967
 1924  1968  1925
 2317  2359  1939
 1896  2360  2318
 1561  1518  1560
 1518  1561  1519
 2404  2361  2403
 2361  2404  2362
 2405  2362  2404
 2362  2405  2363
 1438  1395  1437
 1395  1438  1396
 2155  2112  2154
 2112  2155  2113
 850  807  849
 807  850  808
 1315  1271  1314
 1271  1315  1272
 2284  2241  2283
 2241  2284  2242
 1317  1273  1316
 1273  1317  3201
 2076  3202  2075
 3203  2076  2034
 813  770  812
 770  813  771
 2330  2287  2329
 2287  2330  2288
 2079  2036  2078
 2036  2079  2037
 562  519  561
 519  562  520
 1997  1954  1996
 1954  1997  1955
 681  637  680
 637  681  638
 2125  2082  2124
 2082  2125  2083
 2000  1957  1999
 1957  2000  1958
 1157  1114  1156
 1114  1157  1115
 106  63  105
 63  106  64
 2618  1790  1832
 1790  2618  1791
 276  3205  3204
 3206  276  234
 1751  1708  3207
 1708  1751  1709
 85  3209  3208
 3210  85  3211
 1470  1427  1469
 1427  1470  1428
 531  488  530
 488  531  489
 3212  209  251
 209  3214  3213
 2472  2429  2471
 2429  2472  2430
 1631  1588  1630
 1588  1631  1589
 1884  1841  1883
 1841  1884  1842
 2181  2138  2180
 2138  2181  2139
 2056  2013  2055
 2013  2056  2014
 1383  1340  1382
 1340  1383  1341
 836  793  835
 793  836  794
 2101  2058  2100
 2058  2101  2059
 1722  1679  1721
 1679  1722  1680
 1301  1889  1300
 1889  1301  1890
 1259  1216  1258
 1216  1259  1217
 3215  2483  2525
 2483  3217  3216
 885  3219  3218
 3220  885  3221
 672  3222  671
 3223  672  1261
 3224  3225  1939
 1896  2402  2360
 1139  1096  1138
 1096  1139  1097
 2068  2025  2067
 2025  2068  2026
 2447  2404  2446
 2404  2447  2405
 300  257  299
 257  300  258
 2323  2280  2322
 2280  2323  2281
 2198  2155  2197
 2155  2198  2156
 683  639  682
 639  683  640
 1442  1399  1441
 1399  1442  1400
 1063  1020  1062
 1020  1063  1021
 854  811  3226
 811  854  812
 2371  2328  2370
 2328  2371  2329
 1698  1655  1697
 1655  1698  1656
 1995  1952  1994
 1952  1995  1953
 640  1228  639
 1228  640  1229
 2081  2038  2080
 2038  2081  2039
 1070  1027  1069
 1027  1070  1028
 1787  1744  1786
 1744  1787  1745
 1368  1325  1367
 1325  1368  1326
 2211  2168  2210
 2168  2211  2169
 1622  1579  1621
 1579  1622  1580
 1791  1748  1790
 1748  1791  1749
 1372  3227  1371
 3228  1372  1330
 3229  2172  2214
 2172  3230  2173
 2231  2188  2230
 2188  2231  2189
 669  1257  668
 1257  669  1258
 2091  2048  2090
 2048  2091  2049
 2300  2257  2299
 2257  2300  2258
 72  28  71
 28  72  29
 451  408  450
 408  451  409
 1000  957  999
 957  1000  958
 2517  2474  2516
 2474  2517  2475
 960  917  959
 917  960  918
 1509  1466  1508
 1466  1509  1467
 2394  2351  2393
 2351  2394  2352
 247  204  246
 204  247  205
 500  457  499
 457  500  458
 911  868  910
 868  911  869
 1388  1345  1387
 1345  1388  1346
 125  82  124
 82  125  83
 575  532  574
 532  575  533
 295  252  3231
 252  295  3232
 2401  3233  1939
 1896  2444  2402
 1351  1308  1350
 1308  1351  1309
 762  719  761
 719  762  720
 2027  1984  2026
 1984  2027  1985
 2070  2027  2069
 2027  2070  2028
 1523  1480  1522
 1480  1523  1481
 1482  1439  1481
 1439  1482  1440
 2409  2366  2408
 2366  2409  2367
 768  725  767
 725  768  726
 2201  2158  2200
 2158  2201  2159
 2202  2159  2201
 2159  2202  2160
 2413  2370  2412
 2370  2413  2371
 2078  2035  2077
 2035  2078  2036
 477  434  476
 434  477  435
 2332  2289  2331
 2289  2332  2290
 2249  2206  2248
 2206  2249  2207
 1576  1533  1575
 1533  1576  1534
 777  734  776
 734  777  735
 1283  1871  1282
 1871  1283  1872
 1663  1620  1662
 1620  1663  1621
 864  821  863
 821  864  822
 1749  1706  1748
 1706  1749  2633
 2173  2130  2172
 2130  2173  2131
 1257  1214  1256
 1214  1257  1215
 1710  1667  1709
 1667  1710  1668
 1205  1162  1204
 1162  1205  1163
 1006  963  1005
 963  1006  964
 787  744  786
 744  787  745
 1714  1671  1713
 1671  1714  1672
 1337  1293  1336
 1293  1337  1294
 748  705  747
 705  748  706
 1759  1716  1758
 1716  1759  1717
 2392  2349  2391
 2349  2392  2350
 1930  2518  1929
 2518  1930  2519
 1214  1171  1213
 1171  1214  1172
 1215  1172  1214
 1172  1215  1173
 1386  1343  1385
 1343  1386  1344
 744  701  743
 701  744  702
 2441  2398  2440
 2398  2441  2399
 1429  1386  1428
 1386  1429  1387
 491  448  490
 448  491  449
 2191  3235  3234
 3236  2191  3237
 2443  2485  1939
 1896  2486  2444
 1266  1854  1265
 1854  1266  1855
 1478  1435  1477
 1435  1478  1436
 1099  1056  1098
 1056  1099  1057
 2322  2279  2321
 2279  2322  2280
 1059  1016  1058
 1016  1059  1017
 2072  2029  2071
 2029  2072  2030
 1187  1144  1186
 1144  1187  1145
 1948  1904  1947
 1904  1948  1905
 770  727  3238
 727  770  728
 2370  3240  3239
 3241  2370  2328
 1529  1486  1528
 1486  1529  1487
 1994  1951  1993
 1951  1994  1952
 2205  2162  2204
 2162  2205  2163
 1152  1109  1151
 1109  1152  1110
 1701  1658  1700
 1658  1701  1659
 480  437  479
 437  480  438
 2335  2292  2334
 2292  2335  2293
 2168  2125  2167
 2125  2168  2126
 1789  1746  1788
 1746  1789  1747
 2254  2211  2253
 2211  2254  2212
 2642  442  484
 442  2642  2647
 2256  2565  3242
 2565  2256  2214
 1964  1920  1963
 1920  1964  1921
 757  714  756
 714  757  715
 1922  3243  1921
 3244  1922  2511
 2524  2481  2523
 2481  2524  2482
 446  3245  445
 3246  446  404
 872  829  871
 829  872  830
 1969  1925  1968
 1925  1969  1926
 666  1254  665
 1254  666  1255
 1001  958  1000
 958  1001  959
 2182  2139  2181
 2139  2182  2140
 1255  1212  1254
 1212  1255  1213
 1088  1045  1087
 1045  1088  1046
 753  710  752
 710  753  711
 1048  1005  1047
 1005  1048  1006
 670  1258  669
 1258  670  1259
 713  669  712
 669  713  670
 3247  1262  3248
 1262  3250  3249
 2062  2019  2061
 2019  2062  2020
 404  361  403
 361  404  362
 3251  3252  1939
 1896  2601  2486
 1519  2631  1518
 2631  1519  1477
 846  803  845
 803  846  804
 2489  2446  2488
 2446  2489  2447
 1016  973  1015
 973  1016  974
 691  647  690
 647  691  648
 1186  1143  1185
 1143  1186  1144
 1989  1946  1988
 1946  1989  1947
 2520  2477  2519
 2477  2520  2478
 3253  810  852
 810  3254  811
 2495  2452  2494
 2452  2495  2453
 2329  2286  2328
 2286  2329  2287
 1020  977  1019
 977  1020  978
 2163  2120  2162
 2120  2163  2121
 2206  2163  2205
 2163  2206  2164
 2459  2416  2458
 2416  2459  2417
 1366  1323  1365
 1323  1366  1324
 693  649  692
 649  693  650
 778  735  777
 735  778  736
 2295  2252  2294
 2252  2295  2253
 2170  2127  2169
 2127  2170  2128
 2636  864  906
 864  2636  2584
 3255  2297  3256
 2297  3257  2298
 2005  1962  2004
 1962  2005  1963
 1725  1682  1724
 1682  1725  1683
 1431  1388  1430
 1388  1431  1389
 2186  2143  2185
 2143  2186  2144
 3258  3260  3259
 3261  3263  3262
 704  660  703
 660  704  661
 705  661  704
 661  705  662
 2306  2263  2305
 2263  2306  2264
 1971  1927  1970
 1927  1971  1928
 2140  2097  2139
 2097  2140  2098
 751  708  750
 708  751  709
 2016  1973  2015
 1973  2016  1974
 2269  2226  2268
 2226  2269  2227
 2063  2020  2062
 2020  2063  2021
 756  713  755
 713  756  714
 703  659  702
 659  703  660
 1258  1215  1257
 1215  1258  1216
 1839  1796  1838
 1796  1839  1797
 2509  2466  2508
 2466  2509  2467
 677  633  676
 633  677  634
 2527  1938  1939
LABEL Pivot1
MATERIAL 3
TEXTURE 0
FLAG    0
GEOM 190 178 ;Group 2 (Pivot1)  Mtl#0_SM-HGA
-.5067 -.6566 -.063 -.6122 -.7907  0  0  0
-.5067 -.6566 -.0949  0  0 -1  0  0
-.4981 -.6632 -.0929  .2703 -.2093 -.9397  0  0
-.4905 -.6691 -.0874  .5083 -.3936 -.766  0  0
-.4849 -.6735 -.0789  .6847 -.5302 -.5001  0  0
-.4819 -.6758 -.0685  .7787 -.6029 -.1734  0  0
-.4819 -.6758 -.0574  .7787 -.6029  .1734  0  0
-.4849 -.6735 -.047  .6848 -.5302  .4999  0  0
-.4905 -.6691 -.0385  .5081 -.3934  .7662  0  0
-.4981 -.6632 -.033  .2703 -.2093  .9397  0  0
-.5067 -.6566 -.0311  0  0  1  0  0
-.5153 -.6499 -.033 -.2703  .2093  .9397  0  0
-.5229 -.644 -.0385 -.5082  .3935  .7661  0  0
-.5285 -.6396 -.047 -.6847  .5301  .5001  0  0
-.5315 -.6373 -.0574 -.7787  .6029  .1735  0  0
-.5315 -.6373 -.0685 -.7786  .6029 -.1739  0  0
-.5285 -.6396 -.0789 -.6848  .5302 -.4998  0  0
-.5229 -.644 -.0874 -.5083  .3936 -.766  0  0
-.5153 -.6499 -.0929 -.2704  .2093 -.9397  0  0
-.4603 -.5966 -.0949  .6122  .7907  0  0  0
-.4516 -.6033 -.0929  .6122  .7907  0  0  0
-.444 -.6091 -.0874  .6122  .7907  0  0  0
-.4384 -.6135 -.0789  .6122  .7907  0  0  0
-.4354 -.6158 -.0685  .6122  .7907  0  0  0
-.4354 -.6158 -.0574  .6122  .7907  0  0  0
-.4384 -.6135 -.047  .6122  .7907  0  0  0
-.444 -.6091 -.0385  .6122  .7907  0  0  0
-.4516 -.6033 -.033  .6123  .7907  0  0  0
-.4603 -.5966 -.0311  .6122  .7907  0  0  0
-.4689 -.5899 -.033  .6122  .7907  0  0  0
-.4765 -.584 -.0385  .6122  .7907  0  0  0
-.4821 -.5797 -.047  .6122  .7907  0  0  0
-.4851 -.5773 -.0574  .6122  .7907  0  0  0
-.4851 -.5773 -.0685  .6122  .7907  0  0  0
-.4821 -.5797 -.0789  .6122  .7907  0  0  0
-.4765 -.584 -.0874  .6122  .7907  0  0  0
-.4689 -.5899 -.0929  .6122  .7907  0  0  0
-.4603 -.5966 -.063  .6122  .7907  0  0  0
-.4803 -.676 -.0956  .7907 -.6122  0  0  0
-.4803 -.676 -.0303  0  0  1  0  0
-.5319 -.6361 -.0956  0  0 -1  0  0
-.5319 -.6361 -.0303  0  0  1  0  0
-.5639 -.6774 -.0956 -.6122 -.7907  0  0  0
-.5639 -.6774 -.0303 -.6122 -.7907  0  0  0
-.5319 -.6361 -.063 -.7907  .6122  0  0  0
-.5061 -.656 -.0956  0  0 -1  0  0
-.5061 -.656 -.0303  0  0  1  0  0
-.4803 -.676 -.063  .6122  .7907  0  0  0
-.5123 -.7173 -.0956 -.6122 -.7907 -.0001  0  0
-.5123 -.7173 -.0303 -.1653  .9862  0  0  0
-.5381 -.6973 -.0303 -.5959  .803 -.0001  0  0
-.5381 -.6973 -.0956 -.6123 -.7907  0  0  0
-.5061 -.656 -.063  .6122  .7907  0  0  0
-.5367 -.6423 -.0303  0  0  1  0  0
-.5319 -.6361 -.0793  .6122  .7907  0  0  0
-.519 -.6461 -.0956  0  0 -1  0  0
-.4932 -.666 -.0303  0  0  1  0  0
-.4803 -.676 -.0793  .7907 -.6122  0  0  0
-.4851 -.6823 -.0956  .7907 -.6122  0  0  0
-.5367 -.6423 -.0956  0  0 -1  0  0
-.5319 -.6361 -.0467 -.7907  .6122  0  0  0
-.4932 -.666 -.0956  0  0 -1  0  0
-.519 -.6461 -.0303  0  0  1  0  0
-.4803 -.676 -.0467  .6122  .7907  0  0  0
-.4851 -.6823 -.0303  .7907 -.6122  0  0  0
-.5252 -.7073 -.0303  0  1  0  0  0
-.551 -.6874 -.0303 -.6122 -.7907  0  0  0
-.5109 -.6623 -.0303  0  0  1  0  0
-.5252 -.7073 -.0956  0 -.2425 -.9701  0  0
-.551 -.6874 -.0956 -.6122 -.7907  0  0  0
-.5109 -.6623 -.0956  0  0 -1  0  0
-.4851 -.6823 -.063 -.6122 -.7907  0  0  0
-.5123 -.7173 -.0793  0  0  1  0  0
-.5123 -.7173 -.0467 -.6122 -.7907  0  0  0
-.4932 -.666 -.063  .6122  .7907  0  0  0
-.519 -.6461 -.063  .6122  .7907  0  0  0
-.5061 -.656 -.0793  .6122  .7907  0  0  0
-.5061 -.656 -.0467  .6122  .7907  0  0  0
-.5367 -.6423 -.063 -.6122 -.7907  0  0  0
-.5639 -.6774 -.0793  0  0  1  0  0
-.5639 -.6774 -.0467 -.6122 -.7907  0  0  0
-.5367 -.6423 -.0793 -.6122 -.7907  0  0  0
-.519 -.6461 -.0467  .6122  .7907  0  0  0
-.519 -.6461 -.0793  .6122  .7907  0  0  0
-.4932 -.666 -.0793  .6122  .7907  0  0  0
-.4851 -.6823 -.0467  0  0 -1  0  0
-.4851 -.6823 -.0793 -.6122 -.7907  0  0  0
-.5238 -.6523 -.0956  0  0 -1  0  0
-.5238 -.6523 -.0303  0  0  1  0  0
-.498 -.6723 -.0303  0  0  1  0  0
-.498 -.6723 -.0956  0  0 -1  0  0
-.4932 -.666 -.0467  .6122  .7907  0  0  0
-.5367 -.6423 -.0467  0  0 -1  0  0
-.4384 -.6135 -.047  .6848 -.5303  .4998  0  0
-.444 -.6091 -.0385  .5082 -.3934  .7661  0  0
-.5229 -.644 -.0385 -.6122 -.7907  0  0  0
-.5285 -.6396 -.047 -.6122 -.7907  0  0  0
-.5315 -.6373 -.0574 -.6122 -.7907  0  0  0
-.5315 -.6373 -.0685 -.6122 -.7907  0  0  0
-.4689 -.5899 -.033 -.2703  .2093  .9397  0  0
-.4765 -.584 -.0385 -.5082  .3935  .7661  0  0
-.4516 -.6033 -.0929  .2703 -.2093 -.9397  0  0
-.444 -.6091 -.0874  .5083 -.3936 -.766  0  0
-.4603 -.5966 -.0949  0  0 -1  0  0
-.4689 -.5899 -.0929 -.2704  .2094 -.9397  0  0
-.4384 -.6135 -.0789  .6847 -.5302 -.5001  0  0
-.4354 -.6158 -.0685  .7787 -.6029 -.1734  0  0
-.4849 -.6735 -.0789 -.6122 -.7907  0  0  0
-.4819 -.6758 -.0685 -.6122 -.7907 -.0001  0  0
-.4821 -.5797 -.0789 -.6848  .5302 -.4999  0  0
-.4765 -.584 -.0874 -.5083  .3936 -.766  0  0
-.4821 -.5797 -.047 -.6847  .5301  .5002  0  0
-.4851 -.5773 -.0574 -.7787  .6029  .1734  0  0
-.4819 -.6758 -.0574 -.6122 -.7907  0  0  0
-.4849 -.6735 -.047 -.6122 -.7907 -.0001  0  0
-.5067 -.6566 -.0949 -.6122 -.7907  0  0  0
-.5153 -.6499 -.0929 -.6123 -.7907  0  0  0
-.5153 -.6499 -.033 -.6122 -.7907  0  0  0
-.4981 -.6632 -.0929 -.6122 -.7907  0  0  0
-.4905 -.6691 -.0874 -.6122 -.7907  0  0  0
-.4851 -.5773 -.0685 -.7787  .6029 -.1739  0  0
-.4981 -.6632 -.033 -.6122 -.7907  0  0  0
-.5067 -.6566 -.0311 -.6122 -.7907  0  0  0
-.5285 -.6396 -.0789 -.6122 -.7907  0  0  0
-.5229 -.644 -.0874 -.6122 -.7907  0  0  0
-.4516 -.6033 -.033  .2703 -.2093  .9398  0  0
-.4354 -.6158 -.0574  .7787 -.6029  .1734  0  0
-.4603 -.5966 -.0311  0  0  1  0  0
-.4905 -.6691 -.0385 -.6122 -.7907  0  0  0
-.5367 -.6423 -.0303 -.7907  .6122  0  0  0
-.5319 -.6361 -.0303 -.7907  .6122  0  0  0
-.5319 -.6361 -.0303  .6122  .7907  0  0  0
-.5319 -.6361 -.0793 -.7907  .6122  0  0  0
-.5319 -.6361 -.0956 -.7907  .6122  0  0  0
-.5319 -.6361 -.0956  .6122  .7907  0  0  0
-.519 -.6461 -.0956  .6122  .7907  0  0  0
-.4932 -.666 -.0303  .6122  .7907  0  0  0
-.4803 -.676 -.0303  .6122  .7907  0  0  0
-.4803 -.676 -.0303  .7907 -.6122  0  0  0
-.4803 -.676 -.0793  .6122  .7907  0  0  0
-.4803 -.676 -.0956  .6122  .7907  0  0  0
-.4803 -.676 -.0956  0  0 -1  0  0
-.4851 -.6823 -.0956  0  0 -1  0  0
-.5367 -.6423 -.0956 -.7907  .6122  0  0  0
-.5639 -.6774 -.0956 -.7907  .6122  0  0  0
-.5639 -.6774 -.0956  0  0 -1  0  0
-.5319 -.6361 -.0467  .6122  .7907  0  0  0
-.5319 -.6361 -.063  .6122  .7907  0  0  0
-.4932 -.666 -.0956  .6122  .7907  0  0  0
-.5061 -.656 -.0956  .6122  .7907  0  0  0
-.519 -.6461 -.0303  .6122  .7907  0  0  0
-.5061 -.656 -.0303  .6122  .7907  0  0  0
-.4803 -.676 -.0467  .7907 -.6122  0  0  0
-.4803 -.676 -.063  .7907 -.6122  0  0  0
-.4851 -.6823 -.0303  0  0  1  0  0
-.5123 -.7173 -.0303  0  0  1  0  0
-.5123 -.7173 -.0303  .7907 -.6122  0  0  0
-.5252 -.7073 -.0303  0  0  1  0  0
-.551 -.6874 -.0303  0  0  1  0  0
-.5381 -.6973 -.0303  0  0  1  0  0
-.5252 -.7073 -.0956  0  0 -1  0  0
-.5123 -.7173 -.0956  0  0 -1  0  0
-.5123 -.7173 -.0956  .7907 -.6122  0  0  0
-.551 -.6874 -.0956  0  0 -1  0  0
-.5381 -.6973 -.0956  0  0 -1  0  0
-.5123 -.7173 -.0793  .7907 -.6122  0  0  0
-.5123 -.7173 -.0793 -.6122 -.7907  0  0  0
-.5639 -.6774 -.0793 -.7907  .6122  0  0  0
-.5639 -.6774 -.0793 -.6122 -.7907  0  0  0
-.5639 -.6774 -.0303  0  0  1  0  0
-.5639 -.6774 -.0303 -.7907  .6122  0  0  0
-.5123 -.7173 -.0467  .7907 -.6122  0  0  0
-.5123 -.7173 -.0467  0  0 -1  0  0
-.5639 -.6774 -.0467 -.7907  .6122  0  0  0
-.5639 -.6774 -.0467  0  0 -1  0  0
-.5367 -.6423 -.0793 -.7907  .6122  0  0  0
-.5367 -.6423 -.0793  0  0  1  0  0
-.5367 -.6423 -.063 -.7907  .6122  0  0  0
-.4851 -.6823 -.0467  .7907 -.6122  0  0  0
-.4851 -.6823 -.0467 -.6122 -.7907  0  0  0
-.4851 -.6823 -.063  .7907 -.6122  0  0  0
-.4851 -.6823 -.0793  .7907 -.6122  0  0  0
-.4851 -.6823 -.0793  0  0  1  0  0
-.5367 -.6423 -.0467 -.7907  .6122  0  0  0
-.5367 -.6423 -.0467 -.6122 -.7907  0  0  0
-.5123 -.7173 -.0956 -.6111 -.7915 -.0057  0  0
-.5123 -.7173 -.0303 -.6122 -.7907  0  0  0
-.5381 -.6973 -.0303 -.6122 -.7907  0  0  0
-.5123 -.7173 -.0303 -.6122 -.7907  0  0  0
-.5381 -.6973 -.0303 -.6122 -.7907  0  0  0
 0  115  118
 0  118  119
 0  119  107
 0  107  108
 0  108  113
 0  113  114
 0  114  128
 0  128  121
 0  121  122
 0  122  117
 0  117  95
 0  95  96
 0  96  97
 0  97  98
 0  98  123
 0  123  124
 0  124  116
 0  116  115
 2  102  3
 102  2  101
 17  104  18
 104  17  110
 7  94  8
 94  7  93
 13  112  14
 112  13  111
 14  120  15
 120  14  112
 16  110  17
 110  16  109
 12  111  13
 111  12  100
 11  100  12
 100  11  99
 10  99  11
 99  10  127
 15  109  16
 109  15  120
 18  103  1
 103  18  104
 8  125  9
 125  8  94
 6  93  7
 93  6  126
 9  127  10
 127  9  125
 4  106  5
 106  4  105
 3  105  4
 105  3  102
 1  101  2
 101  1  103
 37  20  19
 37  21  20
 37  22  21
 37  23  22
 37  24  23
 37  25  24
 37  26  25
 37  27  26
 37  28  27
 37  29  28
 37  30  29
 37  31  30
 37  32  31
 37  33  32
 37  34  33
 37  35  34
 37  36  35
 37  19  36
 5  126  6
 126  5  106
 183  130  60
 130  183  129
 91  137  63
 137  91  136
 90  141  142
 141  90  61
 89  155  154
 155  89  157
 88  159  67
 159  88  158
 87  45  70
 45  87  55
 178  156  171
 156  178  64
 84  47  139
 47  84  74
 83  52  76
 52  83  75
 82  151  77
 151  82  150
 175  44  132
 44  175  177
 143  132  133
 132  143  175
 144  175  143
 175  144  167
 75  77  52
 77  75  82
 147  82  75
 82  147  146
 146  150  82
 150  146  131
 135  76  149
 76  135  83
 134  83  135
 83  134  54
 54  75  83
 75  54  147
 148  139  140
 139  148  84
 149  84  148
 84  149  76
 76  74  84
 74  76  52
 153  178  180
 178  153  152
 152  64  178
 64  152  138
 58  165  162
 165  58  181
 38  181  58
 181  38  57
 57  180  181
 180  57  153
 163  70  164
 70  163  87
 145  87  163
 87  145  59
 59  55  87
 55  59  40
 62  67  46
 67  62  88
 41  88  62
 88  41  53
 53  158  88
 158  53  169
 56  154  39
 154  56  89
 46  89  56
 89  46  67
 67  157  89
 157  67  159
 160  142  161
 142  160  90
 164  90  160
 90  164  70
 70  61  90
 61  70  45
 74  63  47
 63  74  91
 52  91  74
 91  52  77
 77  136  91
 136  77  151
 177  60  44
 60  177  183
 173  129  183
 129  173  170
 48  51  68
 69  168  42
 166  51  185
 51  168  69
 51  166  168
 79  182  176
 182  79  72
 86  78  81
 78  179  184
 71  78  86
 78  71  179
 85  174  92
 174  85  172
 50  49  65
 186  80  73
 80  66  43
 187  80  188
 80  189  66
LABEL Pivot2
MATERIAL 1
TEXTURE 0
FLAG    0
GEOM 98 84 ;Group 3 (Pivot2)  Mtl#1_SM-HGA
-.6334 -.7607 -.022 -.7907  .6123  0  0  0
-.6411 -.7706 -.0326 -.7907  .6122  0  0  0
-.624 -.7484 -.0164 -.7907  .6122  0  0  0
-.6139 -.7355 -.0164 -.7907  .6122  0  0  0
-.6045 -.7233 -.1039 -.7907  .6123  0  0  0
-.6139 -.7355 -.1095 -.7907  .6123  0  0  0
-.624 -.7484 -.1095 -.7907  .6123  0  0  0
-.6334 -.7607 -.1039 -.7907  .6123  0  0  0
-.59 -.7046 -.063 -.7907  .6122  0  0  0
-.5917 -.7068 -.0468 -.7907  .6122  0  0  0
-.6461 -.7771 -.0468 -.7907  .6122  0  0  0
-.5917 -.7068 -.0791 -.7907  .6122  0  0  0
-.5968 -.7133 -.0934 -.7907  .6122 -.0001  0  0
-.6461 -.7771 -.0791 -.7907  .6122  0  0  0
-.6479 -.7794 -.063 -.7907  .6122  0  0  0
-.6045 -.7233 -.022 -.7907  .6122  0  0  0
-.5968 -.7133 -.0326 -.7907  .6122  0  0  0
-.6411 -.7706 -.0934 -.7907  .6122  0  0  0
-.5742 -.8065 -.1039  .7907 -.6122  0  0  0
-.5819 -.8165 -.0934  .7907 -.6122  0  0  0
-.5869 -.823 -.0468  .7907 -.6122  0  0  0
-.5819 -.8165 -.0326  .7907 -.6122  0  0  0
-.5325 -.7527 -.0791  .7907 -.6122  0  0  0
-.5375 -.7592 -.0934  .7907 -.6122  0  0  0
-.5307 -.7504 -.063  .7907 -.6122  0  0  0
-.5325 -.7527 -.0468  .7907 -.6122  0  0  0
-.5452 -.7691 -.1039  .7907 -.6122  0  0  0
-.5546 -.7813 -.1095  .7907 -.6122  0  0  0
-.5452 -.7691 -.022  .7907 -.6122  0  0  0
-.5375 -.7592 -.0326  .7907 -.6122  0  0  0
-.5742 -.8065 -.022  .7907 -.6122  0  0  0
-.5647 -.7943 -.0164  .7907 -.6122  0  0  0
-.5546 -.7813 -.0164  .7907 -.6122  0  0  0
-.5869 -.823 -.0791  .7907 -.6122  0  0  0
-.5647 -.7943 -.1095  .7907 -.6122  0  0  0
-.5886 -.8252 -.063  .7907 -.6122  0  0  0
-.6189 -.742 -.063 -.7907  .6122  0  0  0
-.5597 -.7878 -.063  .7907 -.6122  0  0  0
-.5539 -.7481 -.0465  0  0  1  0  0
-.5832 -.7254 -.0794  0  0 -1  0  0
-.5539 -.7481 -.0794  0  0 -1  0  0
-.5832 -.7254 -.0465  0  0  1  0  0
-.5382 -.6673 -.0794  0  0 -1  0  0
-.5089 -.6899 -.0465  0  0  1  0  0
-.5089 -.6899 -.0794  0  0 -1  0  0
-.5382 -.6673 -.0465  0  0  1  0  0
-.6411 -.7706 -.0934 -.4689 -.6056 -.6429  0  0
-.6461 -.7771 -.0791 -.5753 -.7429 -.3422  0  0
-.59 -.7046 -.063  .6122  .7907  .0001  0  0
-.5917 -.7068 -.0791  .5753  .743 -.3419  0  0
-.5968 -.7133 -.0934  .469  .6058 -.6426  0  0
-.6045 -.7233 -.1039  .306  .3952 -.8661  0  0
-.5968 -.7133 -.0326  .4689  .6056  .6429  0  0
-.5917 -.7068 -.0468  .5753  .743  .3419  0  0
-.6479 -.7794 -.063 -.6122 -.7907  .0001  0  0
-.6461 -.7771 -.0468 -.5753 -.743  .3418  0  0
-.6334 -.7607 -.1039 -.3062 -.3954 -.866  0  0
-.6139 -.7355 -.1095  .1061  .1371 -.9849  0  0
-.624 -.7484 -.1095 -.1062 -.1371 -.9848  0  0
-.6139 -.7355 -.0164  .1063  .1373  .9848  0  0
-.6045 -.7233 -.022  .306  .3952  .8661  0  0
-.6334 -.7607 -.022 -.3062 -.3955  .8659  0  0
-.624 -.7484 -.0164 -.1065 -.1375  .9848  0  0
-.6411 -.7706 -.0326 -.4689 -.6056  .6429  0  0
-.5742 -.8065 -.1039 -.3062 -.3954 -.866  0  0
-.5819 -.8165 -.0934 -.4689 -.6056 -.643  0  0
-.5869 -.823 -.0468 -.5754 -.743  .3418  0  0
-.5819 -.8165 -.0326 -.4689 -.6056  .6429  0  0
-.5325 -.7527 -.0791  .5753  .743 -.3419  0  0
-.5375 -.7592 -.0934  .469  .6058 -.6427  0  0
-.5307 -.7504 -.063  .6122  .7907  .0001  0  0
-.5325 -.7527 -.0468  .5753  .7431  .3418  0  0
-.5452 -.7691 -.1039  .306  .3952 -.8661  0  0
-.5546 -.7813 -.1095  .1062  .1372 -.9848  0  0
-.5452 -.7691 -.022  .306  .3952  .8661  0  0
-.5375 -.7592 -.0326  .4689  .6056  .643  0  0
-.5742 -.8065 -.022 -.3061 -.3954  .866  0  0
-.5647 -.7943 -.0164 -.1063 -.1373  .9848  0  0
-.5546 -.7813 -.0164  .1063  .1373  .9848  0  0
-.5869 -.823 -.0791 -.5753 -.743 -.342  0  0
-.5647 -.7943 -.1095 -.1062 -.1372 -.9848  0  0
-.5886 -.8252 -.063 -.6122 -.7907  .0001  0  0
-.5539 -.7481 -.0794  .7907 -.6122  0  0  0
-.5539 -.7481 -.0794 -.6122 -.7907  0  0  0
-.5539 -.7481 -.0465  .7907 -.6122  0  0  0
-.5539 -.7481 -.0465 -.6122 -.7907  0  0  0
-.5832 -.7254 -.0465 -.7907  .6122  0  0  0
-.5832 -.7254 -.0465 -.6122 -.7907  0  0  0
-.5832 -.7254 -.0794 -.7907  .6122  0  0  0
-.5832 -.7254 -.0794 -.6122 -.7907  0  0  0
-.5382 -.6673 -.0465 -.7907  .6122  0  0  0
-.5382 -.6673 -.0465  .6122  .7907  0  0  0
-.5382 -.6673 -.0794 -.7907  .6122  0  0  0
-.5382 -.6673 -.0794  .6122  .7907  0  0  0
-.5089 -.6899 -.0465  .7907 -.6122  0  0  0
-.5089 -.6899 -.0465  .6122  .7907  0  0  0
-.5089 -.6899 -.0794  .7907 -.6122  0  0  0
-.5089 -.6899 -.0794  .6122  .7907  0  0  0
 79  54  47
 54  79  81
 75  53  52
 53  75  71
 66  63  55
 63  66  67
 69  51  50
 51  69  72
 68  50  49
 50  68  69
 70  49  48
 49  70  68
 77  59  62
 59  77  78
 81  55  54
 55  81  66
 80  56  58
 56  80  64
 72  57  51
 57  72  73
 74  52  60
 52  74  75
 71  48  53
 48  71  70
 76  62  61
 62  76  77
 73  58  57
 58  73  80
 67  61  63
 61  67  76
 65  47  46
 47  65  79
 78  60  59
 60  78  74
 64  46  56
 46  64  65
 14  36  13
 31  37  32
 16  36  15
 18  37  19
 32  37  28
 19  37  33
 20  37  21
 24  37  22
 23  37  26
 22  37  23
 33  37  35
 34  37  18
 25  37  24
 35  37  20
 26  37  27
 27  37  34
 28  37  29
 29  37  25
 30  37  31
 21  37  30
 3  36  2
 11  36  8
 2  36  0
 5  36  4
 13  36  17
 15  36  3
 7  36  6
 6  36  5
 8  36  9
 17  36  7
 1  36  10
 10  36  14
 12  36  11
 9  36  16
 4  36  12
 0  36  1
 94  82  96
 82  94  84
 90  88  86
 88  90  92
 83  87  89
 87  83  85
 93  95  97
 95  93  91
 42  40  39
 40  42  44
 45  38  43
 38  45  41
LABEL Structure
MATERIAL 3
TEXTURE 0
FLAG    0
GEOM 1091 976 ;Group 4 (Structure)  Mtl#0_SM-HGA
-.6176 -.6097 -.0201 -.0092  .0916  .9958  0  0
-.6532 -.6161 -.0201 -.0164  .091  .9957  0  0
-.6176 -.6097 -.1001 -.0038  .0213 -.9998  0  0
-.6532 -.6161 -.1001 -.0064  .0214 -.9998  0  0
-.6357 -.268 -.052 -.0312  .9995  0  0  0
-.6624 -.2689 -.052 -.0312  .9995  0  0  0
-.6357 -.268 -.0928 -.0312  .9995  0  0  0
-.6624 -.2689 -.0928 -.0312  .9995  0  0  0
-.5737 -.7856  .1229  .9902  .0736  .1189  0  0
-.6363 -.7903  .1229  .0736 -.9902  .1189  0  0
-.5783 -.7231  .1229 -.0736  .9902  .1189  0  0
-.6409 -.7277  .1229 -.0736  .9902  .1189  0  0
-.5168 -.8346  .3732  0  0  1  0  0
-.6852 -.8471  .3732  0  0  1  0  0
-.5293 -.6662  .3732  0  0  1  0  0
-.6978 -.6787  .3732  0  0  1  0  0
-.5882 -.7731  .1737  .9634  .0716  .2584  0  0
-.6237 -.7757  .1737 -.8934 -.0664 -.4444  0  0
-.6263 -.7403  .1737 -.8934 -.0664 -.4444  0  0
-.5909 -.7376  .1737  .9634  .0716  .2584  0  0
-.5234 -.829  .2957  .0727 -.9785 -.1931  0  0
-.6796 -.8406  .2957 -.9785 -.0727 -.1931  0  0
-.6912 -.6844  .2957 -.9785 -.0727 -.1931  0  0
-.535 -.6728  .2957 -.0727  .9785 -.1931  0  0
-.5234 -.829  .3542  .0737 -.9922  .1007  0  0
-.6796 -.8406  .3542  .0737 -.9922  .1007  0  0
-.6912 -.6844  .3542 -.0737  .9922  .1007  0  0
-.535 -.6728  .3542 -.0737  .9922  .1007  0  0
-.5245 -.828  .3587  .0724 -.9736  .2165  0  0
-.6786 -.8395  .3587 -.9735 -.0723  .2167  0  0
-.6901 -.6853  .3587 -.9735 -.0723  .2167  0  0
-.5359 -.6739  .3587 -.0724  .9736  .2165  0  0
-.6703 -.6463  .0016  0  0 -1  0  0
-.7296 -.7206  .0016  0  0 -1  0  0
-.6703 -.6463  .0615 -.7816  .6238  0  0  0
-.7296 -.7206  .0615 -.6238 -.7816  0  0  0
-.4584 -.8154  .0016  0  0 -1  0  0
-.5177 -.8897  .0016  0  0 -1  0  0
-.4584 -.8154  .0615  0  0  1  0  0
-.5177 -.8897  .0615 -.6238 -.7816  0  0  0
-.7747 -.7619  .0057 -.6327 -.7744  0  0  0
-.6364 -.5927  .0057  .6327  .7744  0  0  0
-.7747 -.7619 -.1292 -.6324 -.7741  .03  0  0
-.6364 -.5927 -.1292  .6324  .774 -.0308  0  0
-.754 -.7788  .0057 -.6327 -.7744  0  0  0
-.6158 -.6096  .0057  .6327  .7744  0  0  0
-.754 -.7788 -.1292  .6561 -.5361 -.5312  0  0
-.6158 -.6096 -.1292  .6561 -.5361 -.5312  0  0
-.8541 -.7077 -.2819  0  0 -1  0  0
-.7158 -.5385 -.2819  .6318  .7733 -.0539  0  0
-.8334 -.7246 -.2819  .6561 -.5361 -.5312  0  0
-.6952 -.5554 -.2819  .6561 -.5361 -.5312  0  0
-.414 -.7794  .0057  .7744 -.6327  0  0  0
-.5523 -.9486  .0057 -.6327 -.7744  0  0  0
-.414 -.7794 -.1292  .7744 -.6327  0  0  0
-.5523 -.9486 -.1292 -.6324 -.774 -.0298  0  0
-.4347 -.7625  .0057  0  0  1  0  0
-.5729 -.9317  .0057 -.6327 -.7744  0  0  0
-.4347 -.7625 -.1292 -.7744  .6327  0  0  0
-.5729 -.9317 -.1292 -.6326 -.7742 -.021  0  0
-.3347 -.8336 -.2819  .6561 -.5361  .5312  0  0
-.4729 -1.0028 -.2819  .6561 -.5361  .5312  0  0
-.3553 -.8167 -.2819 -.6561  .5361 -.5312  0  0
-.4936 -.9859 -.2819 -.6318 -.7733 -.0539  0  0
-.7555 -.7408 -.0201 -.1213 -.0059  .9926  0  0
-.7537 -.777 -.0201 -.1213 -.0059  .9926  0  0
-.7555 -.7408 -.1001 -.0281 -.0014 -.9996  0  0
-.7537 -.777 -.1001 -.0281 -.0014 -.9996  0  0
-1.0153 -.7624 -.052 -.9988 -.0484  0  0  0
-1.014 -.789 -.052 -.9988 -.0484  0  0  0
-1.0153 -.7624 -.0928 -.9988 -.0484  0  0  0
-1.014 -.789 -.0928 -.9988 -.0484  0  0  0
-.4341 -.8006 -.0201 -.9999 -.0135  0  0  0
-.4346 -.7648 -.0201 -.9999 -.0135  0  0  0
-.4341 -.8006 -.1001 -.9999 -.0135  0  0  0
-.4346 -.7648 -.1001 -.9999 -.0135  0  0  0
-.1815 -.7607 -.052  .9927  .1209  0  0  0
-.1847 -.7342 -.052  .9927  .1209  0  0  0
-.1815 -.7607 -.0928  .9927  .1209  0  0  0
-.1847 -.7342 -.0928  .9927  .1209  0  0  0
-.5709 -.9307 -.0201 -.162  .9868  0  0  0
-.5347 -.9248 -.0201 -.162  .9868  0  0  0
-.5709 -.9307 -.1001 -.162  .9868  0  0  0
-.5347 -.9248 -.1001 -.162  .9868  0  0  0
-.5666 -1.2527 -.052 -.0032 -1  0  0  0
-.5399 -1.2528 -.052 -.0031 -1  0  0  0
-.5666 -1.2527 -.0928 -.0032 -1  0  0  0
-.5399 -1.2528 -.0928 -.0032 -1  0  0  0
-.6468 -.2579 -.089  0  0 -1  0  0
-.6617 -.2572 -.089  0  0 -1  0  0
-.6606 -.2521 -.089 -.9224  .3862  0  0  0
-.6578 -.2477 -.089 -.7347  .6784  0  0  0
-.6536 -.2446 -.089 -.4584  .8887  0  0  0
-.6487 -.243 -.089 -.1269  .9919  0  0  0
-.6435 -.2433 -.089  .22  .9755  .0001  0  0
-.6386 -.2453 -.089  .5405  .8414  0  0  0
-.6348 -.2488 -.089  .7957  .6057  0  0  0
-.6324 -.2535 -.089  .9549  .297  0  0  0
-.6318 -.2586 -.089  .9989 -.0472  0  0  0
-.6329 -.2637 -.089  0  0 -1  0  0
-.6357 -.2681 -.089  0  0 -1  0  0
-.6399 -.2712 -.089  0  0 -1  0  0
-.6449 -.2728 -.089  0  0 -1  0  0
-.6501 -.2725 -.089  0  0 -1  0  0
-.6549 -.2705 -.089 -.5402 -.8415  0  0  0
-.6587 -.267 -.089 -.7957 -.6057  0  0  0
-.6611 -.2624 -.089 -.9548 -.2973  0  0  0
-.6617 -.2572  .2301 -.9949  .047  .0889  0  0
-.6606 -.2521  .2301 -.9188  .3846  .0888  0  0
-.6578 -.2477  .2301 -.7319  .6756  .0888  0  0
-.6536 -.2446  .2301 -.4564  .8853  .0887  0  0
-.6487 -.243  .2301 -.1265  .988  .0889  0  0
-.6435 -.2433  .2301  .2192  .9716  .0888  0  0
-.6386 -.2453  .2301  .5383  .838  .0888  0  0
-.6348 -.2488  .2301  .7925  .6033  .0888  0  0
-.6324 -.2535  .2301  .951  .296  .0888  0  0
-.6318 -.2586  .2301  .9949 -.0469  .0889  0  0
-.6329 -.2637  .2301  .9188 -.3845  .0889  0  0
-.6357 -.2681  .2301  .7319 -.6756  .0888  0  0
-.6399 -.2712  .2301  .4565 -.8853  .0889  0  0
-.6449 -.2728  .2301  .1263 -.988  .0888  0  0
-.6501 -.2725  .2301 -.2193 -.9716  .0889  0  0
-.6549 -.2705  .2301 -.5381 -.8382  .0887  0  0
-.6587 -.267  .2301 -.7924 -.6034  .0888  0  0
-.6611 -.2624  .2301 -.9511 -.2959  .0888  0  0
-.6563 -.2575  .2603 -.9828  .0464  .1786  0  0
-.6555 -.2542  .2603 -.7785  .3258 -.5365  0  0
-.6537 -.2515  .2603 -.7229  .6674  .1787  0  0
-.6511 -.2495  .2603 -.4509  .8745  .1787  0  0
-.648 -.2485  .2603 -.1249  .976  .1787  0  0
-.6447 -.2486  .2603  .2167  .9597  .1787  0  0
-.6416 -.2499  .2603  .4562  .71 -.5365  0  0
-.6392 -.2522  .2603  .6715  .5112 -.5365  0  0
-.6377 -.2551  .2603  .8057  .2511 -.5365  0  0
-.6372 -.2584  .2603  .8429 -.0402 -.5365  0  0
-.638 -.2616  .2603  .7783 -.3261 -.5365  0  0
-.6398 -.2644  .2603  .6202 -.5723 -.5365  0  0
-.6424 -.2664  .2603  .3868 -.75 -.5365  0  0
-.6455 -.2674  .2603  .1248 -.976  .1787  0  0
-.6488 -.2672  .2603 -.2165 -.9598  .1787  0  0
-.6519 -.2659  .2603 -.5316 -.828  .1787  0  0
-.6543 -.2637  .2603 -.6713 -.5114 -.5365  0  0
-.6558 -.2607  .2603 -.9395 -.2923  .1787  0  0
-.6708 -.2568  .2831 -.6647  .0312  .7464  0  0
-.669 -.2486  .2831 -.7785  .3257 -.5365  0  0
-.6644 -.2416  .2831 -.4888  .4516  .7464  0  0
-.6578 -.2365  .2831 -.3868  .75 -.5365  0  0
-.6498 -.234  .2831 -.107  .8371 -.5365  0  0
-.6415 -.2344  .2831  .1467  .6491  .7464  0  0
-.6337 -.2377  .2831  .4562  .71 -.5365  0  0
-.6276 -.2433  .2831  .6715  .5112 -.5365  0  0
-.6238 -.2508  .2831  .6353  .198  .7464  0  0
-.6227 -.2591  .2831  .8429 -.0401 -.5365  0  0
-.6246 -.2672  .2831  .614 -.2568  .7464  0  0
-.6291 -.2742  .2831  .4888 -.4516  .7464  0  0
-.6357 -.2793  .2831  .3053 -.5913  .7464  0  0
-.6437 -.2818  .2831  .0845 -.6601  .7464  0  0
-.6521 -.2814  .2831 -.1859 -.8232 -.5365  0  0
-.6598 -.2782  .2831 -.4559 -.7101 -.5365  0  0
-.6659 -.2725  .2831 -.6713 -.5114 -.5365  0  0
-.6697 -.2651  .2831 -.8058 -.2508 -.5365  0  0
-.6583 -.2574  .2943 -.6648  .0313  .7464  0  0
-.6574 -.2535  .2943  0  0  1  0  0
-.6552 -.2501  .2943 -.4888  .4516  .7464  0  0
-.652 -.2477  .2943 -.3054  .5913  .7464  0  0
-.6482 -.2465  .2943  0  0  1  0  0
-.6442 -.2467  .2943  0  0  1  0  0
-.6405 -.2482  .2943  0  0  1  0  0
-.6376 -.2509  .2943  0  0  1  0  0
-.6357 -.2545  .2943  .6354  .198  .7464  0  0
-.6352 -.2585  .2943  0  0  1  0  0
-.6361 -.2624  .2943  0  0  1  0  0
-.6383 -.2657  .2943  0  0  1  0  0
-.6415 -.2682  .2943  0  0  1  0  0
-.6453 -.2694  .2943  0  0  1  0  0
-.6493 -.2692  .2943  0  0  1  0  0
-.653 -.2676  .2943  0  0  1  0  0
-.6559 -.2649  .2943 -.5293 -.4033  .7464  0  0
-.6578 -.2613  .2943  0  0  1  0  0
-.6468 -.2579  .2943  0  0  1  0  0
-1.0252 -.7736 -.089  0  0 -1  0  0
-1.0256 -.7886 -.089 -.0301 -.9995  0  0  0
-1.0307 -.7875 -.089  0  0 -1  0  0
-1.0352 -.7848 -.089  0  0 -1  0  0
-1.0384 -.7807 -.089 -.8805 -.474  0  0  0
-1.04 -.7757 -.089 -.9896 -.1439  0  0  0
-1.0399 -.7705 -.089 -.9792  .2031  0  0  0
-1.0379 -.7657 -.089 -.8505  .526  0  0  0
-1.0345 -.7618 -.089 -.6192  .7852  0  0  0
-1.0299 -.7593 -.089  0  0 -1  0  0
-1.0247 -.7586 -.089  0  0 -1  0  0
-1.0196 -.7596 -.089  0  0 -1  0  0
-1.0152 -.7624 -.089  .6653  .7466  0  0  0
-1.012 -.7665 -.089  .8805  .4741  0  0  0
-1.0103 -.7714 -.089  .9896  .1436  0  0  0
-1.0105 -.7766 -.089  .9791 -.2032  0  0  0
-1.0124 -.7815 -.089  0  0 -1  0  0
-1.0159 -.7853 -.089  0  0 -1  0  0
-1.0205 -.7878 -.089  .3134 -.9496  0  0  0
-1.0256 -.7886  .2301 -.0301 -.9956  .0888  0  0
-1.0307 -.7875  .2301 -.3686 -.9253  .0888  0  0
-1.0352 -.7848  .2301 -.6629 -.7434  .0889  0  0
-1.0384 -.7807  .2301 -.8771 -.4721  .0888  0  0
-1.04 -.7757  .2301 -.9857 -.1433  .0888  0  0
-1.0399 -.7705  .2301 -.9753  .2023  .0889  0  0
-1.0379 -.7657  .2301 -.8471  .5239  .0889  0  0
-1.0345 -.7618  .2301 -.6167  .7822  .0889  0  0
-1.0299 -.7593  .2301 -.3124  .9458  .0888  0  0
-1.0247 -.7586  .2301  .0303  .9956  .0889  0  0
-1.0196 -.7596  .2301  .3691  .9251  .0888  0  0
-1.0152 -.7624  .2301  .6627  .7436  .0888  0  0
-1.012 -.7665  .2301  .877  .4722  .0888  0  0
-1.0103 -.7714  .2301  .9857  .1432  .0887  0  0
-1.0105 -.7766  .2301  .9752 -.2025  .0888  0  0
-1.0124 -.7815  .2301  .8472 -.5238  .0888  0  0
-1.0159 -.7853  .2301  .6169 -.782  .0888  0  0
-1.0205 -.7878  .2301  .3122 -.9459  .0888  0  0
-1.0255 -.7831  .2603 -.0254 -.8435 -.5365  0  0
-1.0287 -.7824  .2603 -.3126 -.7838 -.5366  0  0
-1.0315 -.7807  .2603 -.6551 -.7342  .1786  0  0
-1.0336 -.7781  .2603 -.8662 -.4668  .1787  0  0
-1.0346 -.7749  .2603 -.8352 -.1213 -.5364  0  0
-1.0345 -.7716  .2603 -.8262  .1717 -.5365  0  0
-1.0333 -.7686  .2603 -.8369  .5174  .1786  0  0
-1.0311 -.7661  .2603 -.5232  .6621 -.5365  0  0
-1.0282 -.7645  .2603 -.2646  .8014 -.5365  0  0
-1.0249 -.7641  .2603  .0294  .9835  .1787  0  0
-1.0217 -.7647  .2603  .3647  .9138  .1787  0  0
-1.0189 -.7665  .2603  .6548  .7344  .1786  0  0
-1.0168 -.7691  .2603  .7431  .3999 -.5365  0  0
-1.0158 -.7722  .2603  .8351  .1216 -.5364  0  0
-1.0159 -.7755  .2603  .9633 -.2006  .1786  0  0
-1.0171 -.7786  .2603  .8371 -.5171  .1786  0  0
-1.0193 -.781  .2603  .6095 -.7724  .1787  0  0
-1.0222 -.7826  .2603  .2644 -.8014 -.5365  0  0
-1.0259 -.7976  .2831 -.0255 -.8435 -.5365  0  0
-1.0341 -.7959  .2831 -.2466 -.6181  .7464  0  0
-1.0412 -.7915  .2831 -.4429 -.4968  .7464  0  0
-1.0464 -.785  .2831 -.5864 -.3151  .7462  0  0
-1.049 -.777  .2831 -.6586 -.0961  .7464  0  0
-1.0487 -.7687  .2831 -.8264  .1713 -.5364  0  0
-1.0457 -.7609  .2831 -.7178  .4437 -.5366  0  0
-1.0401 -.7547  .2831 -.5228  .6624 -.5366  0  0
-1.0327 -.7507  .2831 -.2647  .8013 -.5365  0  0
-1.0245 -.7495  .2831  .0254  .8435 -.5365  0  0
-1.0163 -.7512  .2831  .3122  .784 -.5365  0  0
-1.0092 -.7556  .2831  .5618  .6297 -.5366  0  0
-1.004 -.7622  .2831  .5862  .3149  .7464  0  0
-1.0014 -.7701  .2831  .6587  .0955  .7464  0  0
-1.0016 -.7785  .2831  .6517 -.1351  .7463  0  0
-1.0047 -.7862  .2831  .566 -.35  .7464  0  0
-1.0103 -.7925  .2831  .4124 -.5224  .7464  0  0
-1.0176 -.7964  .2831  .2647 -.8013 -.5365  0  0
-1.0255 -.7851  .2943 -.0195 -.6652  .7464  0  0
-1.0295 -.7843  .2943  0  0  1  0  0
-1.0329 -.7822  .2943  0  0  1  0  0
-1.0353 -.779  .2943 -.5864 -.315  .7463  0  0
-1.0366 -.7752  .2943 -.6587 -.0958  .7463  0  0
-1.0365 -.7712  .2943 -.6516  .1356  .7463  0  0
-1.035 -.7675  .2943 -.5661  .3499  .7464  0  0
-1.0323 -.7645  .2943  0  0  1  0  0
-1.0288 -.7626  .2943  0  0  1  0  0
-1.0248 -.7621  .2943  0  0  1  0  0
-1.0209 -.7629  .2943  0  0  1  0  0
-1.0175 -.765  .2943  .443  .4966  .7464  0  0
-1.015 -.7681  .2943  .5862  .315  .7464  0  0
-1.0138 -.7719  .2943  .6586  .0957  .7464  0  0
-1.0139 -.7759  .2943  0  0  1  0  0
-1.0154 -.7796  .2943  .5661 -.3499  .7464  0  0
-1.018 -.7826  .2943  0  0  1  0  0
-1.0216 -.7845  .2943  0  0  1  0  0
-1.0252 -.7736  .2943  0  0  1  0  0
-.1724 -.7488 -.089  0  0 -1  0  0
-.173 -.7338 -.089 -.0425  .9991  0  0  0
-.1679 -.7345 -.089  .3016  .9534  0  0  0
-.1633 -.7369 -.089  .6095  .7928  0  0  0
-.1597 -.7407 -.089  .8439  .5365  0  0  0
-.1577 -.7455 -.089  0  0 -1  0  0
-.1575 -.7507 -.089  .9913 -.1314  0  0  0
-.1591 -.7557 -.089  .8865 -.4628  0  0  0
-.1623 -.7598 -.089  .6748 -.738  0  0  0
-.1667 -.7626 -.089  .3817 -.9243  0  0  0
-.1718 -.7637 -.089  .0427 -.9991  0  0  0
-.1769 -.7631 -.089 -.3019 -.9534  0  0  0
-.1815 -.7607 -.089 -.6097 -.7926  0  0  0
-.1851 -.7568 -.089 -.8438 -.5366  0  0  0
-.187 -.752 -.089 -.9766 -.2152  0  0  0
-.1873 -.7468 -.089 -.9913  .1314  0  0  0
-.1857 -.7418 -.089 -.8866  .4626  0  0  0
-.1825 -.7377 -.089  0  0 -1  0  0
-.1781 -.7349 -.089  0  0 -1  0  0
-.173 -.7338  .2301 -.0422  .9951  .0889  0  0
-.1679 -.7345  .2301  .3006  .9496  .0888  0  0
-.1633 -.7369  .2301  .6071  .7896  .0888  0  0
-.1597 -.7407  .2301  .8406  .5344  .0889  0  0
-.1577 -.7455  .2301  .9727  .2144  .0889  0  0
-.1575 -.7507  .2301  .9874 -.131  .0888  0  0
-.1591 -.7557  .2301  .883 -.4609  .0888  0  0
-.1623 -.7598  .2301  .6722 -.735  .0889  0  0
-.1667 -.7626  .2301  .3801 -.9207  .0889  0  0
-.1718 -.7637  .2301  .0426 -.9951  .0889  0  0
-.1769 -.7631  .2301 -.3006 -.9496  .0889  0  0
-.1815 -.7607  .2301 -.6072 -.7896  .0888  0  0
-.1851 -.7568  .2301 -.8406 -.5344  .0889  0  0
-.187 -.752  .2301 -.9727 -.2144  .0889  0  0
-.1873 -.7468  .2301 -.9874  .131  .0888  0  0
-.1857 -.7418  .2301 -.8831  .4608  .0889  0  0
-.1825 -.7377  .2301 -.672  .7352  .0889  0  0
-.1781 -.7349  .2301 -.3802  .9206  .0888  0  0
-.1728 -.7393  .2603 -.042  .983  .1787  0  0
-.1695 -.7397  .2603  .2969  .938  .1786  0  0
-.1666 -.7412  .2603  .5997  .7801  .1786  0  0
-.1644 -.7437  .2603  .8304  .5277  .1787  0  0
-.1631 -.7467  .2603  .9609  .2117  .1787  0  0
-.163 -.75  .2603  .9754 -.1292  .1787  0  0
-.164 -.7532  .2603  .8722 -.4554  .1787  0  0
-.166 -.7558  .2603  .6641 -.726  .1787  0  0
-.1688 -.7576  .2603  .3755 -.9094  .1787  0  0
-.172 -.7583  .2603  .042 -.983  .1787  0  0
-.1753 -.7578  .2603 -.2967 -.9381  .1787  0  0
-.1782 -.7563  .2603 -.5146 -.6688 -.5365  0  0
-.1804 -.7539  .2603 -.8304 -.5278  .1787  0  0
-.1817 -.7508  .2603 -.9608 -.2121  .1787  0  0
-.1818 -.7475  .2603 -.9754  .1294  .1787  0  0
-.1808 -.7444  .2603 -.8723  .4551  .1787  0  0
-.1788 -.7417  .2603 -.5694  .6228 -.5365  0  0
-.176 -.74  .2603 -.3222  .7799 -.5365  0  0
-.1734 -.7247  .2831 -.0285  .6649  .7464  0  0
-.1651 -.7258  .2831  .2009  .6344  .7464  0  0
-.1577 -.7297  .2831  .5146  .6689 -.5365  0  0
-.1521 -.7359  .2831  .7121  .4529 -.5365  0  0
-.1489 -.7436  .2831  .6498  .1435  .7464  0  0
-.1485 -.7519  .2831  .6597 -.0878  .7464  0  0
-.1511 -.7599  .2831  .7482 -.3903 -.5365  0  0
-.1562 -.7665  .2831  .5694 -.6229 -.5365  0  0
-.1632 -.771  .2831  .3221 -.78 -.5365  0  0
-.1714 -.7728  .2831  .036 -.8431 -.5365  0  0
-.1797 -.7717  .2831 -.2545 -.8046 -.5365  0  0
-.1871 -.7678  .2831 -.5146 -.6689 -.5365  0  0
-.1927 -.7617  .2831 -.712 -.453 -.5365  0  0
-.1959 -.7539  .2831 -.6498 -.1435  .7464  0  0
-.1962 -.7456  .2831 -.8365  .1111 -.5365  0  0
-.1937 -.7376  .2831 -.7482  .3903 -.5365  0  0
-.1886 -.731  .2831 -.5693  .6229 -.5365  0  0
-.1816 -.7265  .2831 -.3223  .78 -.5365  0  0
-.1729 -.7372  .2943  0  0  1  0  0
-.1689 -.7378  .2943  0  0  1  0  0
-.1654 -.7396  .2943  0  0  1  0  0
-.1627 -.7426  .2943  0  0  1  0  0
-.1611 -.7463  .2943  0  0  1  0  0
-.161 -.7503  .2943  0  0  1  0  0
-.1622 -.7541  .2943  0  0  1  0  0
-.1646 -.7573  .2943  0  0  1  0  0
-.168 -.7594  .2943  0  0  1  0  0
-.1719 -.7603  .2943  0  0  1  0  0
-.1759 -.7598  .2943  0  0  1  0  0
-.1794 -.7579  .2943  0  0  1  0  0
-.1821 -.7549  .2943  0  0  1  0  0
-.1837 -.7512  .2943  0  0  1  0  0
-.1838 -.7472  .2943  0  0  1  0  0
-.1826 -.7434  .2943  0  0  1  0  0
-.1802 -.7403  .2943  0  0  1  0  0
-.1768 -.7381  .2943  0  0  1  0  0
-.1724 -.7488  .2943  0  0  1  0  0
-.5559 -1.2632 -.089  0  0 -1  0  0
-.5409 -1.2644 -.089  0  0 -1  0  0
-.5422 -1.2694 -.089  .9085 -.4178  0  0  0
-.5452 -1.2737 -.089  .7108 -.7034  0  0  0
-.5495 -1.2767 -.089  0  0 -1  0  0
-.5545 -1.2781 -.089  .0928 -.9957  0  0  0
-.5597 -1.2777 -.089 -.2538 -.9672  0  0  0
-.5644 -1.2755 -.089 -.5689 -.8224  .0001  0  0
-.5681 -1.2719 -.089 -.8161 -.578  0  0  0
-.5703 -1.2671 -.089 -.9645 -.264  0  0  0
-.5708 -1.262 -.089 -.9967  .0815  0  0  0
-.5695 -1.2569 -.089  0  0 -1  0  0
-.5665 -1.2526 -.089  0  0 -1  0  0
-.5623 -1.2496 -.089 -.427  .9043  0  0  0
-.5573 -1.2482 -.089 -.0929  .9957  0  0  0
-.5521 -1.2487 -.089  .2528  .9675  0  0  0
-.5473 -1.2508 -.089  .5689  .8224  0  0  0
-.5436 -1.2545 -.089  0  0 -1  0  0
-.5414 -1.2592 -.089  0  0 -1  0  0
-.5409 -1.2644  .2301  .9927 -.0812  .0889  0  0
-.5422 -1.2694  .2301  .9049 -.4162  .0889  0  0
-.5452 -1.2737  .2301  .708 -.7006  .0888  0  0
-.5495 -1.2767  .2301  .4263 -.9002  .0888  0  0
-.5545 -1.2781  .2301  .0925 -.9917  .0888  0  0
-.5597 -1.2777  .2301 -.2528 -.9634  .0888  0  0
-.5644 -1.2755  .2301 -.5668 -.8191  .0888  0  0
-.5681 -1.2719  .2301 -.8128 -.5757  .0888  0  0
-.5703 -1.2671  .2301 -.9607 -.263  .0888  0  0
-.5708 -1.262  .2301 -.9927  .0812  .0889  0  0
-.5695 -1.2569  .2301 -.9049  .4162  .0889  0  0
-.5665 -1.2526  .2301 -.7079  .7007  .0889  0  0
-.5623 -1.2496  .2301 -.4253  .9007  .0888  0  0
-.5573 -1.2482  .2301 -.0926  .9917  .0888  0  0
-.5521 -1.2487  .2301  .252  .9636  .0889  0  0
-.5473 -1.2508  .2301  .5667  .8191  .0889  0  0
-.5436 -1.2545  .2301  .8128  .5758  .0889  0  0
-.5414 -1.2592  .2301  .9607  .263  .0888  0  0
-.5464 -1.264  .2603  .8411 -.0691 -.5365  0  0
-.5472 -1.2672  .2603  .7669 -.3522 -.5365  0  0
-.5491 -1.2699  .2603  .6998 -.6916  .1786  0  0
-.5518 -1.2718  .2603  .4199 -.8899  .1785  0  0
-.555 -1.2727  .2603  .0908 -.9797  .1786  0  0
-.5583 -1.2724  .2603 -.2487 -.9519  .1788  0  0
-.5613 -1.271  .2603 -.5597 -.8092  .1786  0  0
-.5636 -1.2687  .2603 -.6886 -.4878 -.5365  0  0
-.565 -1.2657  .2603 -.8141 -.2222 -.5366  0  0
-.5654 -1.2624  .2603 -.9806  .0806  .1787  0  0
-.5645 -1.2592  .2603 -.8938  .4113  .1787  0  0
-.5626 -1.2565  .2603 -.5999  .5935 -.5365  0  0
-.5599 -1.2546  .2603 -.3613  .7626 -.5366  0  0
-.5567 -1.2537  .2603 -.0908  .9797  .1786  0  0
-.5535 -1.254  .2603  .214  .8162 -.5366  0  0
-.5505 -1.2554  .2603  .5598  .8091  .1788  0  0
-.5481 -1.2577  .2603  .8026  .5691  .1787  0  0
-.5467 -1.2607  .2603  .8139  .223 -.5365  0  0
-.5319 -1.2651  .2831  .8411 -.0691 -.5365  0  0
-.534 -1.2732  .2831  .7669 -.3523 -.5365  0  0
-.5388 -1.2801  .2831  .4733 -.4677  .7465  0  0
-.5456 -1.2849  .2831  .2841 -.6017  .7465  0  0
-.5536 -1.2871  .2831  .078 -.8403 -.5365  0  0
-.562 -1.2865  .2831 -.2141 -.8163 -.5365  0  0
-.5696 -1.283  .2831 -.4804 -.6939 -.5364  0  0
-.5755 -1.2771  .2831 -.6886 -.488 -.5364  0  0
-.5791 -1.2695  .2831 -.814 -.2228 -.5365  0  0
-.5799 -1.2612  .2831 -.8411  .0688 -.5365  0  0
-.5777 -1.2531  .2831 -.7666  .3528 -.5365  0  0
-.573 -1.2463  .2831 -.6002  .5932 -.5365  0  0
-.5662 -1.2414  .2831 -.361  .7627 -.5367  0  0
-.5581 -1.2392  .2831 -.0612  .6626  .7465  0  0
-.5498 -1.2399  .2831  .1684  .6437  .7465  0  0
-.5422 -1.2434  .2831  .3788  .547  .7465  0  0
-.5362 -1.2493  .2831  .6886  .4878 -.5366  0  0
-.5327 -1.2568  .2831  .6419  .1758  .7463  0  0
-.5444 -1.2641  .2943  0  0  1  0  0
-.5454 -1.268  .2943  0  0  1  0  0
-.5477 -1.2713  .2943  0  0  1  0  0
-.5509 -1.2736  .2943  0  0  1  0  0
-.5548 -1.2747  .2943  0  0  1  0  0
-.5588 -1.2743  .2943  0  0  1  0  0
-.5624 -1.2727  .2943  0  0  1  0  0
-.5653 -1.2698  .2943  0  0  1  0  0
-.567 -1.2662  .2943  0  0  1  0  0
-.5674 -1.2622  .2943  0  0  1  0  0
-.5663 -1.2584  .2943  0  0  1  0  0
-.5641 -1.2551  .2943  0  0  1  0  0
-.5608 -1.2528  .2943  0  0  1  0  0
-.5569 -1.2517  .2943  0  0  1  0  0
-.5529 -1.252  .2943  0  0  1  0  0
-.5493 -1.2537  .2943  0  0  1  0  0
-.5465 -1.2565  .2943  0  0  1  0  0
-.5447 -1.2601  .2943  0  0  1  0  0
-.5559 -1.2632  .2943  0  0  1  0  0
-.6363 -.7903  .0592 -.9973 -.0741  0  0  0
-.6409 -.7277  .0592 -.9973 -.0741  0  0  0
-.5737 -.7856  .0592  .9973  .0741  0  0  0
-.5783 -.7231  .0592  .9973  .0741  0  0  0
-.6191 -.762 -.0353 -.3061 -.3954  .866  0  0
-.6243 -.7687 -.0424 -.4689 -.6057  .6429  0  0
-.6127 -.7538 -.0315 -.1062 -.1372  .9848  0  0
-.6059 -.745 -.0315  .1062  .1371  .9848  0  0
-.5995 -.7368 -.0906  .306  .3952 -.8661  0  0
-.6059 -.745 -.0944  .1063  .1373 -.9848  0  0
-.6127 -.7538 -.0944 -.1063 -.1373 -.9848  0  0
-.6191 -.762 -.0906 -.306 -.3952 -.8661  0  0
-.5898 -.7242 -.063  .6122  .7907  .0001  0  0
-.5909 -.7257 -.0521  .5753  .7431  .3419  0  0
-.6276 -.7731 -.052 -.5753 -.7429  .3422  0  0
-.5909 -.7257 -.0739  .5753  .743 -.342  0  0
-.5943 -.7301 -.0835  .4691  .6058 -.6426  0  0
-.6276 -.7731 -.0739 -.5753 -.7431 -.3418  0  0
-.6288 -.7746 -.063 -.6122 -.7907 -.0001  0  0
-.5995 -.7368 -.0353  .3062  .3955  .8659  0  0
-.5943 -.7301 -.0425  .469  .6056  .6429  0  0
-.6243 -.7687 -.0835 -.469 -.6057 -.6428  0  0
-.5791 -.793 -.0906 -.306 -.3952 -.8661  0  0
-.5843 -.7997 -.0835 -.469 -.6058 -.6427  0  0
-.5877 -.8041 -.052 -.5753 -.743  .3419  0  0
-.5843 -.7997 -.0425 -.4689 -.6056  .6429  0  0
-.551 -.7567 -.0739  .5753  .7431 -.3418  0  0
-.5544 -.761 -.0835  .4689  .6056 -.6429  0  0
-.5498 -.7551 -.063  .6122  .7907 -.0001  0  0
-.551 -.7567 -.052  .5753  .7429  .3422  0  0
-.5596 -.7678 -.0906  .3061  .3954 -.866  0  0
-.5659 -.776 -.0944  .1063  .1372 -.9848  0  0
-.5596 -.7678 -.0353  .306  .3952  .8661  0  0
-.5544 -.761 -.0424  .469  .6057  .6427  0  0
-.5791 -.793 -.0353 -.3062 -.3955  .8659  0  0
-.5727 -.7847 -.0315 -.1062 -.1372  .9848  0  0
-.5659 -.776 -.0315  .1063  .1373  .9848  0  0
-.5877 -.8041 -.0739 -.5753 -.7431 -.3419  0  0
-.5727 -.7847 -.0944 -.1062 -.1372 -.9848  0  0
-.5889 -.8056 -.063 -.6122 -.7907 -.0001  0  0
-.7015 -.7089 -.0835 -.4689 -.6056 -.6429  0  0
-.7049 -.7133 -.0739 -.5753 -.7431 -.3419  0  0
-.667 -.6644 -.063  .6122  .7907  .0001  0  0
-.6682 -.6659 -.0739  .5753  .743 -.3421  0  0
-.6716 -.6703 -.0835  .469  .6058 -.6427  0  0
-.6768 -.677 -.0906  .306  .3952 -.8661  0  0
-.6716 -.6703 -.0425  .4689  .6056  .6429  0  0
-.6682 -.6659 -.052  .5753  .7431  .3419  0  0
-.7061 -.7148 -.063 -.6122 -.7907 -.0001  0  0
-.7049 -.7133 -.052 -.5753 -.743  .3421  0  0
-.6963 -.7022 -.0906 -.306 -.3952 -.8661  0  0
-.6832 -.6852 -.0944  .1063  .1373 -.9848  0  0
-.69 -.694 -.0944 -.1064 -.1373 -.9848  0  0
-.6832 -.6852 -.0315  .1063  .1372  .9848  0  0
-.6768 -.677 -.0353  .3062  .3955  .8659  0  0
-.6963 -.7022 -.0353 -.3062 -.3954  .866  0  0
-.69 -.694 -.0315 -.1063 -.1372  .9848  0  0
-.7015 -.7089 -.0425 -.4689 -.6056  .6429  0  0
-.5042 -.851 -.0906 -.306 -.3952 -.8661  0  0
-.5094 -.8577 -.0835 -.4691 -.6058 -.6427  0  0
-.5128 -.8621 -.052 -.5753 -.7431  .3418  0  0
-.5094 -.8577 -.0425 -.4689 -.6056  .6429  0  0
-.476 -.8147 -.0739  .5753  .7431 -.3419  0  0
-.4794 -.819 -.0835  .4689  .6056 -.6429  0  0
-.4749 -.8131 -.063  .6122  .7907 -.0001  0  0
-.476 -.8147 -.052  .5753  .743  .3421  0  0
-.4846 -.8258 -.0906  .3062  .3954 -.866  0  0
-.491 -.834 -.0944  .1063  .1373 -.9848  0  0
-.4846 -.8258 -.0353  .3061  .3953  .866  0  0
-.4794 -.819 -.0425  .469  .6058  .6426  0  0
-.5042 -.851 -.0353 -.3062 -.3955  .8659  0  0
-.4978 -.8428 -.0315 -.1063 -.1373  .9848  0  0
-.491 -.834 -.0315  .1063  .1373  .9848  0  0
-.5128 -.8621 -.0739 -.5753 -.743 -.342  0  0
-.4978 -.8428 -.0944 -.1063 -.1372 -.9848  0  0
-.5139 -.8636 -.063 -.6122 -.7907 -.0001  0  0
-.1627 -.7426  .2943  .5617  .3569  .7464  0  0
-.1611 -.7463  .2943  .6498  .1435  .7464  0  0
-.6563 -.2575  .2603 -.843  .04 -.5365  0  0
-.6558 -.2607  .2603 -.8057 -.2509 -.5365  0  0
-.754 -.7788  .0057  0  0  1  0  0
-.754 -.7788  .0057  .7744 -.6327  0  0  0
-.6158 -.6096  .0057  0  0  1  0  0
-.6158 -.6096  .0057  .7744 -.6327  0  0  0
-.6237 -.7757  .1737  .0664 -.8934 -.4444  0  0
-.6237 -.7757  .1737  .0716 -.9634  .2584  0  0
-.6237 -.7757  .1737 -.9634 -.0716  .2584  0  0
-.6796 -.8406  .2957  .0727 -.9785 -.1931  0  0
-1.0153 -.7624 -.052 -.0828  .9966  0  0  0
-1.0153 -.7624 -.052 -.1213 -.0059  .9926  0  0
-1.0153 -.7624 -.0928 -.0828  .9966  0  0  0
-1.0153 -.7624 -.0928 -.0281 -.0014 -.9996  0  0
-1.0299 -.7593 -.089 -.3137  .9495  0  0  0
-1.0247 -.7586 -.089  .0305  .9995  0  0  0
-.1577 -.7297  .2831  .4055  .5277  .7464  0  0
-.1521 -.7359  .2831  .5617  .3569  .7464  0  0
-.173 -.7338 -.089  0  0 -1  0  0
-.1679 -.7345 -.089  0  0 -1  0  0
-.6383 -.2657  .2943  .4888 -.4516  .7464  0  0
-.6415 -.2682  .2943  .3053 -.5913  .7464  0  0
-.4584 -.8154  .0016  .7816 -.6238  0  0  0
-.4584 -.8154  .0016  .6238  .7816  0  0  0
-.5177 -.8897  .0016  .7816 -.6238  0  0  0
-.5177 -.8897  .0016 -.6238 -.7816  0  0  0
-.573 -1.2463  .2831 -.4731  .4682  .7463  0  0
-.5662 -1.2414  .2831 -.2844  .6016  .7465  0  0
-1.0346 -.7749  .2603 -.9737 -.1417  .1786  0  0
-1.0345 -.7716  .2603 -.9633  .2006  .1786  0  0
-.1815 -.7607 -.052  .1563 -.9877  0  0  0
-.1815 -.7607 -.052  .1229  .015  .9923  0  0
-.1815 -.7607 -.0928  .1563 -.9877  0  0  0
-.1815 -.7607 -.0928  .0289  .0009 -.9996  0  0
-.5654 -1.2624  .2603 -.8411  .0689 -.5365  0  0
-.5645 -1.2592  .2603 -.7665  .3529 -.5366  0  0
-.5422 -1.2694 -.089  0  0 -1  0  0
-.5452 -1.2737 -.089  0  0 -1  0  0
-1.0365 -.7712  .2943  0  0  1  0  0
-1.035 -.7675  .2943  0  0  1  0  0
-1.0014 -.7701  .2831  .8351  .1212 -.5365  0  0
-1.0016 -.7785  .2831  .8263 -.1716 -.5364  0  0
-.6398 -.2644  .2603  .7228 -.6676  .1787  0  0
-.6424 -.2664  .2603  .4509 -.8745  .1787  0  0
-.6532 -.6161 -.0201  .1772 -.9842  0  0  0
-.6532 -.6161 -.0201 -.9996 -.0266  0  0  0
-.6532 -.6161 -.1001  .1772 -.9842  0  0  0
-.6532 -.6161 -.1001 -.9996 -.0266  0  0  0
-.6176 -.6097 -.0201  .1772 -.9842  0  0  0
-.6176 -.6097 -.0201  .9986  .053  0  0  0
-.754 -.7788 -.1292  .7744 -.6327  0  0  0
-.754 -.7788 -.1292 -.6325 -.7743  .0205  0  0
-.6263 -.7403  .1737 -.0664  .8934 -.4444  0  0
-.6263 -.7403  .1737 -.0716  .9634  .2584  0  0
-.6263 -.7403  .1737 -.9634 -.0716  .2584  0  0
-.6912 -.6844  .2957 -.0727  .9785 -.1931  0  0
-.7537 -.777 -.0201  .046 -.9989  0  0  0
-.7537 -.777 -.0201  .9988  .0484  0  0  0
-.7537 -.777 -.1001  .046 -.9989  0  0  0
-.7537 -.777 -.1001  .9988  .0484  0  0  0
-1.014 -.789 -.052 -.1213 -.0059  .9926  0  0
-1.014 -.789 -.052  .046 -.9989  0  0  0
-1.0124 -.7815 -.089  .8506 -.5258  0  0  0
-1.0159 -.7853 -.089  .6193 -.7852  0  0  0
-.1633 -.7369 -.089  0  0 -1  0  0
-.5581 -1.2392  .2831 -.0779  .8402 -.5366  0  0
-.5177 -.8897  .0615  .7816 -.6238  0  0  0
-.5177 -.8897  .0615  0  0  1  0  0
-.5319 -1.2651  .2831  .6633 -.0542  .7464  0  0
-.534 -1.2732  .2831  .6048 -.2777  .7464  0  0
-.5495 -1.2767 -.089  .4279 -.9038  0  0  0
-.172 -.7583  .2603  .0362 -.8431 -.5365  0  0
-.1753 -.7578  .2603 -.2544 -.8046 -.5365  0  0
-.5624 -1.2727  .2943 -.3788 -.5472  .7464  0  0
-.5653 -1.2698  .2943 -.543 -.3848  .7464  0  0
-1.0163 -.7512  .2831  .2465  .6181  .7464  0  0
-1.0092 -.7556  .2831  .4431  .4965  .7464  0  0
-.6552 -.2501  .2943  0  0  1  0  0
-.652 -.2477  .2943  0  0  1  0  0
-.6543 -.2637  .2603 -.7827 -.5962  .1787  0  0
-.6176 -.6097 -.1001  .1772 -.9842  0  0  0
-.6176 -.6097 -.1001  .9986  .053  0  0  0
-.8334 -.7246 -.2819  0  0 -1  0  0
-.8334 -.7246 -.2819 -.6318 -.7732  .0539  0  0
-.6952 -.5554 -.2819  0  0 -1  0  0
-.6952 -.5554 -.2819  .6318  .7733 -.0539  0  0
-.5909 -.7376  .1737  .8934  .0664 -.4444  0  0
-.5909 -.7376  .1737 -.0716  .9634  .2584  0  0
-.5909 -.7376  .1737 -.0664  .8934 -.4444  0  0
-.535 -.6728  .2957  .9785  .0727 -.1931  0  0
-1.0105 -.7766 -.089  0  0 -1  0  0
-.1734 -.7247  .2831 -.0362  .8431 -.5365  0  0
-.1651 -.7258  .2831  .2547  .8045 -.5365  0  0
-.1597 -.7407 -.089  0  0 -1  0  0
-.5498 -1.2399  .2831  .2137  .8163 -.5366  0  0
-1.0217 -.7647  .2603  .3124  .7839 -.5366  0  0
-1.0189 -.7665  .2603  .562  .6295 -.5366  0  0
-.5388 -1.2801  .2831  .5999 -.5935 -.5365  0  0
-.6357 -.2681 -.089  .7348 -.6782  0  0  0
-.6399 -.2712 -.089  .4583 -.8888  0  0  0
-.5588 -1.2743  .2943 -.1685 -.6438  .7464  0  0
-1.0353 -.779  .2943  0  0  1  0  0
-1.0366 -.7752  .2943  0  0  1  0  0
-.5293 -.6662  .3732 -.0665  .8945 -.4422  0  0
-.5293 -.6662  .3732  .8945  .0665 -.4421  0  0
-.6978 -.6787  .3732 -.0665  .8945 -.4422  0  0
-.6978 -.6787  .3732 -.8945 -.0665 -.4422  0  0
-.6574 -.2535  .2943 -.614  .2567  .7464  0  0
-.6578 -.2365  .2831 -.3052  .5914  .7464  0  0
-.6498 -.234  .2831 -.0847  .6601  .7464  0  0
-.161 -.7503  .2943  .6597 -.0877  .7464  0  0
-.5882 -.7731  .1737  .8934  .0664 -.4444  0  0
-.5882 -.7731  .1737  .0716 -.9634  .2584  0  0
-.5882 -.7731  .1737  .0664 -.8934 -.4444  0  0
-.5234 -.829  .2957  .9785  .0727 -.1931  0  0
-1.0196 -.7596 -.089  .3707  .9288  0  0  0
-.5666 -1.2527 -.0928  .0069 -.0224 -.9997  0  0
-.5666 -1.2527 -.0928 -.9999 -.0136  0  0  0
-.5399 -1.2528 -.0928 -.0001 -.0224 -.9997  0  0
-.5399 -1.2528 -.0928  .9999 -.0157  0  0  0
-.6453 -.2694  .2943  .0847 -.6601  .7464  0  0
-.5777 -1.2531  .2831 -.6046  .2781  .7464  0  0
-.7296 -.7206  .0615 -.7816  .6238  0  0  0
-.7296 -.7206  .0615  0  0  1  0  0
-.7296 -.7206  .0016 -.7816  .6238  0  0  0
-.7296 -.7206  .0016 -.6238 -.7816  0  0  0
-1.0168 -.7691  .2603  .8662  .4667  .1787  0  0
-.565 -1.2657  .2603 -.9491 -.2595  .1786  0  0
-.6329 -.2637 -.089  .9225 -.3861  0  0  0
-.6158 -.6096 -.1292  .7744 -.6327  0  0  0
-.6158 -.6096 -.1292  .6326  .7742 -.0203  0  0
-.5623 -1.2496 -.089  0  0 -1  0  0
-.5573 -1.2482 -.089  0  0 -1  0  0
-.6416 -.2499  .2603  .5317  .8279  .1787  0  0
-.6392 -.2522  .2603  .7828  .5961  .1787  0  0
-.7747 -.7619  .0057 -.7744  .6327  0  0  0
-.7747 -.7619  .0057  0  0  1  0  0
-.6364 -.5927  .0057 -.7744  .6327  0  0  0
-.6364 -.5927  .0057  0  0  1  0  0
-.1646 -.7573  .2943  .449 -.4912  .7464  0  0
-.168 -.7594  .2943  .2538 -.6152  .7464  0  0
-.1851 -.7568 -.089  0  0 -1  0  0
-.187 -.752 -.089  0  0 -1  0  0
-.653 -.2676  .2943 -.3598 -.5598  .7464  0  0
-.6559 -.2649  .2943  0  0  1  0  0
-.6703 -.6463  .0016 -.7816  .6238  0  0  0
-.6703 -.6463  .0016  .6238  .7816  0  0  0
-1.0255 -.7831  .2603 -.0293 -.9835  .1786  0  0
-1.0287 -.7824  .2603 -.3646 -.9139  .1786  0  0
-.5665 -1.2526 -.089 -.7106  .7036  0  0  0
-.1688 -.7576  .2603  .3219 -.7801 -.5365  0  0
-.6449 -.2728 -.089  .1269 -.9919  0  0  0
-.6501 -.2725 -.089 -.22 -.9755  0  0  0
-.5509 -1.2736  .2943  .2842 -.6017  .7465  0  0
-.5548 -1.2747  .2943  .0619 -.6625  .7465  0  0
-.6852 -.8471  .3732 -.8945 -.0665 -.4422  0  0
-.6852 -.8471  .3732  .0665 -.8945 -.4421  0  0
-.5583 -1.2724  .2603 -.2131 -.8166 -.5364  0  0
-.5613 -1.271  .2603 -.4804 -.6939 -.5364  0  0
-.5168 -.8346  .3732  .0665 -.8945 -.4421  0  0
-.5168 -.8346  .3732  .8945  .0665 -.4421  0  0
-.6377 -.2551  .2603  .9394  .2926  .1787  0  0
-.6912 -.6844  .3542 -.9922 -.0737  .1009  0  0
-.7747 -.7619 -.1292 -.7744  .6327  0  0  0
-.7747 -.7619 -.1292 -.6561  .5361  .5312  0  0
-.1622 -.7541  .2943  .5901 -.3077  .7464  0  0
-.5666 -1.2527 -.052 -.0003 -.0985  .9951  0  0
-.5666 -1.2527 -.052 -.9999 -.0136  0  0  0
-.5399 -1.2528 -.052  .0071 -.0977  .9952  0  0
-.5399 -1.2528 -.052  .9999 -.0157  0  0  0
-.1817 -.7508  .2603 -.8241 -.1819 -.5365  0  0
-.1818 -.7475  .2603 -.8365  .1113 -.5365  0  0
-.6493 -.2692  .2943 -.1466 -.6491  .7464  0  0
-.5695 -1.2569 -.089 -.9086  .4178  0  0  0
-.5636 -1.2687  .2603 -.8032 -.5684  .1786  0  0
-.6644 -.2416  .2831 -.6199  .5726 -.5365  0  0
-.535 -.6728  .3542  .9922  .0737  .1007  0  0
-1.0154 -.7796  .2943  0  0  1  0  0
-1.018 -.7826  .2943  .4124 -.5223  .7464  0  0
-.6617 -.2572 -.089 -.9989  .0473  0  0  0
-.6606 -.2521 -.089  0  0 -1  0  0
-.1808 -.7444  .2603 -.7482  .3903 -.5365  0  0
-.5521 -1.2487 -.089  0  0 -1  0  0
-.6372 -.2584  .2603  .9828 -.0467  .1786  0  0
-.638 -.2616  .2603  .9077 -.3798  .1786  0  0
-.6583 -.2574  .2943  0  0  1  0  0
-.6578 -.2613  .2943 -.6355 -.1976  .7464  0  0
-1.0384 -.7807 -.089  0  0 -1  0  0
-1.04 -.7757 -.089  0  0 -1  0  0
-.1719 -.7603  .2943  .0285 -.6649  .7464  0  0
-.6578 -.2477 -.089  0  0 -1  0  0
-.1788 -.7417  .2603 -.664  .7261  .1786  0  0
-.5703 -1.2671 -.089  0  0 -1  0  0
-.5708 -1.262 -.089  0  0 -1  0  0
-.555 -1.2727  .2603  .0778 -.8404 -.5364  0  0
-.6708 -.2568  .2831 -.843  .04 -.5365  0  0
-.669 -.2486  .2831 -.614  .2566  .7464  0  0
-1.0139 -.7759  .2943  .6517 -.1352  .7463  0  0
-.5409 -1.2644 -.089  .9967 -.0815  0  0  0
-.5414 -1.2592 -.089  .9645  .2641  0  0  0
-.1794 -.7579  .2943 -.406 -.5274  .7464  0  0
-.1821 -.7549  .2943 -.5617 -.3569  .7464  0  0
-.6536 -.2446 -.089  0  0 -1  0  0
-.1804 -.7539  .2603 -.7121 -.4528 -.5365  0  0
-.1825 -.7377 -.089 -.6747  .7381  0  0  0
-.1781 -.7349 -.089 -.3816  .9243  0  0  0
-.5473 -1.2508 -.089  0  0 -1  0  0
-.5436 -1.2545 -.089  .8161  .578  0  0  0
-.6482 -.2465  .2943 -.0847  .6601  .7464  0  0
-1.0138 -.7719  .2943  0  0  1  0  0
-1.0255 -.7851  .2943  0  0  1  0  0
-1.0216 -.7845  .2943  .2085 -.632  .7464  0  0
-.1654 -.7396  .2943  .4055  .5277  .7464  0  0
-1.0307 -.7875 -.089 -.3702 -.929  0  0  0
-1.0352 -.7848 -.089 -.6655 -.7464  0  0  0
-1.0249 -.7641  .2603  .0254  .8435 -.5365  0  0
-.5626 -1.2565  .2603 -.6992  .6922  .1787  0  0
-.1857 -.7418 -.089  0  0 -1  0  0
-.1689 -.7378  .2943  .201  .6344  .7464  0  0
-.1782 -.7563  .2603 -.5999 -.7798  .1787  0  0
-1.0259 -.7976  .2831 -.0198 -.6652  .7464  0  0
-1.0341 -.7959  .2831 -.3124 -.7839 -.5365  0  0
-.5599 -1.2546  .2603 -.421  .8893  .1787  0  0
-.1873 -.7468 -.089  0  0 -1  0  0
-.6435 -.2433 -.089  0  0 -1  0  0
-.6386 -.2453 -.089  0  0 -1  0  0
-.6291 -.2742  .2831  .6202 -.5723 -.5365  0  0
-.6357 -.2793  .2831  .3867 -.7501 -.5365  0  0
-1.0175 -.765  .2943  0  0  1  0  0
-1.015 -.7681  .2943  0  0  1  0  0
-.6357 -.268 -.0928 -.0071  .0212 -.9997  0  0
-.6357 -.268 -.0928  .9986  .053  0  0  0
-.6624 -.2689 -.0928 -.0007  .0211 -.9998  0  0
-.6624 -.2689 -.0928 -.9996 -.0266  0  0  0
-.1728 -.7393  .2603 -.0362  .8431 -.5365  0  0
-.176 -.74  .2603 -.3754  .9095  .1786  0  0
-.1837 -.7512  .2943 -.6498 -.1435  .7464  0  0
-.5444 -1.2641  .2943  .6633 -.0541  .7464  0  0
-.5454 -1.268  .2943  .6047 -.278  .7464  0  0
-1.0412 -.7915  .2831 -.5617 -.6297 -.5366  0  0
-.6348 -.2488 -.089  0  0 -1  0  0
-.5464 -1.264  .2603  .9806 -.0806  .1787  0  0
-.5472 -1.2672  .2603  .8941 -.4106  .1787  0  0
-.6442 -.2467  .2943  .1466  .6491  .7464  0  0
-.6796 -.8406  .3542 -.9922 -.0737  .1009  0  0
-.8541 -.7077 -.2819 -.6561  .536  .5312  0  0
-.8541 -.7077 -.2819 -.6318 -.7732  .0539  0  0
-.7158 -.5385 -.2819 -.6561  .536  .5312  0  0
-.7158 -.5385 -.2819  0  0 -1  0  0
-.7555 -.7408 -.0201 -.0828  .9966  0  0  0
-.7555 -.7408 -.0201  .9988  .0484  0  0  0
-.7555 -.7408 -.1001 -.0828  .9966  0  0  0
-.7555 -.7408 -.1001  .9988  .0484  0  0  0
-1.012 -.7665 -.089  0  0 -1  0  0
-1.0103 -.7714 -.089  0  0 -1  0  0
-.5709 -.9307 -.0201 -.9999 -.0136  0  0  0
-.5709 -.9307 -.0201  .0162 -.0969  .9952  0  0
-.5709 -.9307 -.1001 -.9999 -.0136  0  0  0
-.5709 -.9307 -.1001  .0037 -.0227 -.9997  0  0
-.5422 -1.2434  .2831  .4802  .6938 -.5367  0  0
-.5362 -1.2493  .2831  .5432  .3843  .7464  0  0
-1.0282 -.7645  .2603 -.3085  .9343  .1786  0  0
-.5567 -1.2537  .2603 -.0778  .8402 -.5367  0  0
-.5535 -1.254  .2603  .2496  .9517  .1787  0  0
-.5597 -1.2777 -.089  0  0 -1  0  0
-.5644 -1.2755 -.089  0  0 -1  0  0
-.6487 -.243 -.089  0  0 -1  0  0
-.6555 -.2542  .2603 -.9075  .3801  .1786  0  0
-.6537 -.2515  .2603 -.6198  .5727 -.5365  0  0
-.6624 -.2689 -.052 -.9996 -.0266  0  0  0
-.6624 -.2689 -.052 -.0017  .0929  .9957  0  0
-.6357 -.268 -.052 -.0029  .0928  .9957  0  0
-.6357 -.268 -.052  .9986  .053  0  0  0
-.5347 -.9248 -.0201  .9999 -.0157  0  0  0
-.5347 -.9248 -.0201  .0159 -.097  .9952  0  0
-.5347 -.9248 -.1001  .9999 -.0157  0  0  0
-.5347 -.9248 -.1001  .0058 -.0229 -.9997  0  0
-.5477 -1.2713  .2943  .4731 -.468  .7464  0  0
-1.0464 -.785  .2831 -.7434 -.3995 -.5364  0  0
-1.049 -.777  .2831 -.8352 -.1212 -.5365  0  0
-.5505 -1.2554  .2603  .4801  .6939 -.5366  0  0
-.5681 -1.2719 -.089  0  0 -1  0  0
-.163 -.75  .2603  .8365 -.1111 -.5365  0  0
-.164 -.7532  .2603  .7483 -.3902 -.5365  0  0
-.6437 -.2818  .2831  .1071 -.8371 -.5365  0  0
-.6246 -.2672  .2831  .7784 -.326 -.5365  0  0
-1.0487 -.7687  .2831 -.6517  .1354  .7463  0  0
-.5481 -1.2577  .2603  .6884  .4881 -.5365  0  0
-.1489 -.7436  .2831  .8241  .1819 -.5365  0  0
-.1485 -.7519  .2831  .8365 -.1111 -.5365  0  0
-.5729 -.9317  .0057 -.7744  .6327  0  0  0
-.5729 -.9317  .0057  0  0  1  0  0
-.5729 -.9317 -.1292 -.7744  .6327  0  0  0
-.5729 -.9317 -.1292 -.6561  .5361 -.5312  0  0
-.5491 -1.2699  .2603  .6 -.5934 -.5364  0  0
-.6521 -.2814  .2831 -.1466 -.6491  .7464  0  0
-1.0323 -.7645  .2943 -.4119  .5226  .7464  0  0
-1.0288 -.7626  .2943 -.2085  .632  .7464  0  0
-.4347 -.7625  .0057 -.7744  .6327  0  0  0
-.4347 -.7625  .0057  .6327  .7744  0  0  0
-.1729 -.7372  .2943 -.0285  .6649  .7464  0  0
-1.0256 -.7886 -.089  0  0 -1  0  0
-.5234 -.829  .3542  .9922  .0737  .1007  0  0
-1.0457 -.7609  .2831 -.5662  .3495  .7465  0  0
-.1511 -.7599  .2831  .5901 -.3077  .7464  0  0
-.6238 -.2508  .2831  .8057  .251 -.5365  0  0
-.6227 -.2591  .2831  .6647 -.0317  .7464  0  0
-.4347 -.7625 -.1292  .6326  .7742  .0203  0  0
-.4347 -.7625 -.1292 -.6561  .5361 -.5312  0  0
-.1667 -.7626 -.089  0  0 -1  0  0
-.1718 -.7637 -.089  0  0 -1  0  0
-.1631 -.7467  .2603  .824  .1819 -.5365  0  0
-.6318 -.2586 -.089  0  0 -1  0  0
-.567 -1.2662  .2943 -.642 -.1755  .7464  0  0
-.6598 -.2782  .2831 -.3598 -.5598  .7464  0  0
-.6659 -.2725  .2831 -.5293 -.4034  .7464  0  0
-.1886 -.731  .2831 -.4493  .4909  .7464  0  0
-.1816 -.7265  .2831 -.2539  .6152  .7464  0  0
-.5327 -1.2568  .2831  .814  .2226 -.5365  0  0
-.1759 -.7598  .2943 -.2009 -.6345  .7464  0  0
-.1623 -.7598 -.089  0  0 -1  0  0
-.1562 -.7665  .2831  .449 -.4912  .7464  0  0
-.1632 -.771  .2831  .2538 -.6152  .7464  0  0
-.5518 -1.2718  .2603  .3603 -.763 -.5366  0  0
-1.0248 -.7621  .2943  .0197  .6652  .7464  0  0
-.5245 -.828  .3587  .0665 -.8945 -.4421  0  0
-.5245 -.828  .3587  .9736  .0724  .2165  0  0
-.5245 -.828  .3587  .8945  .0665 -.4421  0  0
-.6786 -.8395  .3587  .0665 -.8945 -.4421  0  0
-.6786 -.8395  .3587  .0724 -.9736  .2165  0  0
-.6786 -.8395  .3587 -.8945 -.0665 -.4422  0  0
-1.0327 -.7507  .2831 -.2084  .632  .7464  0  0
-1.0245 -.7495  .2831  .0198  .6652  .7464  0  0
-.1666 -.7412  .2603  .5145  .6689 -.5365  0  0
-.1644 -.7437  .2603  .7121  .4528 -.5365  0  0
-.3347 -.8336 -.2819  0  0 -1  0  0
-.3347 -.8336 -.2819  .6318  .7733  .0539  0  0
-.4729 -1.0028 -.2819  0  0 -1  0  0
-.4729 -1.0028 -.2819 -.6318 -.7733 -.0539  0  0
-.6447 -.2486  .2603  .1856  .8232 -.5365  0  0
-.5523 -.9486  .0057  .7744 -.6327  0  0  0
-.5523 -.9486  .0057  0  0  1  0  0
-.5523 -.9486 -.1292  .7744 -.6327  0  0  0
-.5523 -.9486 -.1292  .6561 -.5361  .5312  0  0
-1.0222 -.7826  .2603  .3082 -.9344  .1786  0  0
-.4346 -.7648 -.0201 -.1217  .9926  0  0  0
-.4346 -.7648 -.0201  .1264  .0017  .992  0  0
-.4346 -.7648 -.1001 -.1217  .9926  0  0  0
-.4346 -.7648 -.1001  .029 -.0014 -.9996  0  0
-.5674 -1.2622  .2943 -.6633  .0544  .7464  0  0
-1.0103 -.7925  .2831  .5225 -.6626 -.5366  0  0
-1.0176 -.7964  .2831  .2082 -.6321  .7464  0  0
-.4341 -.8006 -.0201  .1263  .0019  .992  0  0
-.4341 -.8006 -.0201  .1563 -.9877  0  0  0
-.3553 -.8167 -.2819  .6318  .7733  .0539  0  0
-.3553 -.8167 -.2819  0  0 -1  0  0
-.6415 -.2344  .2831  .1856  .8232 -.5365  0  0
-1.0209 -.7629  .2943  .2463  .6182  .7464  0  0
-1.0193 -.781  .2603  .5229 -.6624 -.5365  0  0
-1.0399 -.7705 -.089  0  0 -1  0  0
-.1871 -.7678  .2831 -.4058 -.5275  .7464  0  0
-.1927 -.7617  .2831 -.5617 -.3568  .7464  0  0
-.5755 -1.2771  .2831 -.543 -.3848  .7463  0  0
-.5791 -1.2695  .2831 -.6419 -.1756  .7464  0  0
-.4341 -.8006 -.1001  .1563 -.9877  0  0  0
-.4341 -.8006 -.1001  .029  .0004 -.9996  0  0
-.5456 -1.2849  .2831  .3609 -.7629 -.5365  0  0
-.5536 -1.2871  .2831  .0615 -.6627  .7464  0  0
-.6337 -.2377  .2831  .3596  .56  .7464  0  0
-.414 -.7794 -.1292  .6561 -.5361  .5312  0  0
-.414 -.7794 -.1292  .6324  .774  .0308  0  0
-1.0158 -.7722  .2603  .9737  .1416  .1787  0  0
-1.0159 -.7755  .2603  .8262 -.1719 -.5365  0  0
-1.0379 -.7657 -.089  0  0 -1  0  0
-.1959 -.7539  .2831 -.8241 -.1819 -.5365  0  0
-.1575 -.7507 -.089  0  0 -1  0  0
-.1591 -.7557 -.089  0  0 -1  0  0
-.6324 -.2535 -.089  0  0 -1  0  0
-.5663 -1.2584  .2943 -.6047  .2778  .7464  0  0
-.5641 -1.2551  .2943 -.473  .4682  .7464  0  0
-.562 -1.2865  .2831 -.1685 -.6439  .7463  0  0
-.648 -.2485  .2603 -.107  .8371 -.5365  0  0
-1.0171 -.7786  .2603  .7179 -.4436 -.5365  0  0
-1.0345 -.7618 -.089  0  0 -1  0  0
-.1962 -.7456  .2831 -.6596  .0877  .7464  0  0
-.5696 -1.283  .2831 -.3788 -.5471  .7464  0  0
-.6276 -.2433  .2831  .5297  .4029  .7464  0  0
-.1797 -.7717  .2831 -.2009 -.6345  .7464  0  0
-.6697 -.2651  .2831 -.6355 -.1975  .7464  0  0
-1.0315 -.7807  .2603 -.5618 -.6298 -.5365  0  0
-.1577 -.7455 -.089  .9766  .2152  0  0  0
-.1695 -.7397  .2603  .2547  .8045 -.5365  0  0
-.6511 -.2495  .2603 -.3867  .7501 -.5365  0  0
-.6364 -.5927 -.1292 -.7744  .6327  0  0  0
-.6364 -.5927 -.1292 -.6561  .536  .5312  0  0
-.1937 -.7376  .2831 -.5899  .308  .7464  0  0
-1.0205 -.7878 -.089  0  0 -1  0  0
-.5493 -1.2537  .2943  .3787  .547  .7466  0  0
-.5465 -1.2565  .2943  .5431  .3846  .7464  0  0
-.6901 -.6853  .3587 -.0724  .9736  .2165  0  0
-.6901 -.6853  .3587 -.0665  .8945 -.4422  0  0
-.6901 -.6853  .3587 -.8945 -.0665 -.4422  0  0
-.1714 -.7728  .2831  .0285 -.6649  .7464  0  0
-1.0401 -.7547  .2831 -.4121  .5224  .7465  0  0
-.5529 -1.252  .2943  .1684  .6438  .7465  0  0
-1.0295 -.7843  .2943 -.2463 -.6182  .7464  0  0
-.6361 -.2624  .2943  .6139 -.2568  .7464  0  0
-.5359 -.6739  .3587  .9736  .0724  .2165  0  0
-.5359 -.6739  .3587  .8945  .0665 -.4421  0  0
-.5359 -.6739  .3587 -.0665  .8945 -.4422  0  0
-.5467 -1.2607  .2603  .949  .2599  .1787  0  0
-1.0336 -.7781  .2603 -.7431 -.4002 -.5364  0  0
-.4936 -.9859 -.2819  0  0 -1  0  0
-.4936 -.9859 -.2819 -.6561  .5361 -.5312  0  0
-.5569 -1.2517  .2943 -.0609  .6627  .7464  0  0
-1.0047 -.7862  .2831  .718 -.4434 -.5366  0  0
-.414 -.7794  .0057  0  0  1  0  0
-.414 -.7794  .0057  .6327  .7744  0  0  0
-.6352 -.2585  .2943  .6647 -.0317  .7464  0  0
-.6455 -.2674  .2603  .1072 -.8371 -.5365  0  0
-.6488 -.2672  .2603 -.1858 -.8232 -.5365  0  0
-.5447 -1.2601  .2943  .6417  .176  .7465  0  0
-1.014 -.789 -.0928 -.0281 -.0014 -.9996  0  0
-1.014 -.789 -.0928  .046 -.9989  0  0  0
-.1769 -.7631 -.089  0  0 -1  0  0
-.5545 -1.2781 -.089  0  0 -1  0  0
-1.0329 -.7822  .2943 -.4427 -.4969  .7464  0  0
-.6519 -.2659  .2603 -.4559 -.7101 -.5365  0  0
-.1826 -.7434  .2943 -.5899  .308  .7464  0  0
-.1802 -.7403  .2943 -.4493  .4909  .7464  0  0
-.5608 -1.2528  .2943 -.2842  .6018  .7464  0  0
-.6376 -.2509  .2943  .5297  .4029  .7464  0  0
-.6357 -.2545  .2943  0  0  1  0  0
-1.0152 -.7624 -.089  0  0 -1  0  0
-.1838 -.7472  .2943 -.6596  .0879  .7464  0  0
-.1815 -.7607 -.089  0  0 -1  0  0
-.5799 -1.2612  .2831 -.6633  .0542  .7464  0  0
-1.0333 -.7686  .2603 -.7177  .4439 -.5365  0  0
-.1847 -.7342 -.0928  .0289  .0035 -.9996  0  0
-.1847 -.7342 -.0928 -.1217  .9926  0  0  0
-.6587 -.267 -.089  0  0 -1  0  0
-.6611 -.2624 -.089  0  0 -1  0  0
-.6405 -.2482  .2943  .3594  .5601  .7464  0  0
-1.0311 -.7661  .2603 -.6098  .7721  .1787  0  0
-.1768 -.7381  .2943 -.2539  .6152  .7464  0  0
-.166 -.7558  .2603  .5694 -.6228 -.5365  0  0
-.6549 -.2705 -.089  0  0 -1  0  0
-1.004 -.7622  .2831  .7432  .3995 -.5367  0  0
-.4584 -.8154  .0615  .7816 -.6238  0  0  0
-.4584 -.8154  .0615  .6238  .7816  0  0  0
-.1847 -.7342 -.052 -.1217  .9926  0  0  0
-.1847 -.7342 -.052  .1241  .0096  .9922  0  0
-.6703 -.6463  .0615  0  0  1  0  0
-.6703 -.6463  .0615  .6238  .7816  0  0  0
-.5783 -.7231  .1229  .9902  .0736  .1189  0  0
-.5737 -.7856  .1229  .0736 -.9902  .1189  0  0
-.6409 -.7277  .1229 -.9902 -.0736  .1189  0  0
-.6363 -.7903  .1229 -.9902 -.0736  .1189  0  0
-.6363 -.7903  .0592  0  0 -1  0  0
-.6363 -.7903  .0592  .0741 -.9973  0  0  0
-.6409 -.7277  .0592  0  0 -1  0  0
-.6409 -.7277  .0592 -.0741  .9973  0  0  0
-.5737 -.7856  .0592  .0741 -.9973  0  0  0
-.5737 -.7856  .0592  0  0 -1  0  0
-.5783 -.7231  .0592  0  0 -1  0  0
-.5783 -.7231  .0592 -.0741  .9973  0  0  0
-.7015 -.7089 -.0835 -.7908  .6121 -.0001  0  0
-.7049 -.7133 -.0739 -.7947  .607  0  0  0
-.667 -.6644 -.063 -.7866  .6174  0  0  0
-.6682 -.6659 -.0739 -.7908  .6121  0  0  0
-.6716 -.6703 -.0835 -.7907  .6123 -.0001  0  0
-.6768 -.677 -.0906 -.7907  .6123 -.0001  0  0
-.6716 -.6703 -.0425 -.7882  .6154  .001  0  0
-.6682 -.6659 -.052 -.7908  .6121  0  0  0
-.7061 -.7148 -.063 -.7906  .6123  0  0  0
-.7049 -.7133 -.052 -.7908  .6121  .0001  0  0
-.6963 -.7022 -.0906 -.7868  .6171  .0039  0  0
-.6832 -.6852 -.0944 -.7906  .6124  .0026  0  0
-.69 -.694 -.0944 -.7907  .6122 -.0001  0  0
-.6832 -.6852 -.0315 -.7907  .6123  .0001  0  0
-.6768 -.677 -.0353 -.7907  .6123  .0001  0  0
-.6963 -.7022 -.0353 -.7893  .6141 -.0012  0  0
-.69 -.694 -.0315 -.7907  .6122  .0001  0  0
-.7015 -.7089 -.0425 -.7908  .6121  .0001  0  0
-.5042 -.851 -.0906  .7907 -.6123  0  0  0
-.5094 -.8577 -.0835  .7907 -.6123  0  0  0
-.5128 -.8621 -.052  .7908 -.612 -.0001  0  0
-.5094 -.8577 -.0425  .7864 -.6178  .0016  0  0
-.476 -.8147 -.0739  .7942 -.6077  0  0  0
-.4794 -.819 -.0835  .7908 -.6121 -.0001  0  0
-.4749 -.8131 -.063  .7906 -.6123  0  0  0
-.476 -.8147 -.052  .7908 -.6121  .0001  0  0
-.4846 -.8258 -.0906  .7908 -.6121 -.0001  0  0
-.491 -.834 -.0944  .7907 -.6122  .0001  0  0
-.4846 -.8258 -.0353  .7907 -.6122 -.0001  0  0
-.4794 -.819 -.0425  .7908 -.6121  .0001  0  0
-.5042 -.851 -.0353  .7906 -.6123  0  0  0
-.4978 -.8428 -.0315  .7906 -.6123  0  0  0
-.491 -.834 -.0315  .7907 -.6122 -.0001  0  0
-.5128 -.8621 -.0739  .7908 -.612  .0001  0  0
-.4978 -.8428 -.0944  .7907 -.6123  0  0  0
-.5139 -.8636 -.063  .7855 -.6188 -.0028  0  0
-.4341 -.8006 -.0201  .1252  .006  .9921  0  0
-.1847 -.7342 -.052  .1229  .0149  .9923  0  0
-.4346 -.7648 -.1001  .0286  .0043 -.9996  0  0
-.1815 -.7607 -.0928  .0289  .0043 -.9996  0  0
-.4347 -.7625 -.1292  .6326  .7742  .0223  0  0
-.5709 -.9307 -.0201  .0101 -.0975  .9952  0  0
-.5399 -1.2528 -.052 -.0009 -.0986  .9951  0  0
-.5347 -.9248 -.1001 -.0008 -.022 -.9998  0  0
-.5666 -1.2527 -.0928 -.004 -.0219 -.9998  0  0
-.6532 -.6161 -.1001  .001  .0205 -.9998  0  0
-.6357 -.268 -.0928  .0033  .0209 -.9998  0  0
-.754 -.7788 -.1292 -.6325 -.7742  .0221  0  0
-.7747 -.7619 -.1292 -.6324 -.774  .0318  0  0
-.7747 -.7619 -.1292 -.6324 -.774  .0318  0  0
-.6158 -.6096 -.1292  .6326  .7742 -.0223  0  0
-.6158 -.6096 -.1292  .6326  .7742 -.0223  0  0
-.5523 -.9486 -.1292 -.6324 -.774 -.0319  0  0
-.6624 -.2689 -.052 -.0103  .0916  .9957  0  0
-.6176 -.6097 -.0201 -.0176  .0908  .9957  0  0
-.5094 -.8577 -.0835  .7864 -.6177 -.0018  0  0
-.5139 -.8636 -.063  .7855 -.6189  .0025  0  0
-.5094 -.8577 -.0425  .7906 -.6123  0  0  0
-.476 -.8147 -.052  .7947 -.607  0  0  0
-.476 -.8147 -.0739  .7908 -.6121 -.0001  0  0
-.5139 -.8636 -.063  .7907 -.6123  0  0  0
-.5139 -.8636 -.063  .7907 -.6123  0  0  0
-.5094 -.8577 -.0425  .7907 -.6123  0  0  0
-.476 -.8147 -.0739  .7907 -.6122  0  0  0
-.5139 -.8636 -.063  .7907 -.6122  0  0  0
-.5139 -.8636 -.063  .7907 -.6122  0  0  0
-.5139 -.8636 -.063  .7907 -.6122  0  0  0
-.7049 -.7133 -.052 -.7942  .6077  0  0  0
-.7049 -.7133 -.0739 -.7908  .6121 -.0001  0  0
-.6963 -.7022 -.0906 -.7898  .6133  .0072  0  0
-.6832 -.6852 -.0944 -.7907  .6123 -.0001  0  0
-.6716 -.6703 -.0835 -.7882  .6154 -.0012  0  0
-.6716 -.6703 -.0425 -.7907  .6123  .0001  0  0
-.6832 -.6852 -.0315 -.7906  .6123 -.0027  0  0
-.6963 -.7022 -.0353 -.7906  .6123 -.0027  0  0
-.6963 -.7022 -.0353 -.7907  .6122  0  0  0
-.7049 -.7133 -.0739 -.7907  .6122  0  0  0
-.7049 -.7133 -.0739 -.7907  .6123  .0001  0  0
-.6963 -.7022 -.0906 -.7907  .6123  .0001  0  0
-.6832 -.6852 -.0944 -.7907  .6123  .0001  0  0
-.6832 -.6852 -.0944 -.7906  .6123 -.0001  0  0
-.667 -.6644 -.063 -.7906  .6123 -.0001  0  0
-.667 -.6644 -.063 -.7906  .6123  .0001  0  0
-.6716 -.6703 -.0425 -.7906  .6123  .0001  0  0
-.6963 -.7022 -.0353 -.7907  .6122  0  0  0
-.7049 -.7133 -.0739 -.7907  .6122  0  0  0
-.7049 -.7133 -.0739 -.7907  .6122  0  0  0
-.6832 -.6852 -.0944 -.7907  .6122  0  0  0
-.667 -.6644 -.063 -.7907  .6122  0  0  0
-.7049 -.7133 -.0739 -.7907  .6122  0  0  0
-.667 -.6644 -.063 -.7907  .6122  0  0  0
 186  205  187
 205  186  204
 597  216  198
 216  597  215
 985  886  565
 1036  1037  880
 957  590  595
 590  957  592
 567  882  972
 1038  1039  899
 544  785  546
 785  544  783
 288  307  738
 307  288  306
 732  384  366
 384  732  383
 621  11  587
 11  621  10
 648  620  623
 620  648  645
 94  113  95
 113  94  112
 541  989  646
 989  541  9
 694  942  638
 942  694  861
 637  934  639
 934  637  943
 23  586  589
 586  23  622
 927  669  671
 669  927  697
 860  710  941
 710  860  836
 690  859  693
 859  690  862
 16  988  19
 988  16  8
 543  647  20
 647  543  540
 600  556  982
 556  600  558
 863  24  28
 24  863  25
 640  864  689
 864  640  935
 588  991  542
 991  588  990
 888  904  870
 904  888  841
 371  390  372
 390  371  389
 31  26  933
 26  31  27
 22  17  21
 17  22  18
 593  784  591
 784  593  786
 538  670  536
 670  538  672
 198  199  181
 199  198  216
 680  983  557
 983  680  987
 657  38  986
 38  657  601
 658  34  679
 34  658  656
 559  35  659
 35  559  39
 30  778  29
 778  30  696
 685  121  686
 121  685  120
 185  204  186
 204  185  203
 889  871  946
 871  889  869
 580  582  578
 582  580  614
 747  201  748
 201  747  200
 604  387  369
 387  604  386
 947  842  62
 842  947  827
 779  928  781
 928  779  698
 617  42  780
 42  617  585
 872  59  63
 59  872  55
 276  295  924
 295  276  294
 833  904  1040
 904  833  951
 616  782  618
 782  616  48
 826  832  58
 832  826  824
 825  950  56
 950  825  875
 548  208  549
 208  548  207
 806  615  765
 615  806  583
 60  877  61
 877  60  903
 49  664  619
 664  49  43
 374  393  707
 393  374  392
 713  108  90
 108  713  107
 702  790  700
 1041  1042  808
 653  807  703
 807  653  809
 212  231  213
 231  212  905
 564  898  566
 898  564  887
 282  301  283
 301  282  300
 632  119  633
 119  632  118
 594  64  545
 64  594  65
 767  579  803
 579  767  581
 650  810  652
 1043  1044  792
 701  791  651
 791  701  789
 662  118  632
 118  662  117
 95  114  96
 114  95  113
 764  3  766
 1045  1046  2
 415  793  814
 793  415  628
 547  67  956
 67  547  66
 973  879  984
 879  973  881
 88  89  714
 88  714  724
 88  724  736
 88  736  800
 88  800  758
 88  758  759
 88  759  774
 88  774  911
 88  911  846
 88  846  99
 88  99  100
 88  100  101
 88  101  102
 88  102  103
 88  103  980
 88  980  974
 88  974  975
 88  975  89
 187  206  188
 206  187  205
 663  537  584
 537  663  539
 696  21  778
 21  696  22
 37  32  36
 32  37  33
 193  212  194
 212  193  211
 549  209  649
 209  549  208
 380  399  741
 399  380  398
 367  386  604
 386  367  385
 44  1048  1047
 1049  44  40
 275  294  276
 294  275  293
 1050  41  45
 41  1051  43
 278  297  279
 297  278  296
 98  117  662
 117  98  116
 75  72  73
 72  75  74
 79  76  78
 76  79  77
 733  383  732
 383  733  400
 93  112  94
 112  93  111
 596  215  597
 215  596  214
 115  717  116
 717  115  695
 384  403  385
 403  384  776
 113  668  114
 668  113  667
 203  563  204
 563  203  562
 120  139  121
 139  120  138
 117  576  118
 576  117  718
 111  130  112
 130  111  129
 306  725  307
 725  306  324
 118  577  119
 577  118  576
 107  801  108
 801  107  125
 123  142  124
 142  123  613
 122  613  123
 613  122  140
 293  312  294
 312  293  311
 301  753  302
 753  301  319
 109  128  110
 128  109  127
 307  769  308
 769  307  725
 207  226  208
 226  207  795
 116  718  117
 718  116  717
 535  729  534
 729  535  160
 873  149  131
 149  873  890
 131  150  132
 150  131  149
 817  334  979
 334  817  333
 953  157  954
 157  953  818
 230  575  906
 575  230  574
 126  709  802
 709  126  144
 802  146  926
 146  802  709
 704  341  705
 341  704  908
 133  152  134
 152  133  839
 715  343  325
 343  715  342
 979  335  684
 335  979  334
 225  244  749
 244  225  243
 768  626  925
 626  768  625
 845  823  816
 823  845  822
 136  761  137
 761  136  760
 705  342  715
 342  705  341
 326  625  768
 625  326  344
 327  752  328
 752  327  834
 156  706  829
 706  156  654
 866  891  609
 891  866  858
 421  687  422
 687  421  811
 730  163  145
 163  730  641
 151  952  840
 952  151  169
 936  853  921
 853  936  723
 153  554  154
 554  153  940
 609  264  610
 264  609  891
 143  641  730
 641  143  161
 849  720  922
 720  849  177
 251  745  885
 745  251  712
 838  673  855
 673  838  699
 840  940  153
 940  840  952
 155  654  156
 654  155  555
 154  555  155
 555  154  554
 331  644  332
 644  331  533
 850  978  851
 978  850  963
 179  162  719
 179  611  162
 179  612  611
 179  165  612
 179  166  165
 179  167  166
 179  168  167
 179  966  168
 179  170  966
 179  171  170
 179  172  171
 179  173  172
 179  174  173
 179  175  174
 179  176  175
 179  678  176
 179  178  678
 179  719  178
 180  835  182
 180  182  183
 180  183  721
 180  721  722
 180  722  893
 180  893  907
 180  907  917
 180  917  189
 180  189  190
 180  190  191
 180  191  967
 180  967  787
 180  787  788
 180  788  624
 180  624  196
 180  196  197
 180  197  930
 180  930  835
 280  299  281
 299  280  298
 279  298  280
 298  279  297
 379  398  380
 398  379  397
 876  52  874
 52  876  54
 738  308  739
 308  738  307
 92  111  93
 111  92  110
 96  115  97
 115  96  114
 836  623  710
 623  836  648
 281  300  282
 300  281  299
 373  392  374
 392  373  391
 707  394  683
 394  707  393
 188  207  548
 207  188  206
 195  214  596
 214  195  213
 739  291  273
 291  739  308
 104  123  105
 123  104  122
 59  53  57
 53  59  1052
 25  20  24
 20  25  543
 9  996  989
 996  9  993
 397  416  398
 416  397  797
 393  750  394
 750  393  411
 206  795  207
 795  206  977
 211  905  212
 905  211  660
 124  125  107
 125  124  142
 399  944  400
 944  399  417
 214  233  215
 233  214  232
 305  324  306
 324  305  323
 291  310  292
 310  291  309
 202  562  203
 562  202  220
 204  223  205
 223  204  563
 391  410  392
 410  391  661
 199  682  200
 682  199  681
 389  708  390
 708  389  407
 200  219  201
 219  200  682
 396  797  397
 797  396  414
 201  220  202
 220  201  219
 298  317  299
 317  298  316
 413  599  796
 599  413  431
 923  812  945
 812  923  773
 728  424  691
 424  728  423
 925  329  867
 329  925  626
 132  839  133
 839  132  150
 916  884  892
 884  916  949
 906  949  916
 949  906  575
 606  338  320
 338  606  337
 691  425  692
 425  691  424
 224  243  225
 243  224  242
 222  241  971
 241  222  240
 408  427  409
 427  408  426
 971  242  224
 242  971  241
 605  337  606
 337  605  336
 629  246  630
 246  629  245
 821  852  418
 852  821  435
 141  160  535
 160  141  159
 945  813  221
 813  945  812
 332  699  838
 699  332  644
 643  777  148
 777  643  742
 970  912  655
 912  970  883
 603  811  421
 811  603  772
 550  532  551
 532  550  746
 249  268  250
 268  249  731
 655  913  560
 913  655  912
 560  964  561
 964  560  913
 851  834  327
 834  851  978
 754  939  236
 939  754  253
 642  742  643
 742  642  164
 837  830  937
 830  837  259
 829  677  848
 677  829  706
 239  258  820
 258  239  257
 145  164  642
 164  145  163
 237  256  238
 256  237  960
 855  674  856
 674  855  673
 602  772  603
 772  602  771
 271  254  744
 271  255  254
 271  635  255
 271  636  635
 271  572  636
 271  573  572
 271  260  573
 271  261  260
 271  262  261
 271  263  262
 271  762  263
 271  763  762
 271  743  763
 271  267  743
 271  711  267
 271  269  711
 271  270  269
 271  744  270
 272  552  553
 272  553  598
 272  598  627
 272  627  277
 272  277  909
 272  909  910
 272  910  854
 272  854  843
 272  843  844
 272  844  958
 272  958  969
 272  969  675
 272  675  676
 272  676  757
 272  757  751
 272  751  289
 272  289  290
 272  290  552
 97  116  98
 116  97  115
 71  68  70
 68  71  69
 287  306  288
 306  287  305
 15  12  14
 12  15  13
 184  203  185
 203  184  202
 90  109  91
 109  90  108
 181  200  747
 200  181  199
 0  804  1
 1053  1054  805
 372  391  373
 391  372  390
 683  395  377
 395  683  394
 370  389  371
 389  370  388
 274  293  275
 293  274  292
 686  122  104
 122  686  121
 633  120  685
 120  633  119
 285  304  286
 304  285  303
 27  589  26
 589  27  23
 924  296  278
 296  924  295
 748  202  184
 202  748  201
 215  878  216
 878  215  233
 398  417  399
 417  398  416
 216  681  199
 681  216  878
 121  140  122
 140  121  139
 110  129  111
 129  110  128
 292  311  293
 311  292  310
 119  138  120
 138  119  577
 300  319  301
 319  300  318
 400  775  383
 775  400  944
 302  321  303
 321  302  753
 304  323  305
 323  304  322
 296  315  297
 315  296  314
 294  313  295
 313  294  312
 295  314  296
 314  295  313
 114  695  115
 695  114  668
 108  127  109
 127  108  801
 297  316  298
 316  297  315
 210  660  211
 660  210  228
 926  147  915
 147  926  146
 749  245  629
 245  749  244
 814  435  821
 435  814  793
 737  908  704
 908  737  339
 234  235  217
 235  234  252
 961  159  141
 159  961  158
 684  336  605
 336  684  335
 134  819  135
 819  134  152
 816  333  817
 333  816  823
 320  339  737
 339  320  338
 402  631  828
 631  402  420
 868  822  845
 822  868  330
 412  431  413
 431  412  430
 954  158  961
 158  954  157
 867  330  868
 330  867  329
 892  252  234
 252  892  884
 568  429  569
 429  568  428
 137  818  953
 818  137  761
 902  965  920
 965  902  976
 248  731  249
 731  248  266
 921  734  894
 734  921  853
 340  968  918
 968  340  770
 422  688  901
 688  422  687
 610  265  247
 265  610  264
 820  259  837
 259  820  258
 896  847  897
 847  896  608
 551  533  331
 533  551  532
 328  746  550
 746  328  752
 894  735  895
 735  894  734
 895  770  340
 770  895  735
 920  169  151
 169  920  965
 922  161  143
 161  922  720
 848  177  849
 177  848  677
 148  976  902
 976  148  777
 236  960  237
 960  236  939
 856  723  936
 723  856  674
 363  346  345
 363  347  346
 363  348  347
 363  349  348
 363  350  349
 363  351  350
 363  352  351
 363  353  352
 363  354  353
 363  355  354
 363  356  355
 363  357  356
 363  358  357
 363  359  358
 363  360  359
 363  361  360
 363  362  361
 363  345  362
 364  365  570
 364  570  571
 364  571  368
 364  368  959
 364  959  798
 364  798  799
 364  799  815
 364  815  726
 364  726  727
 364  727  375
 364  375  376
 364  376  665
 364  665  666
 364  666  716
 364  716  740
 364  740  381
 364  381  382
 364  382  365
 87  84  86
 84  87  85
 741  400  733
 400  741  399
 366  385  367
 385  366  384
 91  110  92
 110  91  109
 194  213  195
 213  194  212
 377  396  378
 396  377  395
 7  4  6
 4  7  5
 106  107  713
 107  106  124
 83  80  81
 80  83  82
 192  211  193
 211  192  210
 369  388  370
 388  369  387
 105  124  106
 124  105  123
 286  305  287
 305  286  304
 283  302  284
 302  283  301
 273  292  274
 292  273  291
 378  397  379
 397  378  396
 649  210  192
 210  649  209
 112  667  113
 667  112  130
 208  227  209
 227  208  226
 213  232  214
 232  213  231
 51  46  50
 46  51  47
 386  405  387
 405  386  404
 390  661  391
 661  390  708
 303  322  304
 322  303  321
 394  756  395
 756  394  750
 299  318  300
 318  299  317
 383  776  384
 776  383  775
 205  977  206
 977  205  223
 395  414  396
 414  395  756
 209  228  210
 228  209  227
 387  406  388
 406  387  405
 388  407  389
 407  388  406
 308  309  291
 309  308  769
 385  404  386
 404  385  403
 392  411  393
 411  392  410
 325  344  326
 344  325  343
 221  240  222
 240  221  813
 569  430  412
 430  569  429
 436  771  602
 771  436  955
 857  423  728
 423  857  900
 915  890  873
 890  915  147
 217  755  218
 755  217  235
 828  900  857
 900  828  631
 135  760  136
 760  135  819
 418  419  401
 419  418  852
 796  628  415
 628  796  599
 409  428  568
 428  409  427
 630  981  229
 981  630  246
 229  574  230
 574  229  981
 401  420  402
 420  401  419
 692  426  408
 426  692  425
 218  773  923
 773  218  755
 534  144  126
 144  534  729
 561  948  432
 948  561  964
 433  931  434
 931  433  938
 247  266  248
 266  247  265
 918  962  929
 962  918  968
 937  831  865
 831  937  830
 434  932  794
 932  434  931
 238  257  239
 257  238  256
 929  963  850
 963  929  962
 250  712  251
 712  250  268
 914  607  919
 607  914  634
 897  883  970
 883  897  847
 794  955  436
 955  794  932
 865  858  866
 858  865  831
 919  608  896
 608  919  607
 901  634  914
 634  901  688
 432  938  433
 938  432  948
 885  253  754
 253  885  745
 455  438  437
 455  439  438
 455  440  439
 455  441  440
 455  442  441
 455  443  442
 455  444  443
 455  445  444
 455  446  445
 455  447  446
 455  448  447
 455  449  448
 455  450  449
 455  451  450
 455  452  451
 455  453  452
 455  454  453
 455  437  454
 284  303  285
 303  284  302
 994  997  992
 997  994  998
 10  995  11
 995  10  999
 990  456  991
 456  990  457
 8  459  988
 459  8  458
 1034  1019  1018
 1055  1035  1033
 1056  1021  1020
 1057  1031  1030
 1031  1028  1032
 1028  1025  1029
 1058  1022  1024
 1059  1026  1023
 1026  1034  1027
 1034  1060  1019
 1061  1031  1062
 1031  1025  1028
 1025  1026  1063
 1026  1064  1034
 1065  1025  1031
 1066  1026  1025
 1015  1009  1017
 1067  1001  1008
 1068  1010  1000
 1069  1011  1012
 1070  1004  1005
 1071  1002  1003
 1002  1006  1007
 1072  1013  1014
 1073  1074  1016
 1075  1076  1009
 1077  1079  1078
 1080  1081  1004
 1082  1013  1083
 1013  1085  1084
 1086  1088  1087
 1089  1013  1090
 473  496  477
 496  473  497
 471  498  468
 498  471  499
 464  500  472
 500  464  501
 469  502  476
 502  469  503
 470  504  474
 504  470  505
 477  506  467
 506  477  496
 466  507  465
 507  466  508
 475  509  463
 509  475  510
 462  511  460
 511  462  512
 476  510  475
 510  476  502
 474  497  473
 497  474  504
 472  499  471
 499  472  500
 461  505  470
 505  461  513
 468  503  469
 503  468  498
 467  508  466
 508  467  506
 465  501  464
 501  465  507
 463  512  462
 512  463  509
 460  513  461
 513  460  511
 478  515  479
 515  478  514
 480  517  481
 517  480  516
 482  519  483
 519  482  518
 485  520  484
 520  485  521
 486  523  487
 523  486  522
 488  525  489
 525  488  524
 490  527  491
 527  490  526
 491  528  492
 528  491  527
 479  529  493
 529  479  515
 483  522  486
 522  483  519
 494  514  478
 514  494  530
 495  516  480
 516  495  531
 487  530  494
 530  487  523
 489  521  485
 521  489  525
 481  526  490
 526  481  517
 492  524  488
 524  492  528
 484  518  482
 518  484  520
 493  531  495
 531  493  529
MATERIAL 1
TEXTURE 0
FLAG      0
GEOM 36 20 ;Group 5  Mtl#1_SM-HGA
 1.7208 -.6505 -7.074998E-02  .2584919 -.9660134  0  0  0
 1.7933 -.6311 -.15205  .2584919 -.9660134  0  0  0
 1.7208 -.6505 -.15205  .2584919 -.9660134  0  0  0
 1.7933 -.6311 -7.074998E-02  .2584919 -.9660134  0  0  0
 1.7803 -.5828 -.19575  .1702058 -.6356398 -.7529887  0  0
 1.7079 -.6022 -.19575  .1703405 -.6357037 -.7529043  0  0
 1.7674 -.5344999 -.19575  0  0 -1  0  0
 1.695 -.5538999 -.19575  0  0 -1  0  0
 1.7545 -.4862 -.15205 -.1702061  .6356407 -.7529879  0  0
 1.682 -.5056 -.15205 -.1700716  .6355769 -.7530721  0  0
 1.7545 -.4862 -7.074998E-02 -.2584919  .9660134  0  0  0
 1.682 -.5056 -7.074998E-02 -.2584919  .9660134  0  0  0
 1.7208 -.6505 -.15205  .1702058 -.6356398 -.7529887  0  0
 1.7933 -.6311 -.15205  .1700714 -.6355761 -.7530729  0  0
 1.7079 -.6022 -.19575  0  0 -1  0  0
 1.7803 -.5828 -.19575  0  0 -1  0  0
 1.695 -.5538999 -.19575 -.1702061  .6356407 -.7529879  0  0
 1.7674 -.5344999 -.19575 -.1703407  .6357046 -.7529035  0  0
 1.682 -.5056 -.15205 -.2584919  .9660134  0  0  0
 1.7545 -.4862 -.15205 -.2584919  .9660134  0  0  0
 1.682 -.5056 -7.074998E-02  0  0  1  0  0
 1.7933 -.6311 -7.074998E-02  0  0  1  0  0
 1.7208 -.6505 -7.074998E-02  0  0  1  0  0
 1.7545 -.4862 -7.074998E-02  0  0  1  0  0
 1.695 -.5538999 -.19575 -.966133 -.2580353 -2.211243E-03  0  0
 1.682 -.5056 -.15205 -.9659384 -.2587716 -4.683079E-04  0  0
 1.7079 -.6022 -.19575 -.9659861 -.2585934 -4.613704E-04  0  0
 1.682 -.5056 -7.074998E-02 -.9659688 -.2586584 -1.560145E-04  0  0
 1.7208 -.6505 -.15205 -.9659985 -.2585476 -2.116159E-04  0  0
 1.7208 -.6505 -7.074998E-02 -.9659688 -.2586584  0  0  0
 1.7933 -.6311 -.15205  .9659384  .2587716 -4.682979E-04  0  0
 1.7674 -.5344999 -.19575  .9659861  .2585934 -4.613511E-04  0  0
 1.7803 -.5828 -.19575  .966133  .2580353 -2.211198E-03  0  0
 1.7933 -.6311 -7.074998E-02  .9659688  .2586584 -1.560046E-04  0  0
 1.7545 -.4862 -.15205  .9659985  .2585476 -2.116025E-04  0  0
 1.7545 -.4862 -7.074998E-02  .9659688  .2586584  0  0  0
 0  2  1
 0  1  3
 12  5  4
 12  4  13
 6  14  7
 15  14  6
 8  16  9
 17  16  8
 10  18  11
 19  18  10
 20  22  21
 20  21  23
 24  26  25
 25  26  27
 27  26  28
 27  28  29
 30  32  31
 30  31  33
 33  31  34
 33  34  35
MATERIAL 3
TEXTURE 0
FLAG      0
GEOM 274 272 ;Group 6  Mtl#0_SM-HGA
 1.7813 -.5622 -.1891499  2.787531E-02 -.1039298 -.9941939  0  0
 1.8398 -.5391 -.18945 -4.852524E-03  1.809228E-02 -.9998245  0  0
 1.7794 -.5552999 -.18945 -2.068315E-02  7.711484E-02 -.9968076  0  0
 1.838 -.5322999 -.1884499 -5.241545E-02  .195425 -.9793169  0  0
 1.7776 -.5485 -.1884499 -6.830854E-02  .2545077 -.9646553  0  0
 1.8417 -.5459999 -.1891499  4.488376E-02 -.1673437 -.9848764  0  0
 1.7831 -.5689 -.18745  7.754283E-02 -.2891091 -.9541504  0  0
 1.8435 -.5527 -.18745  9.327783E-02 -.3475508 -.93301  0  0
 1.8362 -.5258 -.18615 -.1003018  .3735195 -.9221837  0  0
 1.7759 -.542 -.18615 -.1156409  .431723 -.8945627  0  0
 1.7848 -.5752 -.18445  .1226159 -.4566267 -.8811682  0  0
 1.8451 -.559 -.18445  .1365552 -.5082881 -.8502916  0  0
 1.8347 -.5199 -.18255 -.1441301  .5394292 -.8296039  0  0
 1.7743 -.536 -.18255 -.1565739  .5873965 -.7940088  0  0
 1.7863 -.5808 -.18035  .1638924 -.610045 -.7752318  0  0
 1.8466 -.5646001 -.18035  .1770104 -.6592664 -.730777  0  0
 1.8333 -.5147 -.17785 -.1807088  .6779385 -.7125613  0  0
 1.7729 -.5308 -.17785 -.1923984  .720217 -.6665361  0  0
 1.7875 -.5854999 -.17515  .1997558 -.7443802 -.6371779  0  0
 1.8479 -.5693 -.17515  .2083377 -.7784445 -.5921314  0  0
 1.8321 -.5104 -.17225 -.2125207  .7939307 -.5696568  0  0
 1.7717 -.5265999 -.17225 -.2219033  .8273439 -.5160048  0  0
 1.7885 -.5892 -.16915  .2249438 -.8422045 -.4899918  0  0
 1.8489 -.5731 -.16915  .2326536 -.8709537 -.4327956  0  0
 1.8313 -.5071999 -.16595 -.237205  .8843921 -.4019755  0  0
 1.7709 -.5234 -.16595 -.2437775  .9088951 -.3383523  0  0
 1.7892 -.5918 -.1625499  .2456108 -.9175832 -.3125961  0  0
 1.8496 -.5756 -.1625499  .2510499 -.9354825 -.2486894  0  0
 1.8308 -.5053 -.15905 -.2527976  .9425258 -.2184914  0  0
 1.7704 -.5215001 -.15905 -.2556547  .9531807 -.1615152  0  0
 1.7896 -.5931 -.15555  .256469 -.9554222 -.1462605  0  0
 1.8499 -.5768999 -.15555  .2566673 -.9553689 -.1462608  0  0
 1.8306 -.5046 -.15205 -.2589014  .965288 -3.448332E-02  0  0
 1.7702 -.5207999 -.15205 -.2589029  .9652936  3.431576E-02  0  0
 1.7896 -.5933 -.15205  .2591372 -.9656239  2.045446E-02  0  0
 1.85 -.5771 -.15205  .259146 -.9656666 -1.820298E-02  0  0
 1.8499 -.5768999 -.14845  .2565205 -.9556141  .1449096  0  0
 1.7896 -.5931 -.14845  .2567189 -.9555609  .1449092  0  0
 1.8308 -.5053 -.14495 -.2557177  .9534154  .1600235  0  0
 1.7704 -.5215001 -.14495 -.2528548  .9427391  .2175025  0  0
 1.7892 -.5918 -.14145  .2507637 -.9344162  .2529506  0  0
 1.8496 -.5756 -.14145  .2457042 -.9179322  .3114963  0  0
 1.8313 -.5071999 -.13805 -.2437768  .9088927  .3383592  0  0
 1.7709 -.5234 -.13805 -.2372051  .8843928  .4019741  0  0
 1.7885 -.5892 -.13485  .2331093 -.8726597  .4290979  0  0
 1.8489 -.5731 -.13485  .2254429 -.8440731  .4865348  0  0
 1.8321 -.5104 -.1317499 -.2213836  .8254063  .5193204  0  0
 1.7717 -.5265999 -.1317499 -.2125219  .7939351  .5696504  0  0
 1.7875 -.5854999 -.12885  .208487 -.7790021  .5913451  0  0
 1.8479 -.5693 -.12885  .199177 -.7422234  .6398695  0  0
 1.8333 -.5147 -.12615 -.1923971  .7202122  .6665417  0  0
 1.7729 -.5308 -.12615 -.1812897  .6801179  .7103335  0  0
 1.7863 -.5808 -.1236501  .1770104 -.6592662  .7307773  0  0
 1.8466 -.5646001 -.1236501  .163738 -.6094702  .7757164  0  0
 1.8347 -.5199 -.12145 -.157286  .590068  .7918844  0  0
 1.7743 -.536 -.12145 -.1441297  .5394278  .8296049  0  0
 1.7848 -.5752 -.11955  .1364148 -.5077658  .8506262  0  0
 1.8451 -.559 -.11955  .1226142 -.4566203  .8811717  0  0
 1.8362 -.5258 -.11785 -.1155165  .4312585  .8948027  0  0
 1.7759 -.542 -.11785 -9.977243E-02  .3715481  .9230371  0  0
 1.7831 -.5689 -.1165501  9.327658E-02 -.3475462  .9330119  0  0
 1.8435 -.5527 -.1165501  7.763386E-02 -.2894484  .9540402  0  0
 1.838 -.5322999 -.11555 -6.831089E-02  .2545164  .9646528  0  0
 1.7776 -.5485 -.11555 -5.247921E-02  .1956627  .979266  0  0
 1.7813 -.5622 -.11485  4.488633E-02 -.1673532  .9848747  0  0
 1.8417 -.5459999 -.11485  2.787673E-02 -.1039351  .9941933  0  0
 1.8398 -.5391 -.11455 -2.068326E-02  7.711525E-02  .9968076  0  0
 1.7794 -.5552999 -.11455 -4.852551E-03  1.809238E-02  .9998245  0  0
 1.8475 -.5436 -.18295  .9643438  .2646521  6.222872E-04  0  0
 1.8463 -.5393 -.15205  .9658601  .2590641  0  0  0
 1.8459 -.5378 -.18325  .9655369  .2602663  1.340025E-04  0  0
 1.8444 -.5321 -.18235  .9674908  .2529056 -5.699833E-04  0  0
 1.849 -.5491 -.18155  .9650598  .2620265  1.282796E-03  0  0
 1.843 -.5267 -.18045  .9659185  .2588332  2.599641E-03  0  0
 1.8504 -.5543 -.1790501  .966556  .2564192  4.31924E-03  0  0
 1.8416 -.5217 -.17745  .9658612  .2590588  7.83385E-04  0  0
 1.8516 -.559 -.17565  .9663079  .2573798  2.165723E-03  0  0
 1.8405 -.5174 -.17355  .9661753  .2578783  2.036381E-03  0  0
 1.8527 -.563 -.17135  .9656451  .2598621  1.111052E-03  0  0
 1.8395 -.5139 -.16885  .9655187  .2603191  2.773426E-03  0  0
 1.8535 -.5660999 -.16635  .9657257  .2595648 -2.158127E-04  0  0
 1.8388 -.5112 -.16365  .9665445  .2564732 -3.635929E-03  0  0
 1.8541 -.5682001 -.16085  .9652326  .261377 -2.834903E-03  0  0
 1.8384 -.5096 -.15795  .9662271  .2576708  3.328532E-03  0  0
 1.8544 -.5693 -.15495  .9654887  .260432  2.598976E-03  0  0
 1.8382 -.5091 -.15205  .9658626  .259055  0  0  0
 1.8544 -.5694 -.15205  .9656464  .2598595  0  0  0
 1.8544 -.5693 -.14905  .9654902  .2604268 -2.569009E-03  0  0
 1.8384 -.5096 -.1460499  .9662258  .2576757 -3.299129E-03  0  0
 1.8405 -.5174 -.13045  .9661741  .2578829 -2.031927E-03  0  0
 1.8395 -.5139 -.13515  .9655167  .2603263 -2.768599E-03  0  0
 1.8388 -.5112 -.14035  .9665473  .2564628  3.631589E-03  0  0
 1.8444 -.5321 -.12165  .9674909  .2529052  5.682138E-04  0  0
 1.843 -.5267 -.12355  .9659177  .2588364 -2.592087E-03  0  0
 1.8416 -.5217 -.1265501  .9658608  .2590602 -7.813596E-04  0  0
 1.849 -.5491 -.12245  .9650602  .2620252 -1.278924E-03  0  0
 1.8475 -.5436 -.12105  .9643438  .2646518 -6.203214E-04  0  0
 1.8459 -.5378 -.12075  .9655368  .2602663 -1.335759E-04  0  0
 1.8527 -.563 -.13265  .9656458  .2598594 -1.10885E-03  0  0
 1.8516 -.559 -.12835  .9663091  .2573754 -2.160474E-03  0  0
 1.8504 -.5543 -.12495  .9665579  .2564125 -4.307276E-03  0  0
 1.8541 -.5682001 -.1431499  .9652303  .2613854  2.832361E-03  0  0
 1.8535 -.5660999 -.13765  .9657255  .2595653  2.154976E-04  0  0
 1.7739 -.5587 -.15205 -.9659948 -.2585616  0  0  0
 1.775 -.563 -.18295 -.966565 -.2564185  1.274233E-03  0  0
 1.7735 -.5572 -.18325 -.9676134 -.2524367  2.690464E-04  0  0
 1.772 -.5515 -.18235 -.9654506 -.2605824 -1.380235E-03  0  0
 1.7765 -.5685 -.18155 -.965871 -.2590221  9.205514E-04  0  0
 1.7705 -.5461 -.18045 -.9650652 -.2620088 -7.080371E-04  0  0
 1.7779 -.5738 -.1790501 -.9652366 -.2613586  3.168915E-03  0  0
 1.7692 -.5412 -.17745 -.9657361 -.259526 -1.083469E-04  0  0
 1.7792 -.5784 -.17565 -.9658835 -.2589758 -7.356883E-04  0  0
 1.768 -.5368 -.17355 -.9659832 -.2585995  1.672156E-03  0  0
 1.7802 -.5824 -.17135 -.9662729 -.2575189  8.122881E-04  0  0
 1.7671 -.5333 -.16885 -.966653 -.2560562  4.13082E-03  0  0
 1.7811 -.5854999 -.16635 -.9657257 -.2595648  2.158127E-04  0  0
 1.7664 -.5306 -.16365 -.9657589 -.2594106 -3.987623E-03  0  0
 1.7816 -.5876001 -.16085 -.966593 -.2562831 -4.110632E-03  0  0
 1.7659 -.529 -.15795 -.9654428 -.2606004 -2.760084E-03  0  0
 1.7819 -.5887 -.15495 -.9660798 -.2581792  5.773992E-03  0  0
 1.7658 -.5285 -.15205 -.9658623 -.2590559  0  0  0
 1.782 -.5889 -.15205 -.9658623 -.2590559  0  0  0
 1.7819 -.5887 -.14905 -.966077 -.2581911 -5.707252E-03  0  0
 1.7811 -.5854999 -.13765 -.9657255 -.2595653 -2.154976E-04  0  0
 1.7816 -.5876001 -.1431499 -.9665963 -.2562709  4.106971E-03  0  0
 1.7779 -.5738 -.12495 -.9652353 -.2613634 -3.160141E-03  0  0
 1.7792 -.5784 -.12835 -.9658839 -.2589743  7.339134E-04  0  0
 1.7802 -.5824 -.13265 -.9662724 -.2575209 -8.106771E-04  0  0
 1.7735 -.5572 -.12075 -.9676134 -.2524366 -2.681898E-04  0  0
 1.775 -.563 -.12105 -.9665649 -.256419 -1.270208E-03  0  0
 1.7765 -.5685 -.12245 -.9658707 -.259023 -9.177699E-04  0  0
 1.7692 -.5412 -.1265501 -.965736 -.2595262  1.080663E-04  0  0
 1.7705 -.5461 -.12355 -.965065 -.2620097  7.059834E-04  0  0
 1.772 -.5515 -.12165 -.9654503 -.2605834  1.37595E-03  0  0
 1.7664 -.5306 -.14035 -.9657559 -.259422  3.982839E-03  0  0
 1.7671 -.5333 -.13515 -.9666559 -.2560455 -4.12365E-03  0  0
 1.768 -.5368 -.13045 -.9659842 -.2585958 -1.668477E-03  0  0
 1.7659 -.529 -.1460499 -.9654418 -.2606045  2.735703E-03  0  0
 1.7776 -.5485 -.1884499 -.7250596 -3.883353E-02 -.6875904  0  0
 1.7735 -.5572 -.18325 -.701437 -.1226251 -.7021034  0  0
 1.7794 -.5552999 -.18945 -.6867121 -.1688801 -.7070403  0  0
 1.775 -.563 -.18295 -.6623279 -.2559537 -.7041374  0  0
 1.7813 -.5622 -.1891499 -.6496958 -.3010712 -.698034  0  0
 1.7765 -.5685 -.18155 -.6274057 -.3850274 -.6768426  0  0
 1.7831 -.5689 -.18745 -.6162676 -.4257589 -.6625282  0  0
 1.7759 -.542 -.18615 -.7543576  8.180273E-02 -.651347  0  0
 1.772 -.5515 -.18235 -.734591  6.578179E-04 -.6785098  0  0
 1.7779 -.5738 -.1790501 -.5941445 -.5052841 -.6258436  0  0
 1.7848 -.5752 -.18445 -.5848085 -.5428566 -.6027485  0  0
 1.7743 -.536 -.18255 -.7861083  .2004031 -.5846984  0  0
 1.7705 -.5461 -.18045 -.7645243  .123522 -.6326491  0  0
 1.7792 -.5784 -.17565 -.5684568 -.6103358 -.5516766  0  0
 1.7863 -.5808 -.18035 -.5598859 -.642518 -.5231618  0  0
 1.7729 -.5308 -.17785 -.8104382  .2966888 -.5051392  0  0
 1.7692 -.5412 -.17745 -.7947672  .2342118 -.5599017  0  0
 1.7802 -.5824 -.17135 -.5415138 -.7050263 -.4579309  0  0
 1.7875 -.5854999 -.17515 -.5319927 -.7351133 -.4202287  0  0
 1.7717 -.5265999 -.17225 -.8367161  .3789891 -.3953143  0  0
 1.768 -.5368 -.17355 -.8200433  .3270736 -.4696296  0  0
 1.7811 -.5854999 -.16635 -.5201678 -.780948 -.3457538  0  0
 1.7885 -.5892 -.16915 -.5165536 -.7990002 -.307849  0  0
 1.7671 -.5333 -.16885 -.843459  .4009329 -.3575328  0  0
 1.7709 -.5234 -.16595 -.8529138  .4409091 -.2795304  0  0
 1.7816 -.5876001 -.16085 -.5089241 -.8308486 -.2251376  0  0
 1.7892 -.5918 -.1625499 -.5055426 -.8438241 -.1799651  0  0
 1.7664 -.5306 -.16365 -.8537836  .4610243 -.2418886  0  0
 1.7704 -.5215001 -.15905 -.8586497  .4879451 -.1569407  0  0
 1.7659 -.529 -.15795 -.8614945  .4953254 -.1117133  0  0
 1.7819 -.5887 -.15495 -.500551 -.8579283 -.1157917  0  0
 1.7896 -.5931 -.15555 -.4999265 -.8612965 -9.078473E-02  0  0
 1.7702 -.5207999 -.15205 -.8660694  .4996368 -1.693921E-02  0  0
 1.7658 -.5285 -.15205 -.8656986  .4998018  2.764115E-02  0  0
 1.782 -.5889 -.15205 -.5002055 -.8657075 -1.857377E-02  0  0
 1.7896 -.5933 -.15205 -.5002565 -.8657892  1.235121E-02  0  0
 1.7819 -.5887 -.14905 -.4999571 -.8616117  8.756842E-02  0  0
 1.7896 -.5931 -.14845 -.500509 -.8582001  .1139442  0  0
 1.7704 -.5215001 -.14495 -.8614017  .4955616  .1113812  0  0
 1.7659 -.529 -.1460499 -.8588481  .4880416  .1555486  0  0
 1.7816 -.5876001 -.1431499 -.5049889 -.8454576  .173746  0  0
 1.7892 -.5918 -.14145 -.5085878 -.8327438  .2188064  0  0
 1.7709 -.5234 -.13805 -.8537077  .459984  .2441266  0  0
 1.7664 -.5306 -.14035 -.8517183  .4368176  .289424  0  0
 1.7811 -.5854999 -.13765 -.5157742 -.8016654  .3021749  0  0
 1.7885 -.5892 -.13485 -.5197273 -.783057  .3416214  0  0
 1.7717 -.5265999 -.1317499 -.8422484  .3953783  .366461  0  0
 1.7671 -.5333 -.13515 -.8352396  .3746431  .4025138  0  0
 1.7802 -.5824 -.13265 -.5317692 -.736009  .4189419  0  0
 1.7729 -.5308 -.12615 -.8195146  .3255863  .4715818  0  0
 1.768 -.5368 -.13045 -.810468  .2964529  .50523  0  0
 1.7875 -.5854999 -.12885 -.5407226 -.7078099  .4545594  0  0
 1.7792 -.5784 -.12835 -.557969 -.6488022  .5174227  0  0
 1.7743 -.536 -.12145 -.7932957  .2279726  .5645444  0  0
 1.7692 -.5412 -.1265501 -.7842297  .1942333  .5892853  0  0
 1.7863 -.5808 -.1236501 -.5669488 -.6170743  .5456998  0  0
 1.7779 -.5738 -.12495 -.5840905 -.545723  .6008534  0  0
 1.7759 -.542 -.11785 -.7640779  .1220027  .6334827  0  0
 1.7705 -.5461 -.12355 -.7534834  7.820936E-02  .6527987  0  0
 1.7848 -.5752 -.11955 -.5935423 -.5074689  .6246461  0  0
 1.7765 -.5685 -.12245 -.6144878 -.4318033  .6602656  0  0
 1.7776 -.5485 -.11555 -.732926 -6.55303E-03  .6802768  0  0
 1.772 -.5515 -.12165 -.7225659 -4.737949E-02  .6896765  0  0
 1.7831 -.5689 -.1165501 -.6258271 -.3915063  .6745838  0  0
 1.775 -.563 -.12105 -.6486872 -.3046581  .6974155  0  0
 1.7794 -.5552999 -.11455 -.6996161 -.1295923  .7026685  0  0
 1.7735 -.5572 -.12075 -.6859435 -.1713998  .70718  0  0
 1.7813 -.5622 -.11485 -.6610243 -.2608618  .7035609  0  0
 1.8417 -.5459999 -.1891499  .7035951  .1089573 -.7021981  0  0
 1.8459 -.5378 -.18325  .6791197  .196074 -.7073553  0  0
 1.8398 -.5391 -.18945  .6682411  .2372818 -.7050894  0  0
 1.8444 -.5321 -.18235  .6479408  .3171604 -.6925187  0  0
 1.838 -.5322999 -.1884499  .635777  .3601002 -.6827265  0  0
 1.8435 -.5527 -.18745  .739474 -2.600418E-02 -.6726827  0  0
 1.8475 -.5436 -.18295  .7159995  6.353869E-02 -.6952032  0  0
 1.843 -.5267 -.18045  .6111049  .4453829 -.6543584  0  0
 1.8362 -.5258 -.18615  .5994219  .4865963 -.635545  0  0
 1.8451 -.559 -.18445  .7683865 -.1476204 -.6227282  0  0
 1.849 -.5491 -.18155  .7490683 -6.935066E-02 -.658853  0  0
 1.8416 -.5217 -.17745  .5804312  .5604505 -.5907578  0  0
 1.8347 -.5199 -.18255  .5713422  .5957702 -.5644696  0  0
 1.8466 -.5646001 -.18035  .7968776 -.2521231 -.5490174  0  0
 1.8504 -.5543 -.1790501  .7771732 -.1827507 -.6021661  0  0
 1.8405 -.5174 -.17355  .5515919  .6645108 -.5041546  0  0
 1.8333 -.5147 -.17785  .5449705  .6938986 -.4706506  0  0
 1.8479 -.5693 -.17515  .8193592 -.3449132 -.4579141  0  0
 1.8516 -.559 -.17565  .8046702 -.2851566 -.5207606  0  0
 1.8395 -.5139 -.16885  .5333035  .7433104 -.4038279  0  0
 1.8321 -.5104 -.17225  .5299642  .762468 -.3711878  0  0
 1.8527 -.563 -.17135  .8267344 -.3721836 -.4218881  0  0
 1.8489 -.5731 -.16915  .8410915 -.4182892 -.3429274  0  0
 1.8388 -.5112 -.16365  .5192764  .8028807 -.2928047  0  0
 1.8313 -.5071999 -.16595  .5125897  .8227859 -.2455102  0  0
 1.8535 -.5660999 -.16635  .8473039 -.4375492 -.3010429  0  0
 1.8496 -.5756 -.1625499  .8558494 -.4696254 -.2167346  0  0
 1.8541 -.5682001 -.16085  .8577103 -.4837457 -.1741353  0  0
 1.8384 -.5096 -.15795  .5045403  .8496064 -.1536492  0  0
 1.8308 -.5053 -.15905  .5047566  .8560678 -.1112147  0  0
 1.8499 -.5768999 -.15555  .8615044 -.497623 -.1009035  0  0
 1.8544 -.5693 -.15495  .8597197 -.5013409 -9.766977E-02  0  0
 1.8382 -.5091 -.15205  .5059345  .8621577 -2.672771E-02  0  0
 1.8306 -.5046 -.15205  .5061641  .862278  .0165704  0  0
 1.85 -.5771 -.15205  .8661187 -.4998132  5.028021E-03  0  0
 1.8544 -.5694 -.15205  .8658817 -.4998519 -1.992528E-02  0  0
 1.8544 -.5693 -.14905  .861578 -.4977014  9.988326E-02  0  0
 1.8499 -.5768999 -.14845  .8594236 -.5007219  .1032893  0  0
 1.8384 -.5096 -.1460499  .5047498  .8567038  .1062362  0  0
 1.8308 -.5053 -.14495  .5044452  .8497881  .1529546  0  0
 1.8496 -.5756 -.14145  .8575267 -.4825516  .1783028  0  0
 1.8541 -.5682001 -.1431499  .8551545 -.4674689  .224017  0  0
 1.8388 -.5112 -.14035  .5120185  .8244489  .241083  0  0
 1.8313 -.5071999 -.13805  .5185831  .8059945  .2853849  0  0
 1.8489 -.5731 -.13485  .8464325 -.433788  .3088365  0  0
 1.8535 -.5660999 -.13765  .8400772 -.4154254  .3488439  0  0
 1.8395 -.5139 -.13515  .5285757  .7670864  .3635741  0  0
 1.8321 -.5104 -.1317499  .5326697  .746602  .398558  0  0
 1.8479 -.5693 -.12885  .8263361 -.3709334  .4237652  0  0
 1.8527 -.563 -.13265  .8189384 -.3431316  .4600007  0  0
 1.8405 -.5174 -.13045  .5442562  .6967412  .4672655  0  0
 1.8466 -.5646001 -.1236501  .803544 -.2802663  .5251359  0  0
 1.8516 -.559 -.12835  .7950384 -.2460361  .5544187  0  0
 1.8333 -.5147 -.12615  .551265  .6656264  .5030391  0  0
 1.8416 -.5217 -.1265501  .5695766  .6015039  .5601568  0  0
 1.8451 -.559 -.11955  .7765648 -.1804811  .6036337  0  0
 1.8504 -.5543 -.12495  .7675273 -.1443391  .6245542  0  0
 1.8347 -.5199 -.12145  .5790699  .5660518  .5867397  0  0
 1.843 -.5267 -.12355  .5989606  .4885053  .6345146  0  0
 1.8435 -.5527 -.1165501  .7479197 -6.434082E-02  .6606635  0  0
 1.849 -.5491 -.12245  .7372894 -1.825941E-02  .6753303  0  0
 1.8362 -.5258 -.11785  .6104018  .4477854  .6533742  0  0
 1.8444 -.5321 -.12165  .6337416  .3668175  .6810407  0  0
 1.8417 -.5459999 -.11485  .7143154  7.046369E-02  .6962675  0  0
 1.8475 -.5436 -.12105  .7016852  .1155055  .7030621  0  0
 1.838 -.5322999 -.11555  .6457976  .3259963  .6904143  0  0
 1.8459 -.5378 -.12075  .6674402  .2403495  .704809  0  0
 1.8398 -.5391 -.11455  .6783606  .1988868  .7072983  0  0
 0  2  1
 1  2  3
 3  2  4
 0  1  5
 6  0  5
 6  5  7
 3  4  8
 8  4  9
 10  6  7
 10  7  11
 8  9  12
 12  9  13
 14  10  11
 14  11  15
 12  13  16
 16  13  17
 18  14  15
 18  15  19
 16  17  20
 20  17  21
 22  18  19
 22  19  23
 20  21  24
 24  21  25
 26  22  23
 26  23  27
 24  25  28
 28  25  29
 30  26  27
 30  27  31
 28  29  32
 32  29  33
 34  30  35
 35  30  31
 36  34  35
 37  34  36
 32  33  38
 38  33  39
 40  37  36
 40  36  41
 38  39  42
 42  39  43
 44  40  41
 44  41  45
 42  43  46
 46  43  47
 48  44  45
 48  45  49
 46  47  50
 50  47  51
 52  48  49
 52  49  53
 50  51  54
 54  51  55
 56  52  53
 56  53  57
 54  55  58
 58  55  59
 60  56  57
 60  57  61
 58  59  62
 62  59  63
 64  60  61
 64  61  65
 62  63  66
 66  63  67
 67  64  65
 67  65  66
 68  70  69
 69  70  71
 72  68  69
 69  71  73
 74  72  69
 69  73  75
 76  74  69
 69  75  77
 78  76  69
 69  77  79
 80  78  69
 69  79  81
 82  80  69
 69  81  83
 84  82  69
 69  83  85
 86  84  69
 87  86  69
 88  69  85
 89  69  90
 90  69  91
 91  69  88
 92  69  93
 93  69  94
 94  69  89
 95  69  96
 96  69  97
 97  69  92
 98  69  99
 99  69  100
 100  69  95
 87  69  101
 101  69  102
 102  69  98
 103  105  104
 106  105  103
 103  104  107
 108  106  103
 103  107  109
 110  108  103
 103  109  111
 112  110  103
 103  111  113
 114  112  103
 103  113  115
 116  114  103
 103  115  117
 118  116  103
 103  117  119
 120  118  103
 103  119  121
 103  121  122
 123  103  124
 124  103  122
 125  103  126
 126  103  127
 127  103  123
 128  103  129
 129  103  130
 130  103  125
 131  103  132
 132  103  133
 133  103  128
 134  103  135
 135  103  136
 136  103  131
 120  103  137
 137  103  134
 138  140  139
 139  140  141
 141  140  142
 141  142  143
 143  142  144
 145  138  146
 146  138  139
 143  144  147
 147  144  148
 149  145  150
 150  145  146
 147  148  151
 151  148  152
 153  149  154
 154  149  150
 151  152  155
 155  152  156
 157  153  158
 158  153  154
 155  156  159
 159  156  160
 157  158  161
 162  157  161
 159  160  163
 163  160  164
 162  161  165
 166  162  165
 166  165  167
 163  164  168
 168  164  169
 170  166  167
 170  167  171
 168  169  172
 172  169  173
 174  173  175
 172  173  174
 176  171  177
 170  171  176
 178  174  175
 178  175  179
 180  177  181
 176  177  180
 182  178  179
 182  179  183
 184  181  185
 180  181  184
 186  182  183
 187  185  188
 184  185  187
 186  183  189
 190  186  189
 191  188  192
 187  188  191
 190  189  193
 194  190  193
 195  192  196
 191  192  195
 197  194  193
 198  194  197
 199  196  200
 195  196  199
 201  198  197
 202  198  201
 203  200  204
 199  200  203
 205  202  201
 204  202  205
 203  204  205
 206  208  207
 207  208  209
 209  208  210
 211  206  212
 212  206  207
 209  210  213
 213  210  214
 215  211  216
 216  211  212
 213  214  217
 217  214  218
 219  215  220
 220  215  216
 217  218  221
 221  218  222
 223  219  224
 224  219  220
 221  222  225
 225  222  226
 223  224  227
 228  223  227
 225  226  229
 229  226  230
 228  227  231
 232  228  231
 232  231  233
 229  230  234
 234  230  235
 236  232  233
 236  233  237
 234  235  238
 238  235  239
 240  236  241
 241  236  237
 242  240  241
 243  240  242
 244  238  239
 244  239  245
 246  242  247
 243  242  246
 248  244  245
 248  245  249
 250  247  251
 246  247  250
 252  248  249
 252  249  253
 254  251  255
 250  251  254
 256  252  253
 257  255  258
 254  255  257
 256  253  259
 260  256  259
 261  258  262
 257  258  261
 263  260  259
 264  260  263
 265  262  266
 261  262  265
 267  264  263
 268  264  267
 269  266  270
 265  266  269
 271  268  267
 272  268  271
 273  270  272
 269  270  273
 273  272  271
MATERIAL 3
TEXTURE 0
FLAG      0
GEOM 274 272 ;Group 7  Mtl#0_SM-HGA
 2.277 -2.4121 -1.79605  .0292701 -.1089808 -.9936128  0  0
 2.3355 -2.389 -1.79645 -2.428744E-03  9.085039E-03 -.9999558  0  0
 2.2751 -2.4052 -1.79645 -1.947051E-02  7.259408E-02 -.9971715  0  0
 2.3337 -2.3822 -1.79545 -5.358197E-02  .1997761 -.9783754  0  0
 2.2733 -2.3984 -1.79545 -7.045395E-02  .2626829 -.9623066  0  0
 2.3373 -2.3959 -1.79605  4.390937E-02 -.1638914 -.9855007  0  0
 2.2788 -2.4187 -1.79445  .0755325 -.2824441 -.9563054  0  0
 2.3391 -2.4026 -1.79445  9.233458E-02 -.345205 -.9339742  0  0
 2.3319 -2.3757 -1.79305 -.1005912  .3750475 -.9215317  0  0
 2.2715 -2.3919 -1.79305 -.1140854  .4253579 -.8978058  0  0
 2.2804 -2.425 -1.79145  .1228316 -.4585793 -.8801236  0  0
 2.3408 -2.4088 -1.79145  .136732 -.5097883 -.8493646  0  0
 2.3303 -2.3697 -1.78955 -.1422674  .5304293 -.8357061  0  0
 2.2699 -2.3859 -1.78955 -.1569459  .5848041 -.7958468  0  0
 2.2819 -2.4306 -1.78735  .1629106 -.6073921 -.7775185  0  0
 2.3423 -2.4144 -1.78735  .1755012 -.6543344 -.7355582  0  0
 2.3289 -2.3645 -1.78485 -.1828402  .6809297 -.7091574  0  0
 2.2686 -2.3807 -1.78485 -.1932325  .7212445 -.6651823  0  0
 2.2832 -2.4354 -1.78215  .1983442 -.739502 -.64327  0  0
 2.3436 -2.4192 -1.78215  .2087589 -.778332 -.5921309  0  0
 2.3278 -2.3603 -1.77925 -.2121885  .7940331 -.569638  0  0
 2.2674 -2.3764 -1.77925 -.2210459  .8270092 -.5169086  0  0
 2.2842 -2.4391 -1.77615  .2263291 -.8438409 -.4865261  0  0
 2.3446 -2.4229 -1.77615  .2335376 -.870717 -.4327957  0  0
 2.3269 -2.3571 -1.77295 -.237323  .8856123 -.39921  0  0
 2.2666 -2.3733 -1.77295 -.2434412  .9085915 -.3394081  0  0
 2.2849 -2.4417 -1.76955  .245818 -.9165032 -.3155873  0  0
 2.3453 -2.4255 -1.76955  .2507103 -.9347485 -.2517728  0  0
 2.3264 -2.3552 -1.76605 -.2516897  .9417857 -.2229169  0  0
 2.266 -2.3713 -1.76605 -.254871  .9536376 -.1600503  0  0
 2.2852 -2.443 -1.76255  .2566455 -.9568797 -.1360673  0  0
 2.3456 -2.4268 -1.76255  .2566436 -.9568801 -.136068  0  0
 2.3262 -2.3545 -1.75895 -.2587205  .9655334 -2.844271E-02  0  0
 2.2659 -2.3707 -1.75895 -.2586739  .9653595  .0341888  0  0
 2.2853 -2.4431 -1.75895  .2590381 -.9657981  1.154625E-02  0  0
 2.3457 -2.4269 -1.75895  .2590383 -.9657991 -1.145998E-02  0  0
 2.3456 -2.4268 -1.75545  .2566002 -.9567108  .1373345  0  0
 2.2852 -2.443 -1.75545  .2565984 -.9567114  .1373338  0  0
 2.3264 -2.3552 -1.75185 -.2550746  .9543872  .1551833  0  0
 2.266 -2.3713 -1.75185 -.2518882  .9425406  .2194757  0  0
 2.2849 -2.4417 -1.74845  .2507871 -.9350346  .2506316  0  0
 2.3453 -2.4255 -1.74845  .2460558 -.9173898  .3128139  0  0
 2.3269 -2.3571 -1.74505 -.2428276  .906278  .3459696  0  0
 2.2666 -2.3733 -1.74505 -.2369674  .8843089  .4022986  0  0
 2.2842 -2.4391 -1.74175  .2339861 -.8723891  .4291709  0  0
 2.3446 -2.4229 -1.74175  .2266144 -.8449045  .4845433  0  0
 2.3278 -2.3603 -1.73865 -.2223374  .8318303  .5085513  0  0
 2.2674 -2.3764 -1.73865 -.2132663  .7980776  .5635508  0  0
 2.2832 -2.4354 -1.73575  .2083313 -.776738  .5943704  0  0
 2.3436 -2.4192 -1.73575  .1973335 -.7357335  .6478856  0  0
 2.3289 -2.3645 -1.73305 -.1925338  .7186491  .6681873  0  0
 2.2686 -2.3807 -1.73305 -.180856  .6735374  .7166857  0  0
 2.2819 -2.4306 -1.73065  .1748438 -.6518837  .737887  0  0
 2.3423 -2.4144 -1.73065  .1636416 -.6101174  .7752278  0  0
 2.3303 -2.3697 -1.72845 -.156171  .5819216  .7981089  0  0
 2.2699 -2.3859 -1.72845 -.143256  .5341153  .8331858  0  0
 2.2804 -2.425 -1.72645  .1372232 -.51162  .8481832  0  0
 2.3408 -2.4088 -1.72645  .1218967 -.4550747  .8820704  0  0
 2.3319 -2.3757 -1.72485 -.1150575  .4289819  .8959555  0  0
 2.2715 -2.3919 -1.72485 -9.955631E-02  .3711892  .9232048  0  0
 2.2788 -2.4187 -1.72355  9.166332E-02 -.342708  .9349594  0  0
 2.3391 -2.4026 -1.72355  7.689679E-02 -.2875248  .9546813  0  0
 2.3337 -2.3822 -1.72255 -6.819334E-02  .2542543  .9647302  0  0
 2.2733 -2.3984 -1.72255 -5.241299E-02  .1954176  .9793186  0  0
 2.277 -2.4121 -1.72185  4.503057E-02 -.1680919  .9847423  0  0
 2.3373 -2.3959 -1.72185  2.793465E-02 -.1040024  .9941847  0  0
 2.3355 -2.389 -1.72155 -2.070659E-02  7.720267E-02  .9968004  0  0
 2.2751 -2.4052 -1.72155 -4.862502E-03  1.815156E-02  .9998235  0  0
 2.3431 -2.3934 -1.78995  .9665623  .2564288 -1.274505E-03  0  0
 2.342 -2.3891 -1.75895  .9659778  .2586251  0  0  0
 2.3416 -2.3877 -1.79015  .9670609  .2545433 -9.78509E-04  0  0
 2.3401 -2.382 -1.78935  .9653976  .2607818  5.653515E-04  0  0
 2.3446 -2.399 -1.78855  .9659398  .2587614 -1.701453E-03  0  0
 2.3386 -2.3766 -1.78735  .9655  .2604012 -9.795207E-04  0  0
 2.346 -2.4042 -1.78605  .9652427  .2613361 -3.145944E-03  0  0
 2.3373 -2.3716 -1.78445  .9657364  .2595247  1.034584E-04  0  0
 2.3473 -2.4089 -1.78255  .966024  .2584523  1.039002E-04  0  0
 2.3361 -2.3673 -1.78055  .9658272  .259177 -2.240659E-03  0  0
 2.3483 -2.4128 -1.77825  .9659209  .2588252 -2.532805E-03  0  0
 2.3352 -2.3637 -1.77585  .9666507  .2560659 -4.096083E-03  0  0
 2.3492 -2.4159 -1.77325  .9659848  .258593  1.731582E-03  0  0
 2.3345 -2.3611 -1.77055  .9653412  .2609294  5.679397E-03  0  0
 2.3497 -2.4181 -1.76775  .9669432  .2549216  5.987801E-03  0  0
 2.334 -2.3595 -1.76485  .9653414  .2609899  4.288763E-04  0  0
 2.35 -2.4192 -1.76195  .9661931  .2576699 -8.776392E-03  0  0
 2.3339 -2.3589 -1.75895  .9658621  .2590567  0  0  0
 2.3501 -2.4193 -1.75895  .965863  .2590532  0  0  0
 2.35 -2.4192 -1.75595  .9661931  .2576699  8.776392E-03  0  0
 2.334 -2.3595 -1.75305  .9653414  .2609899 -4.288756E-04  0  0
 2.3361 -2.3673 -1.73745  .9658293  .2591693  2.259382E-03  0  0
 2.3352 -2.3637 -1.74205  .9666553  .2560477  4.125261E-03  0  0
 2.3345 -2.3611 -1.74735  .9653412  .2609294 -5.679397E-03  0  0
 2.3401 -2.382 -1.72865  .9653977  .2607814 -5.671073E-04  0  0
 2.3386 -2.3766 -1.73055  .9655  .2604012  9.795139E-04  0  0
 2.3373 -2.3716 -1.73355  .9657367  .2595238 -1.032191E-04  0  0
 2.3446 -2.399 -1.72945  .9659402  .2587597  1.706604E-03  0  0
 2.3431 -2.3934 -1.72805  .9665652  .2564179  1.277005E-03  0  0
 2.3416 -2.3877 -1.72775  .9670609  .2545433  9.785024E-04  0  0
 2.3483 -2.4128 -1.73965  .9659209  .2588252  2.532805E-03  0  0
 2.3473 -2.4089 -1.73535  .9660242  .2584516 -1.044765E-04  0  0
 2.346 -2.4042 -1.73195  .965238  .2613535  3.167984E-03  0  0
 2.3497 -2.4181 -1.75015  .9669432  .2549216 -5.987685E-03  0  0
 2.3492 -2.4159 -1.74465  .9659848  .258593 -1.731576E-03  0  0
 2.2695 -2.4085 -1.75895 -.9659011 -.2589112  0  0  0
 2.2707 -2.4128 -1.78995 -.966454 -.2568336 -1.787455E-03  0  0
 2.2692 -2.4071 -1.79015 -.9649882 -.2622815 -2.490567E-03  0  0
 2.2676 -2.4014 -1.78935 -.9653991 -.260776 -5.67836E-04  0  0
 2.2722 -2.4184 -1.78855 -.9656783 -.2597383 -1.213796E-03  0  0
 2.2662 -2.396 -1.78735 -.9658309 -.2591665 -1.842977E-03  0  0
 2.2736 -2.4236 -1.78605 -.9666592 -.2560411 -3.583246E-03  0  0
 2.2648 -2.391 -1.78445 -.9657357 -.2595275 -1.077898E-04  0  0
 2.2748 -2.4283 -1.78255 -.9660243 -.2584512 -1.099585E-04  0  0
 2.2637 -2.3867 -1.78055 -.9664087 -.2570104  1.084285E-04  0  0
 2.2759 -2.4322 -1.77825 -.9652902 -.2611787  6.263455E-04  0  0
 2.2627 -2.3831 -1.77585 -.9655209 -.2603111 -2.742205E-03  0  0
 2.2767 -2.4353 -1.77325 -.9659843 -.2585947 -1.732496E-03  0  0
 2.262 -2.3805 -1.77055 -.9661425 -.2580019  1.894808E-03  0  0
 2.2773 -2.4375 -1.76775 -.9656053 -.2600104  9.780878E-04  0  0
 2.2616 -2.3789 -1.76485 -.9665033 -.2565587  6.993635E-03  0  0
 2.2776 -2.4386 -1.76195 -.9657051 -.2596296 -2.475637E-03  0  0
 2.2615 -2.3783 -1.75895 -.9666585 -.256069  0  0  0
 2.2776 -2.4387 -1.75895 -.9658621 -.2590567  0  0  0
 2.2776 -2.4386 -1.75595 -.9657051 -.2596296  2.475637E-03  0  0
 2.2767 -2.4353 -1.74465 -.9659843 -.2585947  1.73249E-03  0  0
 2.2773 -2.4375 -1.75015 -.9656053 -.2600104 -9.780688E-04  0  0
 2.2736 -2.4236 -1.73195 -.9666644 -.2560212  3.608388E-03  0  0
 2.2748 -2.4283 -1.73535 -.9660245 -.2584505  1.105683E-04  0  0
 2.2759 -2.4322 -1.73965 -.9652902 -.2611787 -6.263455E-04  0  0
 2.2692 -2.4071 -1.72775 -.9649882 -.2622816  2.490551E-03  0  0
 2.2707 -2.4128 -1.72805 -.9664499 -.2568489  1.790949E-03  0  0
 2.2722 -2.4184 -1.72945 -.965678 -.2597395  1.21747E-03  0  0
 2.2648 -2.391 -1.73355 -.965736 -.2595266  1.075406E-04  0  0
 2.2662 -2.396 -1.73055 -.9658309 -.2591665  1.842964E-03  0  0
 2.2676 -2.4014 -1.72865 -.9653993 -.2607756  5.695994E-04  0  0
 2.262 -2.3805 -1.74735 -.9661425 -.2580019 -1.894808E-03  0  0
 2.2627 -2.3831 -1.74205 -.9655176 -.2603232  2.761716E-03  0  0
 2.2637 -2.3867 -1.73745 -.9664087 -.25701 -1.093344E-04  0  0
 2.2616 -2.3789 -1.75305 -.9665034 -.2565587 -6.993625E-03  0  0
 2.2733 -2.3984 -1.79545 -.7216001 -4.449204E-02 -.6908789  0  0
 2.2692 -2.4071 -1.79015 -.7017615 -.1270981 -.7009828  0  0
 2.2751 -2.4052 -1.79645 -.6889954 -.1703359 -.7044651  0  0
 2.2707 -2.4128 -1.78995 -.6620077 -.2558346 -.7044817  0  0
 2.277 -2.4121 -1.79605 -.6462728 -.3008525 -.7012982  0  0
 2.2722 -2.4184 -1.78855 -.624688 -.3837723 -.6800616  0  0
 2.2788 -2.4187 -1.79445 -.6162129 -.4236106 -.6639546  0  0
 2.2715 -2.3919 -1.79305 -.7566659  8.305714E-02 -.6485046  0  0
 2.2676 -2.4014 -1.78935 -.733135  7.187811E-04 -.6800827  0  0
 2.2736 -2.4236 -1.78605 -.5968353 -.5021643 -.6257945  0  0
 2.2804 -2.425 -1.79145 -.5894246 -.5377882 -.6027956  0  0
 2.2699 -2.3859 -1.78955 -.7857226  .1941096 -.5873342  0  0
 2.2662 -2.396 -1.78735 -.7662401  .1181 -.6316079  0  0
 2.2748 -2.4283 -1.78255 -.569271 -.612317 -.5486333  0  0
 2.2819 -2.4306 -1.78735 -.561957 -.6452755 -.517517  0  0
 2.2686 -2.3807 -1.78485 -.811105  .3031742 -.5001941  0  0
 2.2648 -2.391 -1.78445 -.7944695  .2357598 -.5596746  0  0
 2.2759 -2.4322 -1.77825 -.54724 -.7041602 -.4524235  0  0
 2.2832 -2.4354 -1.78215 -.5416489 -.7291275 -.4183176  0  0
 2.2674 -2.3764 -1.77925 -.8326669  .3803255 -.4025151  0  0
 2.2637 -2.3867 -1.78055 -.8177695  .3286909 -.4724566  0  0
 2.2767 -2.4353 -1.77325 -.5282066 -.7754111 -.346028  0  0
 2.2842 -2.4391 -1.77615 -.5213608 -.7959771 -.3075767  0  0
 2.2627 -2.3831 -1.77585 -.8392912  .4067728 -.36073  0  0
 2.2666 -2.3733 -1.77295 -.8487087  .4471595 -.2823859  0  0
 2.2773 -2.4375 -1.76775 -.5123939 -.8281551 -.2271819  0  0
 2.2849 -2.4417 -1.76955 -.5085772 -.8413715 -.182875  0  0
 2.262 -2.3805 -1.77055 -.8545834  .4601429 -.2407399  0  0
 2.266 -2.3713 -1.76605 -.8635573  .4811096 -.1510041  0  0
 2.2616 -2.3789 -1.76485 -.8664696  .4888984 -.1010381  0  0
 2.2776 -2.4386 -1.76195 -.5042148 -.8557107 -.1163034  0  0
 2.2852 -2.443 -1.76255 -.5027034 -.8607536 -7.995351E-02  0  0
 2.2659 -2.3707 -1.75895 -.8665795  .4986696 -.0192003  0  0
 2.2615 -2.3783 -1.75895 -.8666414  .4985137  2.041445E-02  0  0
 2.2776 -2.4387 -1.75895 -.4981925 -.8670582 -3.780062E-03  0  0
 2.2853 -2.4431 -1.75895 -.4979919 -.8671398  8.518492E-03  0  0
 2.2776 -2.4386 -1.75595 -.501776 -.8617787  7.455443E-02  0  0
 2.2852 -2.443 -1.75545 -.5031385 -.8571854  .1099306  0  0
 2.266 -2.3713 -1.75185 -.8662142  .4865669  .1136912  0  0
 2.2616 -2.3789 -1.75305 -.862358  .4799235  .1612825  0  0
 2.2773 -2.4375 -1.75015 -.5064765 -.8434863  .1789202  0  0
 2.2849 -2.4417 -1.74845 -.5105838 -.8308282  .2214243  0  0
 2.2666 -2.3733 -1.74505 -.8531  .4607547  .2447969  0  0
 2.262 -2.3805 -1.74735 -.8478936  .4495076  .2811037  0  0
 2.2767 -2.4353 -1.74465 -.5198646 -.798575  .3033458  0  0
 2.2842 -2.4391 -1.74175 -.5272963 -.7790599  .3391524  0  0
 2.2674 -2.3764 -1.73865 -.838214  .4052153  .3649629  0  0
 2.2627 -2.3831 -1.74205 -.8322182  .3741487  .4091767  0  0
 2.2759 -2.4322 -1.73965 -.54002 -.7344037  .4111321  0  0
 2.2686 -2.3807 -1.73305 -.8183026  .3204647  .4771617  0  0
 2.2637 -2.3867 -1.73745 -.8114421  .2943551  .5048928  0  0
 2.2832 -2.4354 -1.73575 -.5453606 -.7075164  .4494468  0  0
 2.2748 -2.4283 -1.73535 -.5587411 -.6463601  .5196412  0  0
 2.2699 -2.3859 -1.72845 -.7949478  .232417  .560393  0  0
 2.2648 -2.391 -1.73355 -.7853129  .1933763  .5881236  0  0
 2.2819 -2.4306 -1.73065 -.5676726 -.6128673  .549674  0  0
 2.2736 -2.4236 -1.73195 -.5890262 -.544868  .5967973  0  0
 2.2715 -2.3919 -1.72485 -.7652678  .1126256  .6337829  0  0
 2.2662 -2.396 -1.73055 -.7539227  7.269266E-02  .6529291  0  0
 2.2804 -2.425 -1.72645 -.5996491 -.5057388  .6202009  0  0
 2.2722 -2.4184 -1.72945 -.6174812 -.4253773  .6616427  0  0
 2.2733 -2.3984 -1.72255 -.7310068 -5.977943E-03  .682344  0  0
 2.2676 -2.4014 -1.72865 -.7192951 -4.549101E-02  .6932136  0  0
 2.2788 -2.4187 -1.72355 -.6259435 -.385698  .677814  0  0
 2.2707 -2.4128 -1.72805 -.6487619 -.3063511  .696604  0  0
 2.2751 -2.4052 -1.72155 -.6969275 -.1320148  .7048858  0  0
 2.2692 -2.4071 -1.72775 -.6853372 -.1758467  .7066759  0  0
 2.277 -2.4121 -1.72185 -.6618916 -.2635258  .7017505  0  0
 2.3373 -2.3959 -1.79605  .7018583  .105106 -.7045195  0  0
 2.3416 -2.3877 -1.79015  .683095  .1868583 -.7060207  0  0
 2.3355 -2.389 -1.79645  .6746139  .2280357 -.7020654  0  0
 2.3401 -2.382 -1.78935  .6492745  .3205471 -.6897045  0  0
 2.3337 -2.3822 -1.79545  .6353511  .3691334 -.6782842  0  0
 2.3391 -2.4026 -1.79445  .7361208 -2.044203E-02 -.6765414  0  0
 2.3431 -2.3934 -1.78995  .7111403  6.520624E-02 -.7000197  0  0
 2.3386 -2.3766 -1.78735  .6132656  .4479346 -.6505842  0  0
 2.3319 -2.3757 -1.79305  .6036141  .4816835 -.6353197  0  0
 2.3408 -2.4088 -1.79145  .7705111 -.1423095 -.6213378  0  0
 2.3446 -2.399 -1.78855  .7495528 -6.449825E-02 -.6587948  0  0
 2.3373 -2.3716 -1.78445  .5838466  .5552779 -.592275  0  0
 2.3303 -2.3697 -1.78955  .5734164  .5949247 -.5632568  0  0
 2.3423 -2.4144 -1.78735  .7987993 -.2479006 -.5481468  0  0
 2.346 -2.4042 -1.78605  .7804894 -.1789558 -.5990084  0  0
 2.3361 -2.3673 -1.78055  .5563669  .6604478 -.5042467  0  0
 2.3289 -2.3645 -1.78485  .5477629  .6897613 -.473482  0  0
 2.3436 -2.4192 -1.78215  .8272833 -.3392842 -.4477596  0  0
 2.3473 -2.4089 -1.78255  .8098977 -.2814789 -.5146216  0  0
 2.3352 -2.3637 -1.77585  .5312183  .7445416 -.4043079  0  0
 2.3278 -2.3603 -1.77925  .523554  .7697354 -.3652378  0  0
 2.3483 -2.4128 -1.77825  .8344583 -.3647555 -.4130773  0  0
 2.3446 -2.4229 -1.77615  .845004 -.4098182 -.3435364  0  0
 2.3345 -2.3611 -1.77055  .5136557  .8096723 -.2838812  0  0
 2.3269 -2.3571 -1.77295  .511196  .8249075 -.2412599  0  0
 2.3492 -2.4159 -1.77325  .8502979 -.4300788 -.3033573  0  0
 2.3453 -2.4255 -1.76955  .8603911 -.4618987 -.2153524  0  0
 2.3497 -2.4181 -1.76775  .8634169 -.4745984 -.1710777  0  0
 2.334 -2.3595 -1.76485  .5043486  .8488632 -.158315  0  0
 2.3264 -2.3552 -1.76605  .5013024  .8572519 -.1175372  0  0
 2.3456 -2.4268 -1.76255  .8653213 -.4908676 -.1013312  0  0
 2.35 -2.4192 -1.76195  .8641364 -.4918928 -.1063475  0  0
 2.3339 -2.3589 -1.75895  .4977552  .8669075 -.0266673  0  0
 2.3262 -2.3545 -1.75895  .4976911  .8670437  2.321135E-02  0  0
 2.3457 -2.4269 -1.75895  .8657378 -.5003154  1.351164E-02  0  0
 2.3501 -2.4193 -1.75895  .8658301 -.5001359 -1.422516E-02  0  0
 2.35 -2.4192 -1.75595  .8647579 -.4917308  .1019538  0  0
 2.3456 -2.4268 -1.75545  .8640009 -.4937122  9.874598E-02  0  0
 2.334 -2.3595 -1.75305  .5008206  .8583349  .1115342  0  0
 2.3264 -2.3552 -1.75185  .5035571  .8505502  .15164  0  0
 2.3453 -2.4255 -1.74845  .8620824 -.4741293  .1789284  0  0
 2.3497 -2.4181 -1.75015  .8588301 -.4611881  .2229717  0  0
 2.3345 -2.3611 -1.74735  .5087712  .8280952  .2353938  0  0
 2.3269 -2.3571 -1.74505  .5115277  .8123803  .2799602  0  0
 2.3446 -2.4229 -1.74175  .8497284 -.4306709  .3041121  0  0
 2.3492 -2.4159 -1.74465  .8447497 -.4086084  .3455967  0  0
 2.3352 -2.3637 -1.74205  .5224469  .7709161  .3643318  0  0
 2.3278 -2.3603 -1.73865  .5321132  .7456653  .4010472  0  0
 2.3436 -2.4192 -1.73575  .832777 -.3573771  .4228051  0  0
 2.3483 -2.4128 -1.73965  .8243026 -.3340285  .4571106  0  0
 2.3361 -2.3673 -1.73745  .5496105  .6916118  .4686165  0  0
 2.3423 -2.4144 -1.73065  .8064941 -.2804941  .5204713  0  0
 2.3473 -2.4089 -1.73535  .7974878 -.247736  .5501273  0  0
 2.3289 -2.3645 -1.73305  .5585942  .6632703  .4980412  0  0
 2.3373 -2.3716 -1.73355  .5739526  .5979757  .5594673  0  0
 2.3408 -2.4088 -1.72645  .7801951 -.1703772  .6018864  0  0
 2.346 -2.4042 -1.73195  .7705951 -.1303266  .6238575  0  0
 2.3303 -2.3697 -1.72845  .5820158  .5613425  .588347  0  0
 2.3386 -2.3766 -1.73055  .6018223  .488867  .6315212  0  0
 2.3391 -2.4026 -1.72355  .7489944 -5.612556E-02  .6601949  0  0
 2.3446 -2.399 -1.72945  .7371982 -1.812356E-02  .6754335  0  0
 2.3319 -2.3757 -1.72485  .6129336  .4505972  .6490566  0  0
 2.3401 -2.382 -1.72865  .6348335  .3697217  .6784485  0  0
 2.3373 -2.3959 -1.72185  .7147926  6.660509E-02  .6961576  0  0
 2.3431 -2.3934 -1.72805  .7029919  .1081236  .7029308  0  0
 2.3337 -2.3822 -1.72255  .6457919  .3259996  .690418  0  0
 2.3416 -2.3877 -1.72775  .6680555  .2381847  .7049609  0  0
 2.3355 -2.389 -1.72155  .679662  .1932202  .7076197  0  0
 0  2  1
 1  2  3
 3  2  4
 0  1  5
 6  0  5
 6  5  7
 3  4  8
 8  4  9
 10  6  7
 10  7  11
 8  9  12
 12  9  13
 14  10  11
 14  11  15
 12  13  16
 16  13  17
 18  14  15
 18  15  19
 16  17  20
 20  17  21
 22  18  19
 22  19  23
 20  21  24
 24  21  25
 26  22  23
 26  23  27
 24  25  28
 28  25  29
 30  26  27
 30  27  31
 28  29  32
 32  29  33
 34  30  35
 35  30  31
 36  34  35
 37  34  36
 32  33  38
 38  33  39
 40  37  36
 40  36  41
 38  39  42
 42  39  43
 44  40  41
 44  41  45
 42  43  46
 46  43  47
 48  44  45
 48  45  49
 46  47  50
 50  47  51
 52  48  49
 52  49  53
 50  51  54
 54  51  55
 56  52  53
 56  53  57
 54  55  58
 58  55  59
 60  56  57
 60  57  61
 58  59  62
 62  59  63
 64  60  61
 64  61  65
 62  63  66
 66  63  67
 67  64  65
 67  65  66
 68  70  69
 69  70  71
 72  68  69
 69  71  73
 74  72  69
 69  73  75
 76  74  69
 69  75  77
 78  76  69
 69  77  79
 80  78  69
 69  79  81
 82  80  69
 69  81  83
 84  82  69
 69  83  85
 86  84  69
 87  86  69
 88  69  85
 89  69  90
 90  69  91
 91  69  88
 92  69  93
 93  69  94
 94  69  89
 95  69  96
 96  69  97
 97  69  92
 98  69  99
 99  69  100
 100  69  95
 87  69  101
 101  69  102
 102  69  98
 103  105  104
 106  105  103
 103  104  107
 108  106  103
 103  107  109
 110  108  103
 103  109  111
 112  110  103
 103  111  113
 114  112  103
 103  113  115
 116  114  103
 103  115  117
 118  116  103
 103  117  119
 120  118  103
 103  119  121
 103  121  122
 123  103  124
 124  103  122
 125  103  126
 126  103  127
 127  103  123
 128  103  129
 129  103  130
 130  103  125
 131  103  132
 132  103  133
 133  103  128
 134  103  135
 135  103  136
 136  103  131
 120  103  137
 137  103  134
 138  140  139
 139  140  141
 141  140  142
 141  142  143
 143  142  144
 145  138  146
 146  138  139
 143  144  147
 147  144  148
 149  145  150
 150  145  146
 147  148  151
 151  148  152
 153  149  154
 154  149  150
 151  152  155
 155  152  156
 157  153  158
 158  153  154
 155  156  159
 159  156  160
 157  158  161
 162  157  161
 159  160  163
 163  160  164
 162  161  165
 166  162  165
 166  165  167
 163  164  168
 168  164  169
 170  166  167
 170  167  171
 168  169  172
 172  169  173
 174  173  175
 172  173  174
 176  171  177
 170  171  176
 178  174  175
 178  175  179
 180  177  181
 176  177  180
 182  178  179
 182  179  183
 184  181  185
 180  181  184
 186  182  183
 187  185  188
 184  185  187
 186  183  189
 190  186  189
 191  188  192
 187  188  191
 190  189  193
 194  190  193
 195  192  196
 191  192  195
 197  194  193
 198  194  197
 199  196  200
 195  196  199
 201  198  197
 202  198  201
 203  200  204
 199  200  203
 205  202  201
 204  202  205
 203  204  205
 206  208  207
 207  208  209
 209  208  210
 211  206  212
 212  206  207
 209  210  213
 213  210  214
 215  211  216
 216  211  212
 213  214  217
 217  214  218
 219  215  220
 220  215  216
 217  218  221
 221  218  222
 223  219  224
 224  219  220
 221  222  225
 225  222  226
 223  224  227
 228  223  227
 225  226  229
 229  226  230
 228  227  231
 232  228  231
 232  231  233
 229  230  234
 234  230  235
 236  232  233
 236  233  237
 234  235  238
 238  235  239
 240  236  241
 241  236  237
 242  240  241
 243  240  242
 244  238  239
 244  239  245
 246  242  247
 243  242  246
 248  244  245
 248  245  249
 250  247  251
 246  247  250
 252  248  249
 252  249  253
 254  251  255
 250  251  254
 256  252  253
 257  255  258
 254  255  257
 256  253  259
 260  256  259
 261  258  262
 257  258  261
 263  260  259
 264  260  263
 265  262  266
 261  262  265
 267  264  263
 268  264  267
 269  266  270
 265  266  269
 271  268  267
 272  268  271
 273  270  272
 269  270  273
 273  272  271
MATERIAL 3
TEXTURE 0
FLAG      0
GEOM 274 272 ;Group 8  Mtl#0_SM-HGA
 2.2621 -2.405 -1.79605 -2.924446E-02  .1089963 -.9936119  0  0
 2.2018 -2.4212 -1.79605 -4.402501E-02  .1638702 -.985499  0  0
 2.2036 -2.428 -1.79645  2.38422E-03 -9.087375E-03 -.9999559  0  0
 2.264 -2.4119 -1.79645  1.934332E-02 -7.228672E-02 -.9971963  0  0
 2.2054 -2.4349 -1.79545  5.327812E-02 -.1989203 -.9785663  0  0
 2.2658 -2.4187 -1.79545  .0705745 -.2629481 -.9622253  0  0
 2.2603 -2.3983 -1.79445 -7.553149E-02  .2811438 -.9566886  0  0
 2.2 -2.4145 -1.79445 -9.226377E-02  .3436497 -.9345546  0  0
 2.2072 -2.4414 -1.79305  .1012307 -.3769822 -.9206719  0  0
 2.2675 -2.4252 -1.79305  .1153247 -.4292624 -.8957868  0  0
 2.2587 -2.392 -1.79145 -.1224191  .4562005 -.8814163  0  0
 2.1983 -2.4082 -1.79145 -.1361333  .5072489 -.8509796  0  0
 2.2088 -2.4473 -1.78955  .1435745 -.5344139 -.8329394  0  0
 2.2691 -2.4311 -1.78955  .1566247 -.5843053 -.7962763  0  0
 2.2571 -2.3864 -1.78735 -.1636552  .6094676 -.7757359  0  0
 2.1968 -2.4026 -1.78735 -.1760568  .6571664 -.7328959  0  0
 2.2102 -2.4525 -1.78485  .1808856 -.6761636 -.7142011  0  0
 2.2705 -2.4364 -1.78485  .1921697 -.7185906 -.668355  0  0
 2.2559 -2.3817 -1.78215 -.1978166  .7402731 -.6425452  0  0
 2.1955 -2.3978 -1.78215 -.2074181  .7764588 -.5950541  0  0
 2.2113 -2.4568 -1.77925  .2133284 -.7965234 -.565722  0  0
 2.2717 -2.4406 -1.77925  .2219794 -.8293983 -.5126632  0  0
 2.2549 -2.3779 -1.77615 -.225908  .8439537 -.4865261  0  0
 2.1945 -2.3941 -1.77615 -.2344492  .8741157 -.4253884  0  0
 2.2121 -2.4599 -1.77295  .2361622 -.8842022 -.4030061  0  0
 2.2725 -2.4438 -1.77295  .2425054 -.9073216 -.3434511  0  0
 2.2542 -2.3754 -1.76955 -.2464215  .9187531 -.308495  0  0
 2.1938 -2.3916 -1.76955 -.2510502  .9354841 -.2486833  0  0
 2.2127 -2.4619 -1.76605  .252634 -.9427947 -.217518  0  0
 2.273 -2.4457 -1.76605  .2557157 -.9543428 -.1544  0  0
 2.2538 -2.3741 -1.76255 -.2565208  .9556154 -.144901  0  0
 2.1935 -2.3903 -1.76255 -.2567193  .9555621 -.144901  0  0
 2.2128 -2.4625 -1.75895  .2580431 -.9655304 -3.412949E-02  0  0
 2.2732 -2.4464 -1.75895  .2580895 -.965704  2.838339E-02  0  0
 2.1934 -2.3901 -1.75895 -.2591493  .9656689 -1.803346E-02  0  0
 2.2538 -2.3739 -1.75895 -.2591337  .9656208  2.064741E-02  0  0
 2.2127 -2.4619 -1.75185  .255451 -.953367  .1607363  0  0
 2.273 -2.4457 -1.75185  .2521971 -.9411522  .2250094  0  0
 2.1935 -2.3903 -1.75545 -.2564695  .9554241  .146247  0  0
 2.2538 -2.3741 -1.75545 -.2566679  .9553708  .146247  0  0
 2.2542 -2.3754 -1.74845 -.2511246  .9357637  .2475536  0  0
 2.1938 -2.3916 -1.74845 -.2467412  .9199449  .3046638  0  0
 2.2121 -2.4599 -1.74505  .2427344 -.9082018  .3409539  0  0
 2.2725 -2.4438 -1.74505  .2369036 -.8869591  .3964595  0  0
 2.2549 -2.3779 -1.74175 -.2344351  .8740631  .4255042  0  0
 2.1945 -2.3941 -1.74175 -.226195  .8450171  .484543  0  0
 2.2113 -2.4568 -1.73865  .222236 -.8303658  .5109831  0  0
 2.2717 -2.4406 -1.73865  .2131715 -.795931  .5666142  0  0
 2.2559 -2.3817 -1.73575 -.2077022  .7775125  .5935774  0  0
 2.1955 -2.3978 -1.73575 -.1973884  .7386841  .6445026  0  0
 2.2102 -2.4525 -1.73305  .1922137 -.718748  .668173  0  0
 2.2705 -2.4364 -1.73305  .1800726 -.6731351  .7172607  0  0
 2.2571 -2.3864 -1.73065 -.17525  .654132  .735798  0  0
 2.1968 -2.4026 -1.73065 -.1636559  .6094753  .7757297  0  0
 2.2088 -2.4473 -1.72845  .155857 -.5814237  .7985331  0  0
 2.2691 -2.4311 -1.72845  .1438759 -.5355359  .8321664  0  0
 2.2587 -2.392 -1.72645 -.1371529  .5110435  .848542  0  0
 2.1983 -2.4082 -1.72645 -.12161  .4531906  .8830794  0  0
 2.2072 -2.4414 -1.72485  .1161756 -.4324297  .894152  0  0
 2.2675 -2.4252 -1.72485  .1001904 -.3731028  .9223645  0  0
 2.2603 -2.3983 -1.72355 -9.120709E-02  .3397094  .9360977  0  0
 2.2 -2.4145 -1.72355 -7.655674E-02  .28496  .9554773  0  0
 2.2054 -2.4349 -1.72255  6.801087E-02 -.2533978  .9649684  0  0
 2.2658 -2.4187 -1.72255  5.217566E-02 -.1948106  .9794522  0  0
 2.2621 -2.405 -1.72185 -4.495152E-02  .1673189  .9848775  0  0
 2.2018 -2.4212 -1.72185 -2.804239E-02  .1044864  .9941309  0  0
 2.2036 -2.428 -1.72155  .0206599 -7.722445E-02  .9967996  0  0
 2.264 -2.4119 -1.72155  4.833092E-03 -1.823921E-02  .999822  0  0
 2.1959 -2.4236 -1.78995 -.966454 -.2568336  1.787455E-03  0  0
 2.1971 -2.4279 -1.75895 -.9658292 -.2591795  0  0  0
 2.1975 -2.4294 -1.79015 -.9649625 -.2623877  2.443618E-04  0  0
 2.199 -2.435 -1.78935 -.9654005 -.260771  5.684809E-04  0  0
 2.1945 -2.4181 -1.78855 -.9678442 -.2515443  1.732622E-03  0  0
 2.2005 -2.4405 -1.78735 -.9655898 -.2600698 -2.129398E-04  0  0
 2.1931 -2.4128 -1.78605 -.9652413 -.2613414 -3.146973E-03  0  0
 2.2018 -2.4454 -1.78445 -.965736 -.2595264  1.094056E-04  0  0
 2.1918 -2.4082 -1.78255 -.9642578 -.2649259 -4.594824E-03  0  0
 2.203 -2.4498 -1.78055 -.9659845 -.2585945 -1.667166E-03  0  0
 2.1907 -2.4042 -1.77825 -.9656451 -.2598621  1.108146E-03  0  0
 2.2039 -2.4533 -1.77585 -.9666508 -.2560655 -4.089711E-03  0  0
 2.1899 -2.4011 -1.77325 -.9657248 -.2595681 -2.224801E-04  0  0
 2.2046 -2.456 -1.77055 -.9665415 -.2564851 -3.605093E-03  0  0
 2.1893 -2.399 -1.76775 -.9652305 -.2613845 -2.857743E-03  0  0
 2.205 -2.4576 -1.76485 -.9662271 -.2576707  3.328535E-03  0  0
 2.189 -2.3979 -1.76195 -.9655528 -.2601487  .0055184  0  0
 2.2052 -2.4581 -1.75895 -.9658626 -.259055  0  0  0
 2.189 -2.3977 -1.75895 -.9658621 -.2590567  0  0  0
 2.205 -2.4576 -1.75305 -.9662271 -.2576708 -3.32853E-03  0  0
 2.189 -2.3979 -1.75595 -.9655528 -.2601487 -.0055184  0  0
 2.203 -2.4498 -1.73745 -.965986 -.2585888  1.681109E-03  0  0
 2.2039 -2.4533 -1.74205 -.9666554 -.2560474  4.118843E-03  0  0
 2.2046 -2.456 -1.74735 -.9665415 -.2564851  3.605093E-03  0  0
 2.199 -2.435 -1.72865 -.9654006 -.2607706 -5.702464E-04  0  0
 2.2005 -2.4405 -1.73055 -.9655898 -.2600698  2.129383E-04  0  0
 2.2018 -2.4454 -1.73355 -.9657363 -.2595255 -1.091526E-04  0  0
 2.1945 -2.4181 -1.72945 -.9678438 -.251546 -1.737871E-03  0  0
 2.1959 -2.4236 -1.72805 -.9664499 -.2568489 -1.790949E-03  0  0
 2.1975 -2.4294 -1.72775 -.9649625 -.2623877 -2.443602E-04  0  0
 2.1907 -2.4042 -1.73965 -.9656451 -.2598621 -1.108146E-03  0  0
 2.1918 -2.4082 -1.73535 -.9642499 -.2649542  4.620195E-03  0  0
 2.1931 -2.4128 -1.73195 -.9652365 -.2613588  3.169022E-03  0  0
 2.1893 -2.399 -1.75015 -.9652305 -.2613845  2.857688E-03  0  0
 2.1899 -2.4011 -1.74465 -.9657248 -.2595681  2.224793E-04  0  0
 2.2695 -2.4085 -1.75895  .9659934  .2585666  0  0  0
 2.2684 -2.4042 -1.78995  .967107  .2543682  9.674797E-04  0  0
 2.2699 -2.41 -1.79015  .9670719  .2545033  1.637167E-04  0  0
 2.2714 -2.4156 -1.78935  .965399  .2607765 -5.659045E-04  0  0
 2.2669 -2.3986 -1.78855  .9659396  .258762  1.699717E-03  0  0
 2.2729 -2.4211 -1.78735  .9655905  .260067  2.184527E-04  0  0
 2.2655 -2.3934 -1.78605  .9647348  .2631896  4.251549E-03  0  0
 2.2742 -2.426 -1.78445  .9657357  .2595275 -1.077898E-04  0  0
 2.2642 -2.3888 -1.78255  .965883  .258978 -7.324805E-04  0  0
 2.2754 -2.4304 -1.78055  .9659838  .2585971  1.669788E-03  0  0
 2.2632 -2.3848 -1.77825  .9675457  .2526339 -5.600442E-03  0  0
 2.2763 -2.4339 -1.77585  .9652037  .2614588 -4.594826E-03  0  0
 2.2624 -2.3817 -1.77325  .9664356  .2569039  1.63113E-03  0  0
 2.2771 -2.4365 -1.77055  .9648178  .2629076 -2.478888E-03  0  0
 2.2618 -2.3796 -1.76775  .9660004  .2585134  3.732137E-03  0  0
 2.2775 -2.4382 -1.76485  .9659274  .2587065  7.431083E-03  0  0
 2.2615 -2.3785 -1.76195  .966348  .2571888 -5.047458E-03  0  0
 2.2776 -2.4387 -1.75895  .9658621  .2590567  0  0  0
 2.2615 -2.3783 -1.75895  .9666585  .256069  0  0  0
 2.2775 -2.4382 -1.75305  .9659274  .2587064 -7.431072E-03  0  0
 2.2624 -2.3817 -1.74465  .9664356  .2569039 -1.631124E-03  0  0
 2.2618 -2.3796 -1.75015  .9660004  .2585134 -3.732065E-03  0  0
 2.2615 -2.3785 -1.75595  .966348  .2571888  5.047458E-03  0  0
 2.2655 -2.3934 -1.73195  .9647282  .2632132 -4.281436E-03  0  0
 2.2642 -2.3888 -1.73535  .9658841  .2589734  7.365321E-04  0  0
 2.2632 -2.3848 -1.73965  .9675457  .2526339  5.600442E-03  0  0
 2.2699 -2.41 -1.72775  .9670719  .2545033 -1.637156E-04  0  0
 2.2684 -2.4042 -1.72805  .9671091  .25436 -9.693874E-04  0  0
 2.2669 -2.3986 -1.72945  .9659401  .2587603 -1.704863E-03  0  0
 2.2742 -2.426 -1.73355  .965736  .2595266  1.075406E-04  0  0
 2.2729 -2.4211 -1.73055  .9655905  .260067 -2.184512E-04  0  0
 2.2714 -2.4156 -1.72865  .9653991  .2607761  5.676619E-04  0  0
 2.2771 -2.4365 -1.74735  .9648178  .2629076  2.478888E-03  0  0
 2.2763 -2.4339 -1.74205  .965198  .2614791  4.627664E-03  0  0
 2.2754 -2.4304 -1.73745  .9659853  .2585914 -1.683754E-03  0  0
 2.2018 -2.4212 -1.79605 -.6975638 -.107019 -.7084854  0  0
 2.1975 -2.4294 -1.79015 -.6793225 -.1905255 -.7086754  0  0
 2.2036 -2.428 -1.79645 -.6739486 -.228932 -.7024126  0  0
 2.199 -2.435 -1.78935 -.6507561 -.3188908 -.6890756  0  0
 2.2054 -2.4349 -1.79545 -.6381133 -.3658147 -.6774887  0  0
 2.2 -2.4145 -1.79445 -.7352668  2.468008E-02 -.6773283  0  0
 2.1959 -2.4236 -1.78995 -.7082247 -6.406455E-02 -.7030743  0  0
 2.2005 -2.4405 -1.78735 -.6145811 -.4478575 -.6493949  0  0
 2.2072 -2.4414 -1.79305 -.6026893 -.4858355 -.633032  0  0
 2.1983 -2.4082 -1.79145 -.77021  .1410796 -.6219912  0  0
 2.1945 -2.4181 -1.78855 -.7503157  6.780817E-02 -.657593  0  0
 2.2018 -2.4454 -1.78445 -.5829764 -.5577107 -.5908445  0  0
 2.2088 -2.4473 -1.78955 -.5713845 -.59556 -.5646486  0  0
 2.1968 -2.4026 -1.78735 -.8001778  .2476525 -.5462452  0  0
 2.1931 -2.4128 -1.78605 -.7810291  .1785212 -.5984344  0  0
 2.203 -2.4498 -1.78055 -.5524626 -.6619097 -.5066168  0  0
 2.2102 -2.4525 -1.78485 -.5456985 -.6905076 -.4747762  0  0
 2.1955 -2.3978 -1.78215 -.823718  .3393011 -.4542723  0  0
 2.1918 -2.4082 -1.78255 -.8082974  .2795559 -.5181736  0  0
 2.2039 -2.4533 -1.77585 -.5340658 -.7412921 -.4065214  0  0
 2.2113 -2.4568 -1.77925 -.5284174 -.7645571 -.36909  0  0
 2.1907 -2.4042 -1.77825 -.831051  .3677756 -.4172474  0  0
 2.1945 -2.3941 -1.77615 -.8440778  .4151575 -.3393772  0  0
 2.2046 -2.456 -1.77055 -.5150093 -.8071134 -.2886753  0  0
 2.2121 -2.4599 -1.77295 -.507625 -.8262108 -.2443206  0  0
 2.1899 -2.4011 -1.77325 -.8490644  .4348223 -.300032  0  0
 2.1938 -2.3916 -1.76955 -.8571002  .4675835 -.2162056  0  0
 2.1893 -2.399 -1.76775 -.8583859  .4823123 -.1747815  0  0
 2.205 -2.4576 -1.76485 -.5001817 -.8517337 -.1561022  0  0
 2.2127 -2.4619 -1.76605 -.4996902 -.8589926 -.1115411  0  0
 2.1935 -2.3903 -1.76255 -.861158  .4977932 -.1029992  0  0
 2.189 -2.3979 -1.76195 -.8594203  .5007306 -.1032742  0  0
 2.2052 -2.4581 -1.75895 -.4987674 -.8663718 -.0251201  0  0
 2.2128 -2.4625 -1.75895 -.4989794 -.8664497  1.686629E-02  0  0
 2.1934 -2.3901 -1.75895 -.8641933  .5030581  1.012145E-02  0  0
 2.189 -2.3977 -1.75895 -.8640693  .5029899 -1.963091E-02  0  0
 2.205 -2.4576 -1.75305 -.4994483 -.8598661  .1057437  0  0
 2.2127 -2.4619 -1.75185 -.4995223 -.8524292  .1544084  0  0
 2.189 -2.3979 -1.75595 -.8605737  .4986707  .1036358  0  0
 2.1935 -2.3903 -1.75545 -.8587645  .5016278  .1043694  0  0
 2.1938 -2.3916 -1.74845 -.8572662  .4829777  .1784018  0  0
 2.1893 -2.399 -1.75015 -.8556366  .4666818  .223817  0  0
 2.2046 -2.456 -1.74735 -.5057858 -.8273463  .2442926  0  0
 2.2121 -2.4599 -1.74505 -.5125027 -.8105097  .2835752  0  0
 2.1945 -2.3941 -1.74175 -.8481549  .4333091  .3047565  0  0
 2.1899 -2.4011 -1.74465 -.8431714  .4122573  .3451172  0  0
 2.2039 -2.4533 -1.74205 -.5259153 -.7697715  .3617527  0  0
 2.2113 -2.4568 -1.73865 -.5346496 -.7449555  .3989877  0  0
 2.1955 -2.3978 -1.73575 -.8301272  .3640833  .4222939  0  0
 2.1907 -2.4042 -1.73965 -.8215545  .3362687  .4604037  0  0
 2.203 -2.4498 -1.73745 -.5485158 -.6898713  .4724489  0  0
 2.1968 -2.4026 -1.73065 -.8048132  .2775638  .5246276  0  0
 2.1918 -2.4082 -1.73535 -.7976404  .2435526  .5517716  0  0
 2.2102 -2.4525 -1.73305 -.5556976 -.6603026  .5051739  0  0
 2.2018 -2.4454 -1.73355 -.5718385 -.5986384  .5609214  0  0
 2.1983 -2.4082 -1.72645 -.7807245  .1699753  .6013132  0  0
 2.1931 -2.4128 -1.73195 -.7704453  .1297036  .6241723  0  0
 2.2088 -2.4473 -1.72845 -.5806191 -.5658877  .5853653  0  0
 2.2005 -2.4405 -1.73055 -.6014615 -.4910575  .6301639  0  0
 2.2 -2.4145 -1.72355 -.7488312  5.563442E-02  .6604216  0  0
 2.1945 -2.4181 -1.72945 -.7362778  2.266551E-02  .6762997  0  0
 2.2072 -2.4414 -1.72485 -.6141378 -.4505361  .6479598  0  0
 2.199 -2.435 -1.72865 -.6366018 -.3697734  .6767613  0  0
 2.2018 -2.4212 -1.72185 -.7125018 -.0626663  .6988663  0  0
 2.1959 -2.4236 -1.72805 -.6995705 -.1072819  .7064642  0  0
 2.2054 -2.4349 -1.72255 -.6470003 -.3259493  .6893097  0  0
 2.1975 -2.4294 -1.72775 -.667084 -.2401489  .7052144  0  0
 2.2036 -2.428 -1.72155 -.6764466 -.1947871  .7102662  0  0
 2.2658 -2.4187 -1.79545  .7267594  3.982183E-02 -.6857368  0  0
 2.2699 -2.41 -1.79015  .7043742  .1242874 -.6988631  0  0
 2.264 -2.4119 -1.79645  .6886069  .1694198 -.7050656  0  0
 2.2684 -2.4042 -1.78995  .6609255  .2543794 -.7060231  0  0
 2.2621 -2.405 -1.79605  .6450633  .2992194 -.7031082  0  0
 2.2669 -2.3986 -1.78855  .6242664  .3818697 -.6815181  0  0
 2.2603 -2.3983 -1.79445  .6167505  .4217014 -.6646704  0  0
 2.2675 -2.4252 -1.79305  .7549975 -8.468647E-02 -.6502361  0  0
 2.2714 -2.4156 -1.78935  .735594 -3.879586E-03 -.6774115  0  0
 2.2655 -2.3934 -1.78605  .5956078  .5070882 -.6229872  0  0
 2.2587 -2.392 -1.79145  .589524  .5442885 -.5968345  0  0
 2.2691 -2.4311 -1.78955  .7840291 -.1964647 -.5888124  0  0
 2.2729 -2.4211 -1.78735  .7631652 -.1210335 -.6347675  0  0
 2.2642 -2.3888 -1.78255  .5719711  .6134408 -.5445544  0  0
 2.2571 -2.3864 -1.78735  .5640514  .6428716 -.5182298  0  0
 2.2705 -2.4364 -1.78485  .8096632 -.2963213 -.5065957  0  0
 2.2742 -2.426 -1.78445  .792995 -.2320006 -.5633247  0  0
 2.2632 -2.3848 -1.77825  .5462006  .7014918 -.4577927  0  0
 2.2559 -2.3817 -1.78215  .5373727  .7296488 -.4228985  0  0
 2.2717 -2.4406 -1.77925  .836717 -.3789902 -.3953113  0  0
 2.2754 -2.4304 -1.78055  .8200419 -.3270757 -.4696304  0  0
 2.2624 -2.3817 -1.77325  .5259698  .7765006 -.3469908  0  0
 2.2549 -2.3779 -1.77615  .5213118  .797427 -.3038817  0  0
 2.2763 -2.4339 -1.77585  .8432154 -.4011788 -.3578315  0  0
 2.2725 -2.4438 -1.77295  .8523214 -.4416733 -.2801301  0  0
 2.2618 -2.3796 -1.76775  .5113662  .8310038 -.2189459  0  0
 2.2542 -2.3754 -1.76955  .5065595  .843945 -.1765059  0  0
 2.2771 -2.4365 -1.77055  .8538116 -.4614047 -.2410631  0  0
 2.273 -2.4457 -1.76605  .8589303 -.4881874 -.1546342  0  0
 2.2775 -2.4382 -1.76485  .8620809 -.4948767 -.1091491  0  0
 2.2615 -2.3785 -1.76195  .5011224  .8571829 -.1188023  0  0
 2.2538 -2.3741 -1.76255  .4987035  .8617669 -9.301997E-02  0  0
 2.2732 -2.4464 -1.75895  .8661717 -.4994624 -1.685272E-02  0  0
 2.2776 -2.4387 -1.75895  .8658361 -.4995561  2.777745E-02  0  0
 2.2615 -2.3783 -1.75895  .497122  .8674924 -.0180759  0  0
 2.2538 -2.3739 -1.75895  .4969094  .8676323  1.718388E-02  0  0
 2.273 -2.4457 -1.75185  .8618764 -.4945146  .1123585  0  0
 2.2775 -2.4382 -1.75305  .8585764 -.4884903  .1556399  0  0
 2.2615 -2.3785 -1.75595  .4978535  .8622608  9.299578E-02  0  0
 2.2538 -2.3741 -1.75545  .4999537  .8583319  .1153809  0  0
 2.2618 -2.3796 -1.75015  .5043823  .8461483  .1721385  0  0
 2.2542 -2.3754 -1.74845  .5094809  .8341488  .2112462  0  0
 2.2725 -2.4438 -1.74505  .8526881 -.4623696  .2431818  0  0
 2.2771 -2.4365 -1.74735  .8505332 -.4405302  .2872741  0  0
 2.2624 -2.3817 -1.74465  .5192727  .8018529  .2956142  0  0
 2.2549 -2.3779 -1.74175  .5251988  .7800828  .3400547  0  0
 2.2717 -2.4406 -1.73865  .8416874 -.3974454  .3655126  0  0
 2.2763 -2.4339 -1.74205  .8358222 -.3719278  .4038206  0  0
 2.2632 -2.3848 -1.73965  .5372284  .7303199  .4219224  0  0
 2.2705 -2.4364 -1.73305  .8204476 -.3189002  .474519  0  0
 2.2754 -2.4304 -1.73745  .8107034 -.2899524  .5086134  0  0
 2.2559 -2.3817 -1.73575  .544462  .7030586  .4574601  0  0
 2.2642 -2.3888 -1.73535  .559953  .646332  .5183701  0  0
 2.2691 -2.4311 -1.72845  .792816 -.2257603  .5661052  0  0
 2.2742 -2.426 -1.73355  .78351 -.1959249  .5896826  0  0
 2.2571 -2.3864 -1.73065  .5694079  .6184005  .5416231  0  0
 2.2655 -2.3934 -1.73195  .5890786  .5517287  .5904081  0  0
 2.2675 -2.4252 -1.72485  .7638604 -.1227535  .6335999  0  0
 2.2729 -2.4211 -1.73055  .7534581 -7.770763E-02  .6528877  0  0
 2.2587 -2.392 -1.72645  .5990034  .508277  .6187483  0  0
 2.2669 -2.3986 -1.72945  .6174799  .4253822  .6616409  0  0
 2.2658 -2.4187 -1.72255  .7327672  6.515265E-03  .6804482  0  0
 2.2714 -2.4156 -1.72865  .7224641  4.726528E-02  .689791  0  0
 2.2603 -2.3983 -1.72355  .6255469  .3839084  .6791947  0  0
 2.2684 -2.4042 -1.72805  .6480652  .303116  .6986645  0  0
 2.264 -2.4119 -1.72155  .6992433  .1300616  .7029529  0  0
 2.2699 -2.41 -1.72775  .6856833  .1722612  .7072231  0  0
 2.2621 -2.405 -1.72185  .6610229  .2608595  .7035631  0  0
 0  2  1
 3  2  0
 4  2  3
 4  3  5
 6  1  7
 0  1  6
 8  4  5
 8  5  9
 10  7  11
 6  7  10
 12  8  9
 12  9  13
 14  11  15
 10  11  14
 16  12  13
 16  13  17
 18  15  19
 14  15  18
 20  16  17
 20  17  21
 22  19  23
 18  19  22
 24  20  21
 24  21  25
 26  23  27
 22  23  26
 28  24  25
 28  25  29
 30  27  31
 26  27  30
 32  28  29
 32  29  33
 30  31  34
 35  30  34
 36  32  33
 36  33  37
 35  34  38
 39  35  38
 40  38  41
 39  38  40
 42  36  37
 42  37  43
 44  41  45
 40  41  44
 46  42  43
 46  43  47
 48  45  49
 44  45  48
 50  46  47
 50  47  51
 52  49  53
 48  49  52
 54  50  51
 54  51  55
 56  53  57
 52  53  56
 58  54  55
 58  55  59
 60  57  61
 56  57  60
 62  58  59
 62  59  63
 64  61  65
 60  61  64
 66  62  63
 66  63  67
 67  65  66
 64  65  67
 68  70  69
 69  70  71
 72  68  69
 69  71  73
 74  72  69
 69  73  75
 76  74  69
 69  75  77
 78  76  69
 69  77  79
 80  78  69
 69  79  81
 82  80  69
 69  81  83
 84  82  69
 69  83  85
 86  84  69
 69  85  87
 86  69  88
 89  69  90
 90  69  91
 91  69  87
 92  69  93
 93  69  94
 94  69  89
 95  69  96
 96  69  97
 97  69  92
 98  69  99
 99  69  100
 100  69  95
 88  69  101
 101  69  102
 102  69  98
 103  105  104
 106  105  103
 103  104  107
 108  106  103
 103  107  109
 110  108  103
 103  109  111
 112  110  103
 103  111  113
 114  112  103
 103  113  115
 116  114  103
 103  115  117
 118  116  103
 103  117  119
 120  118  103
 103  119  121
 122  120  103
 123  103  124
 124  103  125
 125  103  121
 126  103  127
 127  103  128
 128  103  123
 129  103  130
 130  103  131
 131  103  126
 132  103  133
 133  103  134
 134  103  129
 135  103  136
 136  103  137
 137  103  132
 122  103  135
 138  140  139
 139  140  141
 141  140  142
 143  138  144
 144  138  139
 141  142  145
 145  142  146
 147  143  148
 148  143  144
 145  146  149
 149  146  150
 151  147  152
 152  147  148
 149  150  153
 153  150  154
 155  151  156
 156  151  152
 153  154  157
 157  154  158
 155  156  159
 160  155  159
 157  158  161
 161  158  162
 160  159  163
 164  160  163
 164  163  165
 161  162  166
 166  162  167
 168  164  165
 168  165  169
 166  167  170
 170  167  171
 172  168  173
 173  168  169
 170  171  174
 174  171  175
 172  173  176
 177  172  176
 178  176  179
 177  176  178
 180  174  175
 180  175  181
 182  179  183
 178  179  182
 184  180  181
 184  181  185
 186  183  187
 182  183  186
 188  184  185
 189  187  190
 186  187  189
 188  185  191
 192  188  191
 193  190  194
 189  190  193
 195  192  191
 196  192  195
 197  194  198
 193  194  197
 199  196  195
 200  196  199
 201  198  202
 197  198  201
 203  200  199
 204  200  203
 205  202  204
 201  202  205
 205  204  203
 206  208  207
 207  208  209
 209  208  210
 209  210  211
 211  210  212
 213  206  214
 214  206  207
 211  212  215
 215  212  216
 217  213  218
 218  213  214
 215  216  219
 219  216  220
 221  217  222
 222  217  218
 219  220  223
 223  220  224
 225  221  226
 226  221  222
 223  224  227
 227  224  228
 225  226  229
 230  225  229
 227  228  231
 231  228  232
 230  229  233
 234  230  233
 234  233  235
 231  232  236
 236  232  237
 238  234  235
 238  235  239
 236  237  240
 240  237  241
 242  238  239
 242  239  243
 244  240  241
 244  241  245
 246  244  245
 246  245  247
 248  243  249
 242  243  248
 250  246  247
 250  247  251
 252  249  253
 248  249  252
 254  250  251
 255  253  256
 252  253  255
 254  251  257
 258  254  257
 259  256  260
 255  256  259
 258  257  261
 262  258  261
 263  260  264
 259  260  263
 265  262  261
 266  262  265
 267  264  268
 263  264  267
 269  266  265
 270  266  269
 271  268  272
 267  268  271
 273  270  269
 272  270  273
 271  272  273
MATERIAL 3
TEXTURE 0
FLAG      0
GEOM 50 48 ;Group 9  Mtl#0_SM-HGA
 2.3058 -2.3988 -1.75895  .1990145 -.7399027 -.642602  0  0
 2.318 -2.3827 -1.77365  .1992735 -.7388051 -.6437834  0  0
 2.3058 -2.3824 -1.77785  .2012185 -.7398462 -.6419803  0  0
 2.2935 -2.3865 -1.77695  .2003362 -.7397336 -.6423858  0  0
 2.2845 -2.3939 -1.77125  .2011019 -.7392225 -.6427349  0  0
 2.327 -2.3874 -1.76555  .1958027 -.7379922 -.6457777  0  0
 2.2813 -2.4026 -1.76225  .2012254 -.7398445 -.6419801  0  0
 2.3303 -2.3951 -1.75575  .1958018 -.738981 -.6446462  0  0
 2.2845 -2.4103 -1.75235  .2007356 -.7401346 -.641799  0  0
 2.318 -2.4111 -1.74095  .1967136 -.7422891 -.640555  0  0
 2.327 -2.4038 -1.74675  .1939799 -.7423463 -.6413219  0  0
 2.2935 -2.4149 -1.74425  .2007032 -.7397485 -.6422541  0  0
 2.3058 -2.4152 -1.74005  .2012185 -.7398456 -.641981  0  0
 1.8101 -.549 -.15205 -.1979696  .739922  .6429024  0  0
 1.7978 -.5365999 -.16995 -.1957989  .7379918  .6457794  0  0
 1.8101 -.5326 -.17085 -.1957955  .7389843  .6446444  0  0
 1.8223 -.5329 -.16675 -.1995931  .7388816  .6435966  0  0
 1.7889 -.544 -.16425 -.1970808  .7382914  .6450465  0  0
 1.8313 -.5375 -.15865 -.2010172  .7393663  .6425959  0  0
 1.7856 -.5527 -.15525 -.1958034  .7406743  .6426995  0  0
 1.8346 -.5452 -.14875 -.2012185  .7398459  .6419806  0  0
 1.7889 -.5603999 -.1453499 -.1967125  .7422873  .6405573  0  0
 1.7978 -.565 -.13725 -.1939823  .7423444  .6413233  0  0
 1.8313 -.5538999 -.13975 -.2013853  .7399051  .6418601  0  0
 1.8223 -.5613 -.13405 -.2014121  .7397618  .6420168  0  0
 1.8101 -.5653999 -.13315 -.1958034  .7406743  .6426995  0  0
 1.7978 -.5365999 -.16995 -.411848  .532212 -.7396835  0  0
 2.2935 -2.3865 -1.77695 -.5638076  .4503496 -.6923195  0  0
 2.3058 -2.3824 -1.77785 -8.590287E-02  .6401761 -.7634103  0  0
 1.8101 -.5326 -.17085  8.751392E-02  .6665633 -.7402937  0  0
 2.318 -2.3827 -1.77365  .4135088  .657742 -.6295918  0  0
 1.7889 -.544 -.16425 -.8020437  .2544973 -.5403305  0  0
 2.2845 -2.3939 -1.77125 -.8893572  .1398585 -.4352969  0  0
 1.8223 -.5329 -.16675  .5631031  .6227667 -.5432095  0  0
 2.327 -2.3874 -1.76555  .8008909  .500362 -.3289554  0  0
 1.7856 -.5527 -.15525 -.976458 -9.225059E-02 -.1949865  0  0
 2.2813 -2.4026 -1.76225 -.9762203 -.2077333 -6.197502E-02  0  0
 1.8313 -.5375 -.15865  .888228  .4129221 -.2013613  0  0
 2.3303 -2.3951 -1.75575  .9762324  .207636  6.210962E-02  0  0
 1.7889 -.5603999 -.1453499 -.890397 -.4101139  .1974838  0  0
 2.2845 -2.4103 -1.75235 -.8030381 -.4986353  .3263322  0  0
 1.8346 -.5452 -.14875  .9762319  9.053335E-02  .1969138  0  0
 2.327 -2.4038 -1.74675  .8887025 -.1408783  .4363041  0  0
 1.7978 -.565 -.13725 -.5631014 -.6227639  .5432144  0  0
 2.2935 -2.4149 -1.74425 -.4115704 -.65804  .6305498  0  0
 1.8313 -.5538999 -.13975  .8012687 -.2553276  .5410881  0  0
 2.318 -2.4111 -1.74095  .564325 -.4500136  .6921164  0  0
 1.8101 -.5653999 -.13315 -8.730017E-02 -.6665284  .7403503  0  0
 2.3058 -2.4152 -1.74005  8.778138E-02 -.6397599  .7635455  0  0
 1.8223 -.5613 -.13405  .4140775 -.5311646  .7391914  0  0
 0  2  1
 3  2  0
 4  3  0
 0  1  5
 6  4  0
 0  5  7
 8  6  0
 9  0  10
 10  0  7
 8  0  11
 11  0  12
 12  0  9
 13  15  14
 16  15  13
 13  14  17
 18  16  13
 13  17  19
 20  18  13
 13  19  21
 22  13  21
 23  13  24
 24  13  25
 25  13  22
 20  13  23
 26  28  27
 29  28  26
 30  28  29
 31  27  32
 26  27  31
 33  30  29
 34  30  33
 35  32  36
 31  32  35
 37  34  33
 38  34  37
 39  36  40
 35  36  39
 41  38  37
 42  38  41
 43  40  44
 39  40  43
 45  42  41
 46  42  45
 47  44  48
 43  44  47
 49  46  45
 48  46  49
 47  48  49
MATERIAL 3
TEXTURE 0
FLAG      0
GEOM 50 48 ;Group 10  Mtl#0_SM-HGA
 2.7166 -4.2218 -3.32575  .1987589 -.7399405 -.6426376  0  0
 2.7288 -4.2058 -3.34045  .197813 -.7407022 -.6420516  0  0
 2.7166 -4.2054 -3.34465  .1983343 -.7402811 -.6423764  0  0
 2.7043 -4.2095 -3.34375  .2010307 -.7393613 -.6425975  0  0
 2.6954 -4.2169 -3.33805  .2017822 -.7393842 -.6423356  0  0
 2.7378 -4.2104 -3.33235  .1972555 -.739453 -.6436611  0  0
 2.6921 -4.2256 -3.32905  .2012245 -.7398453 -.6419795  0  0
 2.7411 -4.2181 -3.32255  .1958087 -.7389806 -.6446446  0  0
 2.6954 -4.2333 -3.31915  .2014136 -.7397633 -.6420147  0  0
 2.7288 -4.2342 -3.30775  .1952668 -.7408323 -.6426806  0  0
 2.7378 -4.2268 -3.31355  .1954377 -.7404549 -.6430635  0  0
 2.7043 -4.2379 -3.31105  .2013872 -.7399033 -.6418616  0  0
 2.7166 -4.2382 -3.30685  .1983343 -.7402903 -.6423657  0  0
 2.2333 -2.4182 -1.75895 -.1987522  .7399448  .6426347  0  0
 2.2211 -2.4059 -1.77695 -.2014161  .7397573  .6420208  0  0
 2.2333 -2.4018 -1.77785 -.1983214  .7402877  .6423727  0  0
 2.2456 -2.4022 -1.77365 -.1974196  .7412149  .6415809  0  0
 2.2121 -2.4133 -1.77125 -.2013868  .7399032  .6418619  0  0
 2.2545 -2.4068 -1.76555 -.1976375  .7398474  .6430904  0  0
 2.2088 -2.422 -1.76225 -.2012185  .7398502  .6419756  0  0
 2.2578 -2.4145 -1.75575 -.1958018  .7389857  .6446409  0  0
 2.2121 -2.4297 -1.75235 -.2010131  .7393708  .642592  0  0
 2.2211 -2.4343 -1.74425 -.2017788  .739388  .6423322  0  0
 2.2545 -2.4232 -1.74675 -.1958202  .7399538  .6435238  0  0
 2.2456 -2.4306 -1.74095 -.1948746  .7404478  .6432426  0  0
 2.2333 -2.4346 -1.74005 -.1983214  .7402964  .6423628  0  0
 2.2211 -2.4059 -1.77695 -.4131047  .5316385 -.739395  0  0
 2.7043 -4.2095 -3.34375 -.5638139  .4503527 -.6923123  0  0
 2.7166 -4.2054 -3.34465 -.0861255  .6401231 -.7634296  0  0
 2.2333 -2.4018 -1.77785  9.117007E-02  .6668869 -.7395606  0  0
 2.7288 -4.2058 -3.34045  .4155742  .6574 -.6285884  0  0
 2.2121 -2.4133 -1.77125 -.8020444  .2544865 -.5403345  0  0
 2.6954 -4.2169 -3.33805 -.8893525  .1398435 -.4353113  0  0
 2.2456 -2.4022 -1.77365  .5642616  .6223969 -.5424305  0  0
 2.7378 -4.2104 -3.33235  .8013437  .5000016 -.3284001  0  0
 2.2088 -2.422 -1.76225 -.9762315 -9.053216E-02 -.1969165  0  0
 2.6921 -4.2256 -3.32905 -.976217 -.2077459 -6.198309E-02  0  0
 2.2545 -2.4068 -1.76555  .8889825  .4119581 -.2000015  0  0
 2.7411 -4.2181 -3.32255  .976246  .2075344  6.223555E-02  0  0
 2.2121 -2.4297 -1.75235 -.8884457 -.4126483  .2009616  0  0
 2.6954 -4.2333 -3.31915 -.8018366 -.4996082  .3277952  0  0
 2.2578 -2.4145 -1.75575  .9761857  9.018464E-02  .1973025  0  0
 2.7378 -4.2268 -3.31355  .8888568 -.1406341  .4360685  0  0
 2.2211 -2.4343 -1.74425 -.5641375 -.6224365  .5425143  0  0
 2.7043 -4.2379 -3.31105 -.4134479 -.6577392  .6296347  0  0
 2.2545 -2.4232 -1.74675  .8036541 -.2527028  .5387776  0  0
 2.7288 -4.2342 -3.30775  .5670031 -.4483588  .6910006  0  0
 2.2333 -2.4346 -1.74005 -8.920573E-02 -.6667084  .739961  0  0
 2.7166 -4.2382 -3.30685  8.424087E-02 -.6405208  .7633063  0  0
 2.2456 -2.4306 -1.74095  .413315 -.531541  .7393476  0  0
 0  2  1
 3  2  0
 4  3  0
 0  1  5
 6  4  0
 0  5  7
 8  6  0
 9  0  10
 10  0  7
 8  0  11
 11  0  12
 12  0  9
 13  15  14
 16  15  13
 13  14  17
 18  16  13
 13  17  19
 20  18  13
 13  19  21
 22  13  21
 23  13  24
 24  13  25
 25  13  22
 20  13  23
 26  28  27
 29  28  26
 30  28  29
 31  27  32
 26  27  31
 33  30  29
 34  30  33
 35  32  36
 31  32  35
 37  34  33
 38  34  37
 39  36  40
 35  36  39
 41  38  37
 42  38  41
 43  40  44
 39  40  43
 45  42  41
 46  42  45
 47  44  48
 43  44  47
 49  46  45
 48  46  49
 47  48  49
MATERIAL 1
TEXTURE 0
FLAG      0
GEOM 70 52 ;Group 11  Mtl#1_SM-HGA
 2.6845 -4.2471 -3.30665 -.1985655  .7393019  .6434318  0  0
 2.6762 -4.216 -3.34495 -.2012406  .7386204  .6433833  0  0
 2.6862 -4.205 -3.35445 -.1980534  .7390518  .6438767  0  0
 2.7345 -4.1921 -3.35445 -.1977899  .7398139  .6430821  0  0
 2.6987 -4.2516 -3.29705 -.1993169  .7398309  .6425909  0  0
 2.7487 -4.1966 -3.34495 -.1959179  .7400466  .6433873  0  0
 2.757 -4.2277 -3.30665 -.193347  .7410951  .642958  0  0
 2.747 -4.2386 -3.29705 -.1976215  .7402043  .6426845  0  0
 2.7594 -4.2849 -3.33725  .1658132 -.6208419  .7661993  0  0
 2.7111 -4.2978 -3.33725  .1665123 -.6210489  .7658799  0  0
 2.7238 -4.2571 -3.38025  .1994785 -.7389056 -.6436046  0  0
 2.7469 -4.2383 -3.39465  .198628 -.7387555 -.6440398  0  0
 2.6986 -4.2513 -3.39465  .1980708 -.7395545 -.643294  0  0
 2.7191 -4.2593 -3.37915  .1927673 -.7444916 -.6391971  0  0
 2.6886 -4.2623 -3.38505  .1984668 -.7405626 -.6420108  0  0
 2.7123 -4.2655 -3.37405  .1991826 -.7400547 -.6423748  0  0
 2.7151 -4.2621 -3.37705  .1968698 -.7425446 -.6402107  0  0
 2.729 -4.2558 -3.38005  .2002659 -.7402815 -.6417763  0  0
 2.7342 -4.2555 -3.37885  .1980584 -.7383971 -.644626  0  0
 2.7389 -4.2562 -3.37655  .1980094 -.7396255 -.6432312  0  0
 2.7611 -4.2429 -3.38505  .1977176 -.739893 -.6430133  0  0
 2.7108 -4.2691 -3.37035  .1992638 -.7394789 -.6430123  0  0
 2.6969 -4.2933 -3.34675  .197835 -.7400451 -.6428022  0  0
 2.7123 -4.2757 -3.36225  .1965183 -.7401488 -.6430865  0  0
 2.7108 -4.2726 -3.36635  .1955568 -.7422272 -.6409807  0  0
 2.7457 -4.2604 -3.36965  .199068 -.739489 -.6430613  0  0
 2.7694 -4.2739 -3.34675  .1992851 -.7398542 -.642574  0  0
 2.7429 -4.2579 -3.37335  .1960515 -.7398522 -.6435701  0  0
 2.7472 -4.2636 -3.36555  .2061675 -.7349089 -.646068  0  0
 2.7472 -4.2671 -3.36155  .19745 -.7442124 -.638092  0  0
 2.7151 -4.2783 -3.35855  .1942303 -.7411858 -.6425871  0  0
 2.7457 -4.2706 -3.35785  .1983594 -.7400971 -.6425806  0  0
 2.7191 -4.2799 -3.35535  .1973872 -.7407232 -.6421584  0  0
 2.7429 -4.274 -3.35485  .2001335 -.7378635 -.644596  0  0
 2.7238 -4.2807 -3.35305  .1964706 -.7401411 -.64311  0  0
 2.7389 -4.2769 -3.35275  .1973238 -.7400635 -.642938  0  0
 2.729 -4.2804 -3.35175  .2002981 -.7405831 -.6414183  0  0
 2.7342 -4.2791 -3.35165  .1973725 -.7396593 -.6433881  0  0
 2.747 -4.2386 -3.29705  .1665123 -.6210489  .7658799  0  0
 2.6987 -4.2516 -3.29705  .1672117 -.6212556  .7655597  0  0
 2.7594 -4.2849 -3.33725  .1982734 -.7389698 -.6439032  0  0
 2.7111 -4.2978 -3.33725  .1971213 -.739529 -.6436149  0  0
 2.7469 -4.2383 -3.39465 -.1665161  .6210507 -.7658775  0  0
 2.6862 -4.205 -3.35445 -.1665161  .6210507 -.7658775  0  0
 2.6986 -4.2513 -3.39465 -.167015  .6205247 -.7661952  0  0
 2.7345 -4.1921 -3.35445 -.1660162  .6215773 -.7655588  0  0
 2.6762 -4.216 -3.34495 -.9660505 -.2583528 -4.323741E-04  0  0
 2.6845 -4.2471 -3.30665 -.9659666 -.2586665 -3.671636E-04  0  0
 2.6886 -4.2623 -3.38505 -.9659666 -.2586665 -3.671636E-04  0  0
 2.6969 -4.2933 -3.34675 -.9658824 -.258981 -3.017946E-04  0  0
 2.7694 -4.2739 -3.34675  .965967  .2586652  3.658735E-04  0  0
 2.7487 -4.1966 -3.34495  .965967  .2586652  3.658735E-04  0  0
 2.7611 -4.2429 -3.38505  .9659651  .2586725  3.09317E-05  0  0
 2.757 -4.2277 -3.30665  .9659687  .2586578  7.007964E-04  0  0
 2.7611 -4.2429 -3.38505  .5642778  .6222773 -.542551  0  0
 2.7345 -4.1921 -3.35445  .5642778  .6222773 -.542551  0  0
 2.7469 -4.2383 -3.39465  .5667269  .6221245 -.5401683  0  0
 2.7487 -4.1966 -3.34495  .5618114  .6224235 -.5449376  0  0
 2.6762 -4.216 -3.34495 -.7999884  .2562355 -.5425512  0  0
 2.6886 -4.2623 -3.38505 -.800772  .2549578 -.5419969  0  0
 2.6986 -4.2513 -3.39465 -.7999884  .2562355 -.5425512  0  0
 2.6862 -4.205 -3.35445 -.7992012  .2575152 -.5431053  0  0
 2.7594 -4.2849 -3.33725  .7996178 -.2568362  .5428135  0  0
 2.757 -4.2277 -3.30665  .7996178 -.2568362  .5428135  0  0
 2.7694 -4.2739 -3.34675  .7991162 -.2571681  .5433947  0  0
 2.747 -4.2386 -3.29705  .800118 -.2565046  .542233  0  0
 2.6845 -4.2471 -3.30665 -.5640733 -.6223892  .5426353  0  0
 2.6987 -4.2516 -3.29705 -.562762 -.6230983  .5431827  0  0
 2.6969 -4.2933 -3.34675 -.562762 -.6230983  .5431827  0  0
 2.7111 -4.2978 -3.33725 -.5614467 -.6238072  .54373  0  0
 0  2  1
 3  2  0
 4  3  0
 5  3  6
 6  3  7
 7  3  4
 38  9  8
 39  9  38
 10  12  11
 13  12  10
 14  12  15
 15  12  16
 16  12  13
 10  11  17
 17  11  18
 18  11  19
 19  11  20
 21  14  15
 22  14  23
 23  14  24
 24  14  21
 25  20  26
 19  20  27
 27  20  25
 28  25  26
 29  28  26
 22  23  30
 31  29  26
 22  30  32
 40  31  26
 33  31  40
 41  32  34
 22  32  41
 35  33  40
 41  34  36
 37  35  40
 41  36  37
 41  37  40
 42  44  43
 45  42  43
 46  48  47
 47  48  49
 50  52  51
 53  50  51
 54  56  55
 57  54  55
 58  60  59
 61  60  58
 62  64  63
 65  62  63
 66  68  67
 67  68  69
MATERIAL 3
TEXTURE 0
FLAG      0
GEOM 127 126 ;Group 12  Mtl#0_SM-HGA
 1.7485 -.6431 -.14415 -.3005925 -8.057696E-02 -.9503428  0  0
 1.7809 -.7639 -.14415 -.3758809 -.1008492 -.921164  0  0
 1.7865 -.7623 -.14555 -.1508844 -4.042327E-02 -.9877246  0  0
 1.7542 -.6416 -.14555 -7.529959E-02 -2.015059E-02 -.9969574  0  0
 1.7923 -.7607999 -.14555  .0753425  .0201454 -.9969542  0  0
 1.76 -.64 -.14555  .1508699  4.040269E-02 -.9877276  0  0
 1.798 -.7592999 -.14415  .3025334  8.108055E-02 -.9496839  0  0
 1.7656 -.6385 -.14415  .3778025  .1012061 -.9203383  0  0
 1.7433 -.6445 -.14135 -.5155168 -.1383489 -.8456371  0  0
 1.7757 -.7652 -.14135 -.5799335 -.155496 -.7996863  0  0
 1.8031 -.7578999 -.14135  .5149996  .1378272 -.8460373  0  0
 1.7708 -.6371 -.14135  .579977  .1553022 -.7996924  0  0
 1.739 -.6457 -.1373501 -.69844 -.1870845 -.6907829  0  0
 1.7713 -.7664 -.1373501 -.7497398 -.2005753 -.6306028  0  0
 1.8075 -.7567 -.1373501  .6983912  .1872464 -.6907883  0  0
 1.7751 -.636 -.1373501  .7520891  .2018864 -.6273785  0  0
 1.7357 -.6465001 -.13235 -.8368126 -.2238098 -.4996538  0  0
 1.768 -.7673 -.13235 -.8731545 -.2337845 -.427722  0  0
 1.8108 -.7557999 -.13235  .8365982  .2245715 -.499671  0  0
 1.7784 -.6350999 -.13235  .8710178  .2337438 -.4320786  0  0
 1.7336 -.6471 -.12675 -.9278837 -.2487584 -.2777609  0  0
 1.766 -.7678 -.12675 -.9470836 -.2542297 -.195959  0  0
 1.8129 -.7553 -.12675  .9264493  .2485516 -.2826903  0  0
 1.7805 -.6345 -.12675  .94585  .2536881 -.2025098  0  0
 1.7329 -.6472999 -.12075 -.9650199 -.2590444 -4.040567E-02  0  0
 1.7653 -.7679999 -.12075 -.9650199 -.2590444  4.040541E-02  0  0
 1.8136 -.7551 -.12075  .9650736  .258844 -4.040725E-02  0  0
 1.7812 -.6342999 -.12075  .9650736  .258844  4.040698E-02  0  0
 1.7336 -.6471 -.11475 -.9457978 -.2538845  .2025074  0  0
 1.766 -.7678 -.11475 -.9278832 -.2487582  .2777627  0  0
 1.8129 -.7553 -.11475  .9461255  .2537619  .2011254  0  0
 1.7805 -.6345 -.11475  .9264488  .2485514  .2826922  0  0
 1.7357 -.6465001 -.10915 -.8736895 -.2339278  .4265495  0  0
 1.768 -.7673 -.10915 -.839649 -.2245685  .4945286  0  0
 1.8108 -.7557999 -.10915  .871016  .2337433  .4320825  0  0
 1.7784 -.6350999 -.10915  .8359945  .2244094  .500753  0  0
 1.739 -.6457 -.10415 -.7522759 -.2012538  .6273578  0  0
 1.7713 -.7664 -.10415 -.6977534 -.1869006  .6915261  0  0
 1.8075 -.7567 -.10415  .74888  .201025  .6314806  0  0
 1.7751 -.636 -.10415  .6983966  .1872478  .6907825  0  0
 1.7433 -.6445 -.10015 -.5792736 -.1553191  .8001988  0  0
 1.7757 -.7652 -.10015 -.513189 -.1377242  .8471535  0  0
 1.8031 -.7578999 -.10015  .5824848  .1559737  .7977366  0  0
 1.7708 -.6371 -.10015  .51798  .1386248  .8440852  0  0
 1.7485 -.6431 -9.734998E-02 -.3745241 -.1004851  .9217562  0  0
 1.7809 -.7639 -9.734998E-02 -.3010044 -8.068739E-02  .9502031  0  0
 1.798 -.7592999 -9.734998E-02  .375934  .1007056  .921158  0  0
 1.7656 -.6385 -9.734998E-02  .3009885  .0806665  .9502099  0  0
 1.7542 -.6416 -9.594998E-02 -.1506701 -4.036586E-02  .9877596  0  0
 1.7865 -.7623 -9.594998E-02 -7.559653E-02 -2.023005E-02  .9969333  0  0
 1.7923 -.7607999 -9.594998E-02  .1510846  4.046021E-02  .9876925  0  0
 1.76 -.64 -9.594998E-02  7.574897E-02  2.025408E-02  .9969212  0  0
 1.7868 -.7621999 -.13935  .2556813 -.9667609  6.839717E-04  0  0
 1.7819 -.7636001 -.13785  .2680727 -.9633929  .003354  0  0
 1.792 -.7609 -.13935  .2559964 -.9666731  2.977544E-03  0  0
 1.7776 -.7647 -.13495  .2539993 -.9672014  2.442171E-03  0  0
 1.7969 -.7595 -.13785  .2578976 -.9661373  8.21005E-03  0  0
 1.8013 -.7584 -.13495  .2577912 -.9661908 -4.351683E-03  0  0
 1.7742 -.7656 -.13085  .2626679 -.9648851  1.500851E-03  0  0
 1.8047 -.7575 -.13085  .262871 -.9648235 -3.803246E-03  0  0
 1.772 -.7662 -.12605  .2597287 -.9656807  1.341141E-03  0  0
 1.8068 -.7569 -.12605  .2541295 -.9671581  4.828942E-03  0  0
 1.7713 -.7664 -.12075  .2577395 -.9662141 -7.671311E-04  0  0
 1.8075 -.7567 -.12075  .25382 -.967251 -9.523513E-04  0  0
 1.772 -.7662 -.11545  .2578309 -.9661872  2.346467E-03  0  0
 1.8068 -.7569 -.11545  .25846 -.9660212  1.15241E-03  0  0
 1.7742 -.7656 -.11065  .2612493 -.9652681 -2.516598E-03  0  0
 1.8047 -.7575 -.11065  .2663849 -.9638643  2.186135E-03  0  0
 1.7776 -.7647 -.10655  .2567157 -.9664866 -8.428055E-04  0  0
 1.8013 -.7584 -.10655  .2576995 -.966225 -4.144286E-04  0  0
 1.7819 -.7636001 -.10365  .2564733 -.9665442 -3.72612E-03  0  0
 1.7969 -.7595 -.10365  .254187 -.967126 -7.503043E-03  0  0
 1.7868 -.7621999 -.1021501  .2647905 -.9643022 -2.704612E-03  0  0
 1.792 -.7609 -.1021501  .2556746 -.9667627  6.843093E-04  0  0
 1.7571 -.6407999 -.12075 -.2592472  .965811  0  0  0
 1.7923 -.7607999 -.14555  .2496301 -.9683406 -1.118764E-03  0  0
 1.7865 -.7623 -.14555  .2666849 -.9637803  2.605997E-03  0  0
 1.7809 -.7639 -.14415  .2572092 -.9663488  3.664995E-03  0  0
 1.798 -.7592999 -.14415  .2606366 -.9653955  8.95118E-03  0  0
 1.7757 -.7652 -.14135  .2524445 -.9676112  6.451821E-04  0  0
 1.8031 -.7578999 -.14135  .2561861 -.9666245  2.407811E-03  0  0
 1.7713 -.7664 -.1373501  .2616965 -.9651501  5.473921E-04  0  0
 1.8075 -.7567 -.1373501  .264754 -.9643102 -3.32845E-03  0  0
 1.768 -.7673 -.13235  .261847 -.9651066  2.318173E-03  0  0
 1.8108 -.7557999 -.13235  .2665194 -.9637923 -8.480503E-03  0  0
 1.766 -.7678 -.12675  .2575395 -.9662677  3.727055E-04  0  0
 1.8129 -.7553 -.12675  .2582679 -.9660727 -1.105664E-03  0  0
 1.7653 -.7679999 -.12075  .2577359 -.9662151  7.428592E-04  0  0
 1.8136 -.7551 -.12075  .2538159 -.9672521  9.140025E-04  0  0
 1.766 -.7678 -.11475  .2596452 -.9657032 -1.29391E-03  0  0
 1.8129 -.7553 -.11475  .2535101 -.9673322  1.012126E-03  0  0
 1.8108 -.7557999 -.10915  .2630347 -.9647812  3.173286E-03  0  0
 1.768 -.7673 -.10915  .2634491 -.9646636 -4.316356E-03  0  0
 1.7713 -.7664 -.10415  .2616965 -.9651501 -5.473891E-04  0  0
 1.8075 -.7567 -.10415  .2647541 -.9643102  3.328432E-03  0  0
 1.7757 -.7652 -.10015  .2522289 -.9676651 -2.219582E-03  0  0
 1.798 -.7592999 -9.734998E-02  .2518806 -.9677302 -7.384847E-03  0  0
 1.8031 -.7578999 -.10015  .2645951 -.9643592  9.356641E-04  0  0
 1.7809 -.7639 -9.734998E-02  .2652955 -.9641595 -3.829194E-03  0  0
 1.7923 -.7607999 -9.594998E-02  .2582051 -.9660859 -2.86951E-03  0  0
 1.7865 -.7623 -9.594998E-02  .2564645 -.9665534 -7.491881E-04  0  0
 1.7485 -.6431 -.14415 -.2572663  .9663405 -4.323664E-04  0  0
 1.7542 -.6416 -.14555 -.2603478  .9655147 -7.025317E-04  0  0
 1.76 -.64 -.14555 -.2624446  .964947  4.340764E-04  0  0
 1.7656 -.6385 -.14415 -.2595617  .9657263  6.325539E-04  0  0
 1.7433 -.6445 -.14135 -.2623603  .9649669  2.435749E-03  0  0
 1.7708 -.6371 -.14135 -.2565091  .9665372  3.005498E-03  0  0
 1.739 -.6457 -.1373501 -.2583471  .9660459 -3.472265E-03  0  0
 1.7751 -.636 -.1373501 -.2562793  .9666014  1.603608E-03  0  0
 1.7357 -.6465001 -.13235 -.2559981  .9666734 -2.740846E-03  0  0
 1.7784 -.6350999 -.13235 -.2604972  .9654667 -3.917407E-03  0  0
 1.7336 -.6471 -.12675 -.2598627  .9656379  3.861031E-03  0  0
 1.7805 -.6345 -.12675 -.2608357  .9653764 -3.618744E-03  0  0
 1.7329 -.6472999 -.12075 -.2594012  .9657696  0  0  0
 1.7812 -.6342999 -.12075 -.2604046  .9654996  0  0  0
 1.7336 -.6471 -.11475 -.2598628  .9656379 -3.861027E-03  0  0
 1.7433 -.6445 -.10015 -.2623603  .9649669 -2.435725E-03  0  0
 1.739 -.6457 -.10415 -.2583471  .9660459  3.472239E-03  0  0
 1.7357 -.6465001 -.10915 -.255998  .9666734  2.74087E-03  0  0
 1.76 -.64 -9.594998E-02 -.2624446  .964947 -4.340743E-04  0  0
 1.7542 -.6416 -9.594998E-02 -.2603478  .9655147  7.025283E-04  0  0
 1.7485 -.6431 -9.734998E-02 -.2572663  .9663405  4.323645E-04  0  0
 1.7751 -.636 -.10415 -.2562794  .9666014 -1.603596E-03  0  0
 1.7708 -.6371 -.10015 -.2565091  .9665371 -3.005469E-03  0  0
 1.7656 -.6385 -9.734998E-02 -.2595617  .9657263 -6.325511E-04  0  0
 1.7805 -.6345 -.11475 -.2608357  .9653764  3.61874E-03  0  0
 1.7784 -.6350999 -.10915 -.2604972  .9654667  3.917442E-03  0  0
 0  2  1
 3  2  0
 4  2  3
 5  4  3
 6  4  5
 6  5  7
 8  1  9
 0  1  8
 10  6  7
 10  7  11
 12  9  13
 8  9  12
 14  10  11
 14  11  15
 16  13  17
 12  13  16
 18  14  15
 18  15  19
 20  17  21
 16  17  20
 22  18  19
 22  19  23
 24  21  25
 20  21  24
 26  22  23
 26  23  27
 28  25  29
 24  25  28
 30  26  27
 30  27  31
 32  29  33
 28  29  32
 34  30  31
 34  31  35
 36  33  37
 32  33  36
 38  34  35
 38  35  39
 40  37  41
 36  37  40
 42  38  39
 42  39  43
 44  41  45
 40  41  44
 46  42  43
 46  43  47
 48  45  49
 44  45  48
 50  46  47
 50  47  51
 51  49  50
 48  49  51
 52  76  75
 53  76  52
 77  76  53
 54  75  78
 52  75  54
 55  77  53
 79  77  55
 56  78  80
 54  78  56
 81  79  55
 57  80  82
 56  80  57
 58  81  55
 83  81  58
 57  82  59
 59  82  84
 60  83  58
 85  83  60
 59  84  86
 61  59  86
 62  85  60
 87  85  62
 61  86  88
 63  61  88
 64  87  62
 89  87  64
 65  63  90
 90  63  88
 89  64  66
 67  65  91
 91  65  90
 92  89  66
 92  66  93
 93  66  68
 69  67  94
 94  67  91
 93  68  95
 95  68  70
 71  69  96
 96  69  97
 97  69  94
 95  70  98
 98  70  72
 73  71  99
 99  71  96
 98  72  100
 100  72  73
 100  73  99
 74  102  101
 103  102  74
 104  103  74
 74  101  105
 106  104  74
 74  105  107
 108  106  74
 74  107  109
 110  108  74
 74  109  111
 112  110  74
 74  111  113
 114  112  74
 74  113  115
 116  74  117
 117  74  118
 118  74  115
 119  74  120
 120  74  121
 121  74  116
 122  74  123
 123  74  124
 124  74  119
 114  74  125
 125  74  126
 126  74  122
MATERIAL 4
TEXTURE 0
FLAG      0
GEOM 23 22 ;Group 13  Black
 1.7819 -.7636001 -.13785  .4790537 -.3347703  .8114409  0  0
 1.7797 -.7253 -.12075  .2579392 -.9661611  0  0  0
 1.7868 -.7621999 -.13935  .2384 -.4001712  .8848889  0  0
 1.792 -.7609 -.13935 -7.169463E-03 -.4650096  .8852766  0  0
 1.7969 -.7595 -.13785 -.2426864 -.5287307  .8133555  0  0
 1.7776 -.7647 -.13495  .6846192 -.2791602  .6733247  0  0
 1.8013 -.7584 -.13495 -.453705 -.5846153  .6725896  0  0
 1.7742 -.7656 -.13085  .8397818 -.2370267  .4884514  0  0
 1.8047 -.7575 -.13085 -.6114792 -.6263927  .4834517  0  0
 1.772 -.7662 -.12605  .9438947 -.2106593  .2543333  0  0
 1.8068 -.7569 -.12605 -.7139391 -.6541567  .24974  0  0
 1.7713 -.7664 -.12075  .9797468 -.2002406  0  0  0
 1.8075 -.7567 -.12075 -.7487231 -.6628829  0  0  0
 1.772 -.7662 -.11545  .9438946 -.21066 -.2543333  0  0
 1.8068 -.7569 -.11545 -.7139386 -.6541572 -.2497399  0  0
 1.7742 -.7656 -.11065  .8397818 -.2370267 -.4884514  0  0
 1.7776 -.7647 -.10655  .6846246 -.2791605 -.673319  0  0
 1.7868 -.7621999 -.1021501  .2383904 -.4001738 -.8848904  0  0
 1.792 -.7609 -.1021501 -7.159909E-03 -.4650071 -.885278  0  0
 1.7819 -.7636001 -.10365  .4790457 -.3347746 -.8114439  0  0
 1.8013 -.7584 -.10655 -.4537095 -.5846182 -.672584  0  0
 1.8047 -.7575 -.11065 -.6114792 -.6263927 -.4834517  0  0
 1.7969 -.7595 -.10365 -.2426774 -.5287305 -.8133584  0  0
 0  2  1
 1  2  3
 1  3  4
 5  0  1
 1  4  6
 7  5  1
 1  6  8
 9  7  1
 1  8  10
 11  9  1
 1  10  12
 13  11  1
 1  12  14
 15  1  16
 13  1  15
 17  1  18
 19  1  17
 16  1  19
 20  1  21
 22  1  20
 18  1  22
 21  1  14
MATERIAL 4
TEXTURE 0
FLAG      0
GEOM 23 22 ;Group 14  Black
 2.7191 -4.2311 -3.33375  .1976597 -.7400642 -.642834  0  0
 2.729 -4.2558 -3.38005  6.966353E-02 -.8738927  .4811014  0  0
 2.7238 -4.2571 -3.38025  .3302543 -.8092428  .4858582  0  0
 2.7191 -4.2593 -3.37915  .5636017 -.7016987  .4358578  0  0
 2.7342 -4.2555 -3.37885 -.1841601 -.8889744  .4192966  0  0
 2.7151 -4.2621 -3.37705  .7591954 -.5603766  .3310593  0  0
 2.7389 -4.2562 -3.37655 -.4264371 -.8523944  .302614  0  0
 2.7123 -4.2655 -3.37405  .9051354 -.3864564  .1771479  0  0
 2.7429 -4.2579 -3.37335 -.6227955 -.7686606  .1458997  0  0
 2.7108 -4.2691 -3.37035  .9776421 -.210248 -3.416608E-03  0  0
 2.7457 -4.2604 -3.36965 -.7666722 -.640434 -4.536558E-02  0  0
 2.7108 -4.2726 -3.36635  .9776862 -.0325073 -.2075405  0  0
 2.7472 -4.2636 -3.36555 -.8392151 -.485068 -.2458192  0  0
 2.7123 -4.2757 -3.36225  .9043788  .1231892 -.4085626  0  0
 2.7472 -4.2671 -3.36155 -.8393547 -.3107437 -.4460068  0  0
 2.7151 -4.2783 -3.35855  .7613527  .2498263 -.5982716  0  0
 2.7457 -4.2706 -3.35785 -.7664208 -.1326565 -.6284913  0  0
 2.7191 -4.2799 -3.35535  .567797  .3331783 -.7527275  0  0
 2.7429 -4.274 -3.35485 -.6224901  3.910431E-02 -.7816501  0  0
 2.7238 -4.2807 -3.35305  .3340352  .36912 -.8672779  0  0
 2.7389 -4.2769 -3.35275 -.4309841  .1804592 -.8841308  0  0
 2.729 -4.2804 -3.35175  7.093278E-02  .3546414 -.9323079  0  0
 2.7342 -4.2791 -3.35165 -.1964095  .2877648 -.9373445  0  0
 0  2  1
 3  2  0
 0  1  4
 5  3  0
 0  4  6
 7  5  0
 0  6  8
 9  7  0
 0  8  10
 11  9  0
 0  10  12
 13  11  0
 0  12  14
 15  13  0
 0  14  16
 17  15  0
 0  16  18
 19  17  0
 0  18  20
 21  19  0
 0  20  22
 22  21  0
MATERIALS 4
Mtl#1_SM-HGA
Mtl#0withTex:ProjectApollo/higain_a_ProjectApollo\HIGAIN_A_
Mtl#0_SM-HGA
Black
MATERIAL Mtl#1_SM-HGA
 .475  .475  .475  1
 .475  .475  .475  1
 .9  .9  .9  1  86
 0  0  0  1
MATERIAL Mtl#0withTex:ProjectApollo/higain_a_ProjectApollo\HIGAIN_A_
 1  1  1  .85
 1  1  1  .85
 1  1  1  .85  0
 0  0  0  .85
MATERIAL Mtl#0_SM-HGA
 .867  .867  .867  1
 .867  .867  .867  1
 .9  .9  .9  1  73
 0  0  0  1
MATERIAL Black
 .073234  .073234  .073234  1
 .073234  .073234  .073234  1
 0  0  0  0
 0  0  0  1
TEXTURES 1
ProjectApollo\HIGAIN_A.dds 
